TCR	Abundance
CASTPGDEQFF	0.1878531073446327
CSAAQYDGGYTF	0.048728813559322
CSVDVTEAFF	0.0084745762711864
CSVEGPGTGRSETQYF	0.0070621468926553
CSALGSYGYTF	0.0070621468926553
CSARGDGYTF	0.0063559322033898
CSVKLGYEQYF	0.0063559322033898
CSAEGVDYTF	0.0063559322033898
CASTDSGGNEQYF	0.0056497175141242
CASSMGTGEYEQYF	0.0049435028248587
CSARGGYEQYF	0.0049435028248587
CSAKQGSGYTF	0.0049435028248587
CAWSGTGRYEQYF	0.0049435028248587
CSALGYGYTF	0.0049435028248587
CASSLIGTGGPDEQFF	0.0049435028248587
CSAQRGGGYGYTF	0.0049435028248587
CSTRGNEQFF	0.0042372881355932
CAWGTVYEQYF	0.0042372881355932
CSVLVGQGVNEQFF	0.0042372881355932
CSVVGGYGYTF	0.0035310734463276
CAWSVMAGGGSPLHF	0.0035310734463276
CSADGTSGEETQYF	0.0035310734463276
CSAIQQADTQYF	0.0035310734463276
CSAGTGIPYEQYF	0.0035310734463276
CSASDHYRHEQYF	0.0035310734463276
CASSQEIGTLWGYTF	0.0028248587570621
CATSREPRSGGYTF	0.0028248587570621
CASSVVAGAGYTF	0.0028248587570621
CSAEGQGGYGYTF	0.0028248587570621
CAWREQGNHYGYTF	0.0028248587570621
CSARTVVETQYF	0.0028248587570621
CSAQGQGAYEQYF	0.0028248587570621
CASSQGISYEQYF	0.0028248587570621
CASSLQGADYTF	0.0028248587570621
CASSEAFHTEAFF	0.0028248587570621
CASSDRQGFYF	0.0028248587570621
CSASSGGTYEQYF	0.0028248587570621
CASSRDGEDEQYF	0.0021186440677966
CSASGPTGAQYF	0.0021186440677966
CASTQIAGGGNYGYTF	0.0021186440677966
CASSVGTGQSPLHF	0.0021186440677966
CSAEDRVVEFF	0.0021186440677966
CASSPQGVYEQYF	0.0021186440677966
CASSVAQTGDYEQYF	0.0021186440677966
CACRYYPPSYEQYF	0.0021186440677966
CAWSVNAGFTGYTF	0.0021186440677966
CSTGSLYNEQFF	0.0021186440677966
CSARVGGGGYTF	0.0021186440677966
CAWSVGGGTSPLHF	0.0021186440677966
CSATAGTSMVLYF	0.0021186440677966
CSVPDRTTEAFF	0.0021186440677966
CSVALTVQETQYF	0.0021186440677966
CSADRDRVEQYF	0.0021186440677966
CAWRGGKEEKLFF	0.0021186440677966
CASSVSGFSYEQYF	0.0021186440677966
CASSQARNTEAFF	0.0021186440677966
CSARAGTNNQPQHF	0.0021186440677966
CSATRGQETQYF	0.0021186440677966
CSATGAVYGYTF	0.0021186440677966
CSARVGYTQYF	0.0021186440677966
CSAPLETQYF	0.0021186440677966
CSARGTLYEQYF	0.0021186440677966
CASSPGVYEQYF	0.0021186440677966
CASSVGQIYEQYF	0.0021186440677966
CSARAAGQPQHF	0.0021186440677966
CSARGTGKNQPQHF	0.0021186440677966
CASSLEGSNQPQHF	0.0021186440677966
CSARGSRLNEQFF	0.0021186440677966
CSARTGNQPQHF	0.0021186440677966
CASSTLTGGYGYTF	0.0021186440677966
CASSLDRGNTGELFF	0.0021186440677966
CSAVDRRNQPQHF	0.0021186440677966
CSARTVGKTQYF	0.0021186440677966
CSVAADPNQPQHF	0.0021186440677966
CSVGQTEAFF	0.0021186440677966
CAWSVSTGNTIYF	0.0021186440677966
CASSPQGTTEAFF	0.0021186440677966
CAWSPSIGGYTF	0.001412429378531
CAWSVQIGGYGYTF	0.001412429378531
CAWSHGGADYGYTF	0.001412429378531
CAWSRTGNSNQPQHF	0.001412429378531
CASSSTDRAGGYTF	0.001412429378531
CASSQDEGRLYNEQFF	0.001412429378531
CASSYTGGQTQYF	0.001412429378531
CAWSHSRGTGELFF	0.001412429378531
CAWKEDALGHEQYF	0.001412429378531
CSARDLNRGHRGYTF	0.001412429378531
CAWSPPGDTEAFF	0.001412429378531
CASSSSFNEQFF	0.001412429378531
CASSQEGGGSYGYTF	0.001412429378531
CASSFSGRPMNTGELFF	0.001412429378531
CASSQDRGSSPLHF	0.001412429378531
CASSLEGAGEQFF	0.001412429378531
CASSSGTGWDGNQPQHF	0.001412429378531
CASSSLRSSGEQYF	0.001412429378531
CSGATGLNQPQHF	0.001412429378531
CASSQENPLGNGYTF	0.001412429378531
CASSQGASGGNEQFF	0.001412429378531
CASSLVLEGYYGYTF	0.001412429378531
CASSQDAHRDNEQFF	0.001412429378531
