TCR	Abundance
CASSSGGQPQHF	0.0262780733414873
CATSDLSINQPQHF	0.0100700098298903
CASQYRGNQPQHF	0.004554765996083
CASSEIVQRGRCQYF	0.0040970382765425
CASSEQPSYEQYF	0.003841911350897
CSVGTGAPNTEAFF	0.0036092956245732
CASSPVELGYEQYF	0.0034292060299999
CASSGWGLGETQYF	0.0030615231077461
CASSLTENYGYTF	0.0029189521787089
CARKGGPSYNSPLHF	0.002686336452385
CASSTRQGQSYEQYF	0.0025362617902406
CASSSTTGGDYGYTF	0.0024462169929539
CASSHRLAGPTDTQYF	0.0020335116720568
CASRPHDQAGELFF	0.0020034967396279
CSGTGNTEAFF	0.0018834370099124
CALGNNEQFF	0.0018083996788402
CSATVNTEAFF	0.001800895945733
CASSLGAGGATDTQYF	0.0017783847464113
CASGTGSLYGYTF	0.001733362347768
CASSLLGTDYGYTF	0.0016583250166958
CASSSLGQFEKLFF	0.0016433175504813
CASSSGGQPQHF	0.0015157540876586
CASSVGQGSEQYF	0.0014932428883369
CASSEGLSSNQPQHF	0.0014182055572647
CASSQPGQGRAFF	0.0014031980910502
CASSWGRTASNSPLHF	0.0012681308951203
CASSHGSYGYTF	0.0012156047633697
CASTIGNNQPQHF	0.0012156047633697
CASSLEHSGNTIYF	0.0012081010302625
CASSLEGEDGYTF	0.0011330636991903
CSAYTSGQTYEQYF	0.0010730338343325
CASSLGGQGGQPQHF	0.0010505226350109
CASSLAGMTGNTIYF	0.0009604778377242678
CASSQDRGFNQPQHF	0.0009454703715098262
CASSLEGGFSYEQYF	0.0009379666384026052
CASSVSLVPYEQYF	0.0008854405066520594
CASSGRGSAYEQYF	0.0008854405066520594
CASSFWTGVNQPQHF	0.0008629293073303968
CASGWRWNTEAFF	0.000855425574223176
CASSPVRTVNYEQYF	0.0008479218411159552
CASSQGDSPLDGYTF	0.0008329143749015135
CASSYKRTGELFF	0.0007953957093654093
CATQGPFSTDTQYF	0.0007878919762581884
CASSSGGQPQHF	0.0007878919762581884
CSVELPGELFF	0.0007578770438293051
CASSVGQTGNTIYF	0.0007578770438293051
CSAIAFSGTSGELFF	0.0006678322465426549
CASSYWEGDYYEQYF	0.0006678322465426549
CATSPTGQGSAGELFF	0.0006678322465426549
CSAKKGLNNSPLHF	0.0005777874492560049
CAIQPGQGAGNTIYF	0.0005777874492560049
CASRVGTGELFF	0.0005477725168271215
CASSDGTSGRTGELFF	0.0005327650506126798
CASSLGRTALNSPLHF	0.0005177575843982381
CARSPGTATGELFF	0.0005102538512910173
CASRTYRAEAFF	0.0004802389188621339
CASSMPGTATTGELFF	0.0004802389188621339
CASRLAGGYSYEQYF	0.0004652314526476922
CASSIVSGTAYGYTF	0.00045022398643325054
CSAKGEGLNEKLFF	0.0004427202533260297
CASSVASGESYEQYF	0.0004352165202188089
CASIPRAGEKNTEQFF	0.0004352165202188089
CASSLASSAYEQYF	0.0004202090540043672
CASSLAGGQETQYF	0.0004052015877899255
CSARPTGANSPLHF	0.0003976978546827046
CASSPSSNYGYTF	0.0003976978546827046
CASSPNSGISPLHF	0.0003901941215754838
CASSLWGSGGFNEQFF	0.00038269038846826297
CASSDGTGGTGELFF	0.00038269038846826297
CASSIGRGRPSNQPQHF	0.0003751866553610421
CASSLSGETQYF	0.0003676829222538213
CASSSGGQPQHF	0.0003526754560393796
CASSLDRATYNSPLHF	0.0003526754560393796
CASSMAATVVEQYF	0.00033766798982493793
CASSTGTGGRQPQHF	0.00033766798982493793
CASSQDKAGGEGYTF	0.0003226605236104962
CASSQDPDREGNQPQHF	0.0003226605236104962
CASSQDLVGSGNTIYF	0.0003151567905032754
CASSLSVPNTGELFF	0.00030765305739605456
CASSRQQGIGYGYTF	0.00030765305739605456
CATKEGQPQHF	0.0003001493242888337
CASCLTGFSEQFF	0.0003001493242888337
CASSAVEVSSYEQYF	0.0003001493242888337
CASRPGTGASNSPLHF	0.00029264559118161285
CASTLGGSGNTEAFF	0.00029264559118161285
CASSKWERTGNNSPLHF	0.000285141858074392
CSVVWDYGTQYF	0.0002776381249671712
CASSEGLGGLYTEAFF	0.0002776381249671712
CASREPADTGELFF	0.0002776381249671712
CASSFGRANYGYTF	0.0002776381249671712
CASTQPGGRETQYF	0.0002776381249671712
CSVGVHQAFF	0.0002701343918599503
CASSPVQGAANYGYTF	0.0002626306587527295
CASSLLAGLSHEQFF	0.0002626306587527295
CASSASGANVLTF	0.00025512692564550864
CASSFADPYGYTF	0.00025512692564550864
CASSLVQGDNSPLHF	0.00025512692564550864
CASSSSGTHYGYTF	0.00025512692564550864
CASSELLAGYRKETQYF	0.0002476231925382878
CASSQFQGRVDEQFF	0.0002476231925382878
