TCR	Abundance
CASTPGDEQFF	0.0674519834332578
CASSQELGDTEAFF	0.0084476305569569
CSAAQYDGGYTF	0.0048925860309042
CASSLIGESENNEQFF	0.0041534183571705
CASTDSGGNEQYF	0.0040595557954265
CASSEAFHTEAFF	0.0037310368293226
CASSYSGNYEQYF	0.0033321209419108
CASSFEQGNYGYTF	0.0023700296840351
CASSPARNTEAFF	0.0022761671222911
CASSLDRGNTGELFF	0.0016543276507374
CASSLIGTGGPDEQFF	0.0016191291900834
CASSFGQRSQFF	0.0014431368868134
CASSQTVSHYEQYF	0.0012436789431075
CASNPEGFLLHTDTQYF	0.0011850148420175
CASSPQRNTEAFF	0.0010794194600556
CASSYGGGKNIQYF	0.000997289718529643
CSASVDSGTQETQYF	0.0009503584376576598
CASSGGGYHSNQDSGNTIYF	0.000879961516349685
CASSYSGNTEAFF	0.0008682286961316892
CASSQTERTEAFF	0.000762633314169727
CASSPQDRDFSPLGSYEQYF	0.0006922363928617522
CASSLAAGQNEQFF	0.0006570379322077648
CASSLEGTGSFYGYTF	0.0006570379322077648
CASSRRTATNTEAFF	0.0006218394715537774
CASSLRYTGELFF	0.0006101066513357815
CASSSSRWDRGSKGYTF	0.000527976909809811
CASSHPGLSSYNEQFF	0.000527976909809811
CSATGLEGDIQYF	0.0005045112693738194
CASTGGNSPLHF	0.0004810456289378278
CASSVDGAGINEKLFF	0.0003989158874118572
CASSLGLEAFF	0.0003989158874118572
CASTPIEGQADTQYF	0.0003989158874118572
CASSLQGGNYGYTF	0.0003989158874118572
CASSLDQWTGSETQYF	0.0003989158874118572
CASMADRGRPQHF	0.0003871830671938614
CSARDLGSEKLFF	0.0003871830671938614
CASSVGAGMGSQDEQYF	0.0003754502469758656
CASSPWTSGGYEQYF	0.0003754502469758656
CASSLGRNGYTF	0.0003754502469758656
CASSPGLAGGTYEQYF	0.000351984606539874
CASSGGNQPQHF	0.0003167861458858866
CASSLTAGLDEQFF	0.0003050533256678908
CASGFPRMGAGQETQYF	0.000293320505449895
CASSLGEGWDGYTF	0.000293320505449895
CASSVGVNSYNSPLHF	0.0002581220447959076
CASSMGTGEYEQYF	0.0002463892245779118
CASSPARNTEAFF	0.0002463892245779118
CSARDPSRQSYGYTF	0.0002463892245779118
CASSTRTSGRNTDTQYF	0.000234656404359916
CASSPYSGNRAHYGYTF	0.000234656404359916
CASSERKNSPLHF	0.000234656404359916
CASSYGTSGAETQYF	0.000234656404359916
CASSVGGSGSNEQFF	0.0002229235841419202
CASSQAERSTGVSNQPQHF	0.0002229235841419202
CASNGFGLSTEAFF	0.0002229235841419202
CATSREDGGAYEQYF	0.0002229235841419202
CASSYGFDTQYF	0.0002111907639239244
CASNREGDRNQPQHF	0.0002111907639239244
CASSVYRGPTSTSTDTQYF	0.0002111907639239244
CAISERMGEQFF	0.0002111907639239244
CASSSGFEGGLGYTF	0.0002111907639239244
CASSSRTGASTDTQYF	0.0002111907639239244
CASSSHDGQGAGSPLHF	0.00019945794370592856
CSAYPQGLSGGYEQYF	0.00019945794370592856
CASSATGLEETQYF	0.00019945794370592856
CASSYPAIGYTF	0.00019945794370592856
CASSLQGGNYGYTF	0.00019945794370592856
CASSFRTGYIGELFF	0.00019945794370592856
CATSRVQGSGANVLTF	0.00019945794370592856
CATTSPVLNTEAFF	0.0001877251234879328
CASSEGVLNSPLHF	0.0001877251234879328
CASSLGQENTYEQYF	0.0001877251234879328
CSARTGSSPGELFF	0.0001877251234879328
CASSLGLTSNQPQHF	0.0001877251234879328
CSARDPGVDTSLAFF	0.000175992303269937
CAWREQGNHYGYTF	0.000175992303269937
CASSLRTGRKGNEQYF	0.000175992303269937
CASSQGGVVNTGELFF	0.0001642594830519412
CASRTTGFALHF	0.0001642594830519412
CASSLGRWLETQYF	0.0001642594830519412
CASRTSGVSAGELFF	0.0001642594830519412
CSGATGLNQPQHF	0.0001525266628339454
CASSRTVNGELFF	0.0001525266628339454
CASSRTGTGPSTDTQYF	0.0001525266628339454
CASSLVGTGELFF	0.0001525266628339454
CASRGSRQGSTDTQYF	0.0001525266628339454
CASSFETGGALLYGYTF	0.0001525266628339454
CSADGTSGEETQYF	0.0001407938426159496
CASRGRSSYNEQFF	0.0001407938426159496
CASSIDRGTEAFF	0.0001407938426159496
CASSVQGYEQYF	0.0001407938426159496
CASSPARNTEAFF	0.0001407938426159496
CASSLYSWGSGNTIYF	0.0001407938426159496
CASSLVSGPHNEQFF	0.0001407938426159496
CASSLSGGAADTQYF	0.0001407938426159496
CASSPSQRGGPAKNIQYF	0.0001407938426159496
CASSVGMGEVAEAFF	0.0001407938426159496
CASSLGAGGTYEQYF	0.0001290610223979538
CASSPDRNEAFF	0.0001290610223979538
CASSRQGYEQYF	0.0001290610223979538
