TCR	Abundance
CASSADRNEQFF	0.1363090392900395
CASSLYPVSSYNEQFF	0.0914054279417895
CASSRDRLNSPLHF	0.0321626397188747
CASSFRGGYEQYF	0.0202058806011634
CASTPHGTGGSYEQYF	0.0135003672894041
CASDGRGETQYF	0.0132323452917469
CSVEGDRGRSETQYF	0.0128799459985308
CSASPPVANTDTQYF	0.0124729496317179
CATSIQPGEKLFF	0.0070082789017054
CASSSTHRGAGGYTF	0.0057178026166888
CASGSRDLNEQFF	0.0056979491353808
CASSPQGWHYGYTF	0.0056830590243999
CSAFDPGTGENGYTF	0.0052264289543171
CASSLGTSVHNEQFF	0.0045712640711548
CASSPLTGTGYYGYTF	0.0043975461097103
CASSLDVTGGSRKLFF	0.0042684984812086
CASSNGYNEQFF	0.0034942127101987
CASSQTDRGANYGYTF	0.0032658976751573
CASSLSRGLLNGYTF	0.0028986082709603
CVTRRENTEAFF	0.0028589013083444
CASSPDTTNEKLFF	0.0027348170501697
CASTPWDRAYEQYF	0.002620659532649
CSASEGSGETQYF	0.0025114653854553
CASSGGLELFF	0.0022831503504139
CASSVGHNQPQHF	0.002228553276817
CASSLLGREILFF	0.0021292858702773
CASSMGSPGVSYGYTF	0.0020449085747185
CASSVRGSGLNTEAFF	0.001876153983601
CASNAGLNTGELFF	0.001866227242947
CSATGLAGDYEQYF	0.0017967400583692
CASSPGTSGSAYEQYF	0.0017024360221564
CASSPPQGVSYNEQFF	0.001484047727769
CASSASRTSANTGELFF	0.0012557326927276
CASSLLQGPIDDQPQHF	0.00097282058408942
CASSATGTSYGYTF	0.0009529671027814728
CASSQEQISSYNEQFF	0.0009331136214735254
CSVFGLSGSYEQYF	0.0009082967698385912
CASSRDRLNSPLHF	0.0008934066588576307
CASSYSGGGLDTQYF	0.0008288828446068018
CASSRDRLNSPLHF	0.0007792491413369335
CASTIGGPNQPQHF	0.0007643590303559729
CASSQTGEFNTDTQYF	0.000729615438067065
CASSPLQSGANVLTF	0.0007196886974130914
CAWRPQGDPFDYTF	0.0007047985864321309
CASSYTQGREQYF	0.0006502015128352756
CASSTLPLYGYTF	0.000640274772181302
CASSPPLLAASPTDTQYF	0.000640274772181302
CASSARDRGSEQYF	0.000640274772181302
CASSYPGQGLYNEQFF	0.0006253846612003414
CASSSTHRGAGGYTF	0.0006204212908733546
CASGRGSGLPDTQYF	0.0005906410689114337
CSVERSTGRMETQYF	0.0005856776985844467
CSVEAGGFNRYTF	0.0005509341062955389
CASSLSIRGDYGYTF	0.0005509341062955389
CSARDRSYTGELFF	0.0005459707359685521
CATSIDTGELFF	0.0005310806249875916
CASSLLYGYTF	0.0005013004030256706
CASSVVAERNTIYF	0.0004963370326986837
CASSPGSASYGYTF	0.0004814469217177232
CASSLSDTQYF	0.0004615934404097759
CSARGMDVEQYF	0.00045663007008278893
CASSLSRGLLNEQFF	0.0004417399591018285
CASSSLTGNYGYTF	0.0004417399591018285
CASRPTGGGLYNEQFF	0.000426849848120868
CASSFDTNYGYTF	0.0004218864777938812
CASSLARGKGQETQYF	0.0004069963668129207
CSAEGSGVVGETQYF	0.0004069963668129207
CASSMGYNEQFF	0.0004020329964859338
CASTSRGANTEAFF	0.0004020329964859338
CASSRTGCYEQYF	0.00039706962615894696
CASSESGIQYF	0.00039706962615894696
CASSYSVYGETQYF	0.00039210625583196014
CASSPSVSYEQYF	0.0003871428855049733
CASSQDKAVKYYGYTF	0.0003821795151779864
CASSLEAGAAGEQFF	0.000367289404197026
CASSYPNTEAFF	0.0003623260338700391
CASISSGAGETQYF	0.0003623260338700391
CSARVLSVETQYF	0.0003623260338700391
CASSEWTGYQPQHF	0.0003573626635430523
CATSGRGVEAFF	0.00035239929321606545
CSARGPVTYEQYF	0.00035239929321606545
CASSLRTPQETQYF	0.0003474359228890786
CASSPGTPRDEQFF	0.00034247255256209176
CASSPTGFQETQYF	0.00034247255256209176
CASSGRTVGDPSEAFF	0.00034247255256209176
CASTLLREADTQYF	0.00032758244158113123
CASSPPAAPNYGYTF	0.0003226190712541444
CASSNGAGRNEKLFF	0.0003126923306001707
CASSSRTGGPYEQYF	0.0003126923306001707
CASSEDMAGPGYTF	0.0003126923306001707
CASSKVRLAGANEQFF	0.0003077289602731839
CASSVGQGGYTF	0.00030276558994619707
CASTGLQGNGYTF	0.00029780221961921025
CASGLELNTEAFF	0.00029283884929222337
CASSQEGGGAYEQYF	0.0002878754789652365
CASSVVPHWGYEQFF	0.00028291210863824973
CASSQGGSSGRLNYYEQYF	0.00028291210863824973
CASSQVPSGSYEQYF	0.00028291210863824973
CASSIRSTDTQYF	0.00027298536798427603
CASSQEGNPSGTDTQYF	0.00027298536798427603
