TCR	Abundance
CASSQAGGLTNYGYTF	0.0102898112856744
CASSLEGVGDRTTPGNQPQHF	0.0088546992655944
CASSQAVTSTDTQYF	0.0076345635400204
CASSFPGVGGETQYF	0.0066410244491958
CASSFRGPRELFF	0.0050257971553407
CAWRHSLMNTEAFF	0.0018534442688481
CASSPSLGTDTQYF	0.0015745561030026
CASSLEYGGRPYEQYF	0.001406061169471
CASSRRGGGELFF	0.0012666170865482
CASSLYMVGKTGYTF	0.0012549967463047
CASSQVRGASYEQYF	0.0011329831737473
CSARDPGGLYEQYF	0.0010516407920423
CASSSFLWNEQFF	0.0009644882402156736
CASSQDRSRLGGETQYF	0.0007437017755879892
CATTQGLNAGANVLTF	0.000737891605466208
CASSAGPATGELFF	0.0006739797341266152
CASSLEGSLGNTIYF	0.0006158780329088035
CASSPMGRVLGEQYF	0.0005461559914474296
CASRMATTGRGYTF	0.0005403458213256485
CASSSPTGTGSRDYEQYF	0.0005345356512038672
CASSIRTSYEQYF	0.0005171051408385238
CASSQERWGYNEQFF	0.0005171051408385238
CASSIKAGTHEQYF	0.0005112949707167426
CAWSVRLDPGELFF	0.0005054848005949615
CASSFRGTGELFF	0.0004880542902296179
CASSQGLLAGDQQFF	0.0004822441201078368
CSVSQTGNGYTF	0.0004590034396207121
CASSLGGADSPLHF	0.0004590034396207121
CASSLGGAEETQYF	0.0004473830993771498
CSARDLYQMGMDYEQYF	0.0004415729292553686
CASSYRGTGELFF	0.0004415729292553686
CASSLDAGNYGYTF	0.0004299525890118063
CASSSTGNYNEQFF	0.0003950915682811193
CSAQGVAGAYWNEQFF	0.0003718508877939946
CASGGGTSYEQYF	0.0003718508877939946
CASSDFEGGLIRTGELFF	0.0003660407176722134
CASSHRGKRSPLHF	0.0003660407176722134
CASSRTATNGYTF	0.0003660407176722134
CSARTAGDGYTF	0.00036023054755043225
CASSSKGTVTGDTQYF	0.0003486102073068699
CASSGQINQPQHF	0.0003486102073068699
CASSSQGLGTYEQYF	0.0003369898670633076
CASSLTVGLEAFF	0.00033117969694152643
CASNEPGSGELFF	0.00033117969694152643
CASSLTGGLRQPQHF	0.00032536952681974527
CASSPWQGWDGYTF	0.0003195593566979641
CSAALAGGNYEQYF	0.0003195593566979641
CSVEGGTIYEQYF	0.0003195593566979641
CASSGTSGGADTQYF	0.00031374918657618294
CAIWTGTGFEEAFF	0.00031374918657618294
CASSQGLAYEQYF	0.00030793901645440177
CASSVGGSPLHF	0.00030793901645440177
CASRNSGSNTEAFF	0.0002905085060890583
CASSQDWDHDEQYF	0.0002905085060890583
CASSFIDRYNSPLHF	0.0002905085060890583
CASSPSTGTEAFF	0.0002905085060890583
CASSLSMGLTEGYTF	0.0002846983359672771
CATHNWGYEQYF	0.0002846983359672771
CASSLGYSANYGYTF	0.0002846983359672771
CASSLGQGADEQFF	0.00027888816584549595
CASRPANTEAFF	0.00027888816584549595
CATSPGPNYEQYF	0.0002730779957237148
CAIKTGEANEAFF	0.0002672678256019336
CASSRDSTEAFF	0.00026145765548015246
CASSGDRGNTIYF	0.00026145765548015246
CASTQGLHSYNEQFF	0.0002556474853583713
CASSHRDRNYEQYF	0.0002556474853583713
CASSEGLSYEQYF	0.00024983731523659013
CASSYYQTGANTGELFF	0.00024983731523659013
CASSQWDGSTYEQYF	0.00024402714511480896
CSVWGTGTSYEQYF	0.0002382169749930278
CASSIGGDEQFF	0.0002382169749930278
CASSFDRDSLNEKLFF	0.0002382169749930278
CATRGTSGRNEQFF	0.00023240680487124663
CATDREGGYTF	0.00022659663474946547
CASSQVLLLEQYF	0.00022659663474946547
CASSGDRERPQHF	0.00022659663474946547
CASSLSQGTQPQHF	0.0002207864646276843
CASSLLAGGYNEQFF	0.0002207864646276843
CSAPGTGPHEQYF	0.0002207864646276843
CAWSRLDAYEQYF	0.00021497629450590317
CASSGRTNTGELFF	0.00021497629450590317
CASSQDWDTYEQYF	0.00021497629450590317
CAWRLPGLIYNEQFF	0.00021497629450590317
CASGGNTQYF	0.000209166124384122
CASSSGVSYEQYF	0.0002033559542623408
CARSPGHNQPQHF	0.0002033559542623408
CAWSWTSGDNAKNIQYF	0.0002033559542623408
CASSQDRTGSYEQYF	0.00019754578414055965
CASSEGLYEQYF	0.00019754578414055965
CASSQAGGLTNYGYTF	0.00019754578414055965
CASSIGLAGGPSTDTQYF	0.00019754578414055965
CASAGTGSPLHF	0.00019754578414055965
CASSSDLMNTEAFF	0.00019754578414055965
CASIRAGAFTDTQYF	0.00019754578414055965
CASSHQQGGEQYF	0.00019754578414055965
CAISEFSRTGYEQYF	0.00019173561401877848
CASSRFEGDDYGYTF	0.0001859254438969973
CASRHPDRPTDTQYF	0.0001859254438969973
CASSHDTSNQPQHF	0.0001859254438969973
