TCR	Abundance
CASSLAQDERDSPLHF	0.0097588978185993
CATSDPSGGLGTGELFF	0.0086107921928817
CASSQGPQGTLTDTQYF	0.0080367393800229
CASSATGQPQHF	0.0048794489092996
CASSLGTGGNSPLHF	0.0045924225028702
CASSLTVNTEAFF	0.0040183696900114
CASSQVTGSSNTEAFF	0.0040183696900114
CASSLGGTGFAMGNQPQHF	0.0034443168771526
CSAHHSGRNTGELFF	0.0031572904707233
CSARDLRRLSTNEKLFF	0.0028702640642939
CASSFLGGGDPNEQFF	0.0022962112514351
CASSPTHRRVYYGYTF	0.0022962112514351
CASSLIKGGYYEQYF	0.0022962112514351
CASSPIPDTQYF	0.0022962112514351
CASSLVQADEAFF	0.0020091848450057
CASNFPHEQYF	0.0017221584385763
CASSYSEGAGANVLTF	0.0014351320321469
CASSSRRGYNEQFF	0.0014351320321469
CASSPGTRRETQYF	0.0014351320321469
CASSVDRAGYTF	0.0011481056257175
CAISVRGEVNTEAFF	0.0011481056257175
CASSLIVADEQFF	0.0011481056257175
CASSTTALLNTEAFF	0.0011481056257175
CASSPDTLRETQYF	0.0011481056257175
CASSLGQENTEAFF	0.0008610792192881745
CASRGINEKLFF	0.0008610792192881745
CASTGTTLYYGYTF	0.0008610792192881745
CASSLARRGATDTQYF	0.0008610792192881745
CASSFPGGYGYTF	0.0008610792192881745
CASSHPGHLWGTLSSGNTIYF	0.0008610792192881745
CASSVAKETQYF	0.0008610792192881745
CASRGEGAYYEQYF	0.0008610792192881745
CSARDWLRGAPEETQYF	0.0008610792192881745
CASSAYRAGELFF	0.000574052812858783
CATSRGGANTGELFF	0.000574052812858783
CSSKEGEKLFF	0.000574052812858783
CASSLGVTEANSPLHF	0.000574052812858783
CAISESARESTEAFF	0.000574052812858783
CSASTGTGYEKLFF	0.000574052812858783
CASLGRTEDGYEQYF	0.000574052812858783
CAISANPQNTIYF	0.000574052812858783
CASSERNTGELFF	0.000574052812858783
CASGSWLRSGEAFF	0.000574052812858783
CASSLGPNTEAFF	0.000574052812858783
CASSTPRDQGGNTEAFF	0.000574052812858783
CASSFGRYLSSLHF	0.000574052812858783
CASSQGFPARAYGYTF	0.000574052812858783
CASSQVQGVPYF	0.000574052812858783
CASSLQISGNTIYF	0.000574052812858783
CASRETASGANVLTF	0.000574052812858783
CSARGETQYF	0.000574052812858783
CAIATVSADTQYF	0.000574052812858783
CATSDLGGDTGELFF	0.000574052812858783
CSAGRVEGDYGYTF	0.000574052812858783
CASRKSGTVVGYTF	0.000574052812858783
CASSEAVVFLQGRANYGYTF	0.000574052812858783
CASSVEPGLAVNEQFF	0.000574052812858783
CATSDSTGDTEAFF	0.000574052812858783
CASSFSRVVGASSTNEKLFF	0.000574052812858783
CASSPPAVSYGYTF	0.000574052812858783
CASSPSGPRQFF	0.000574052812858783
CASSYYSSSSYNEQFF	0.000574052812858783
CASSPRLAGDNEQFF	0.000574052812858783
CASSYGGAGANVLTF	0.000574052812858783
CSASIRVAGETDTQYF	0.000574052812858783
CASSLVVSDEQFF	0.000574052812858783
CASSSGPSLQPQHF	0.000574052812858783
CASSYLRTGELFF	0.000574052812858783
CASSLRRDERQETQYF	0.000574052812858783
CASNRDHSGNTIYF	0.000574052812858783
CATRDRGNTGELFF	0.000574052812858783
CASSFLGTGELFF	0.000574052812858783
CASSATGAISGANVLTF	0.000574052812858783
CASTWDLAGAGELFF	0.000574052812858783
CASSRSGSSTDTQYF	0.000574052812858783
CASRPSGGRGGELFF	0.000574052812858783
CASSSQGGQGAGELFF	0.000574052812858783
CASSLWGQPQHF	0.000574052812858783
CASKGTGPQNTGELFF	0.000574052812858783
CASSFFRLSHNEQFF	0.000574052812858783
CGQGVRFDTQYF	0.000574052812858783
CASSGQGGGETQYF	0.000574052812858783
CASGEVGETQYF	0.000574052812858783
CASSQVRGDPTSSYEQYF	0.000574052812858783
CARGQGGRTDTQYF	0.000574052812858783
CATSDLYRAEAFF	0.000574052812858783
CATSDYRGSGANVLTF	0.000574052812858783
CASSLVKGTYGYTF	0.000574052812858783
CASSPGGPYGYTF	0.000574052812858783
CASSYIAGPTDTQYF	0.000574052812858783
CASSRRNTEAFF	0.000574052812858783
CASSPGANYGYTF	0.000574052812858783
CASSAGGASRNTIYF	0.000574052812858783
CASSYSMASTYEQYF	0.000574052812858783
CASHPQGRRGTEAFF	0.000574052812858783
CSARGPTGINEKLFF	0.000574052812858783
CASSLGRLTLYGYTF	0.000574052812858783
CASSPLLPKGYEQYF	0.000574052812858783
CASSHTSVRADTQYF	0.000574052812858783
CASSFQVALHF	0.000574052812858783
