TCR	Abundance
CASSLAQDERDSPLHF	0.022162386081193
CATSDPSGGLGTGELFF	0.0153272576636288
CASSATGQPQHF	0.0107705053852526
CASSLGTGGNSPLHF	0.0068351284175642
CASSLVQADEAFF	0.0057995028997514
CASSQVTGSSNTEAFF	0.0057995028997514
CASSPGTRRETQYF	0.0051781275890637
CASSLTVNTEAFF	0.0047638773819386
CASSPTHRRVYYGYTF	0.0045567522783761
CASSLIKGGYYEQYF	0.0037282518641259
CASSQGPQGTLTDTQYF	0.0037282518641259
CASSLGGTGFAMGNQPQHF	0.0037282518641259
CASSFLGGGDPNEQFF	0.0037282518641259
CSARDLRRLSTNEKLFF	0.0033140016570008
CASSYSEGAGANVLTF	0.0033140016570008
CAISVRGEVNTEAFF	0.0028997514498757
CASNFPHEQYF	0.002278376139188
CASSLIVADEQFF	0.002278376139188
CASSPIPDTQYF	0.002278376139188
CASSVDRAGYTF	0.0018641259320629
CASSDTSGGYEQYF	0.0018641259320629
CASSAYRAGELFF	0.0018641259320629
CASSSRRGYNEQFF	0.0014498757249378
CASSTTALLNTEAFF	0.0014498757249378
CASTGTTLYYGYTF	0.0012427506213753
CASSLLRSPENSPLHF	0.0012427506213753
CASSPDTLRETQYF	0.0012427506213753
CASSHPGHLWGTLSSGNTIYF	0.0012427506213753
CASGTFSYEQYF	0.0012427506213753
CASSLGQENTEAFF	0.0010356255178127
CASSLGRLTLYGYTF	0.0010356255178127
CASSLAKDERDSPLHF	0.0010356255178127
CASSLARRGATDTQYF	0.0010356255178127
CASSDSIRGGTGELFF	0.0008285004142502071
CASSRVNQGYYGYTF	0.0008285004142502071
CASSFPGGYGYTF	0.0008285004142502071
CASGDQGGKTGELFF	0.0008285004142502071
CASSYEGWNTEAFF	0.0006213753106876554
CASSYLRTGELFF	0.0006213753106876554
CSAAILAGTEQFF	0.0006213753106876554
CASSIYRGEELFF	0.0006213753106876554
CASRGINEKLFF	0.0006213753106876554
CASSQVRGDPTSSYEQYF	0.0006213753106876554
CASTPRDKNIQYF	0.0006213753106876554
CASSQGTGGSDYGYTF	0.0006213753106876554
CSASPGGSYNEQFF	0.0006213753106876554
CASSVEAGTYNEQFF	0.0006213753106876554
CASSSDRGQLKRVNTEAFF	0.0006213753106876554
CSARDPRSYTGELFF	0.0006213753106876554
CAIATVSADTQYF	0.0006213753106876554
CAIRSDRHHADSNYGYTF	0.0006213753106876554
CASSLVVSDEQFF	0.0006213753106876554
CASSRLTSGYNEQFF	0.0006213753106876554
CASSWPGNNEQFF	0.0006213753106876554
CASSQVSTGSPLHF	0.0006213753106876554
CASSYSTGSEQFF	0.00041425020712510354
CSARIWDRVYGYTF	0.00041425020712510354
CASSSPSRYTEAFF	0.00041425020712510354
CSASLGQGNTGELFF	0.00041425020712510354
CASSLVLEEKLFF	0.00041425020712510354
CASSLGRVGSPLHF	0.00041425020712510354
CASSFLGTGELFF	0.00041425020712510354
CASSLVKETQYF	0.00041425020712510354
CASSFVQGDEQYF	0.00041425020712510354
CATSDSTGDTEAFF	0.00041425020712510354
CASSFTKVAGGTDTQYF	0.00041425020712510354
CASSLKRGQPQHF	0.00041425020712510354
CSAHHSGRNTGELFF	0.00041425020712510354
CASSLQISGNTIYF	0.00041425020712510354
CATSDLGGDTGELFF	0.00041425020712510354
CSARDWLRGAPEETQYF	0.00041425020712510354
CASSSQGAQETQYF	0.00041425020712510354
CSASRLTLGNTIYF	0.00041425020712510354
CAIQVAGTNVLTF	0.00041425020712510354
CASSAGQLGEQFF	0.00041425020712510354
CASSDRQGINTGELFF	0.00041425020712510354
CASSFSQMDEQYF	0.00041425020712510354
CASSRDGKTDYGYTF	0.00041425020712510354
CASSQDTRELVDEKLFF	0.00041425020712510354
CASGEVGETQYF	0.00041425020712510354
CASSPSLATNEKLFF	0.00041425020712510354
CASSHTSVRADTQYF	0.00041425020712510354
CSARWGNTEAFF	0.00041425020712510354
CATQQGAGGYTF	0.00041425020712510354
CATSTGEVEKLFF	0.00041425020712510354
CATSDQPPYNEQFF	0.00041425020712510354
CASSLDTSGGAMADTQYF	0.00041425020712510354
CSAGGGRLAEGDTQYF	0.00041425020712510354
CASSPGTGLNTEAFF	0.00041425020712510354
CASSTPRDQGGNTEAFF	0.00041425020712510354
CASRPRTGDGTEAFF	0.00041425020712510354
CASSPPGQLYTGELFF	0.00041425020712510354
CASRGTGIEPQHF	0.00041425020712510354
CASSYIAGPTDTQYF	0.00041425020712510354
CASRRRDTGANVLTF	0.00041425020712510354
CASSVDGTGETQYF	0.00041425020712510354
CASSQFYRGANYGYTF	0.00041425020712510354
CASSSDGGSTDTQYF	0.00041425020712510354
CASSLSANTEAFF	0.00041425020712510354
CASSSRGQPQHF	0.00041425020712510354
