TCR	Abundance
CASSLSLGHHEKLFF	0.00929660231877
CASSPGTTYEQYF	0.0071443944342032
CASTPGANTEAFF	0.0060168246512019
CSAPGLAGDSVYNEQFF	0.0049079697193708
CASSLAGRGSDEQYF	0.0043792751738141
CASSESVGTDTQYF	0.0034341751897218
CSAIEVEGGNTEAFF	0.0027042959940861
CVTGLNTGELFF	0.002442288077704
CASSQSPGGTQYF	0.001988452936828
CSAVQGSGETQYF	0.0018714851170146
CASSPSGGTGEKLFF	0.0018340554146743
CASSELAGVGDTQYF	0.0014550796784788
CATNPSGGAGETQYF	0.0014270074017236
CASRFGQTNTEAFF	0.0013942564121758
CSAPDGGGPVYEQYF	0.001221144038852
CASRHGVGPNEQFF	0.0011088549318311
CARSGQRQGWGTSNQPQHF	0.0009918871120177418
CASSPGTTYEQYF	0.0009638148352625226
CASSIREVGELFF	0.00094042127129984
CSARGLALPYNEQFF	0.0007860237491461349
CASSSSGSNQPQHF	0.0006924494932954046
CSASPRARALETQYF	0.0006737346421252585
CSAGLYSGGATETQYF	0.0005754816734819916
CASSPGDRDLGEQYF	0.0005614455351043821
CASSPDSGANVLTF	0.0004959435560088709
CASSRDRGGSPLHF	0.0004912648432163344
CASSERGNGYTF	0.0004865861304237978
CASSFLQGILNTEAFF	0.0004631925664611152
CASSPGRRTMNTEAFF	0.0004585138536685787
CAWSLGGGTEAFF	0.0004491564280835057
CSASPPDRNTEAFF	0.0004491564280835057
CSATGLDLSSEQYF	0.0004304415769133596
CASSSAYYGYTF	0.000407048012950677
CASSPQTTATDTQYF	0.000407048012950677
CSARDQGDTDTQYF	0.000397690587365604
CSAREGTAYTGELFF	0.0003836544489879944
CASSIGIRYGYTF	0.00037429702340292136
CASSPTGTGEGNQPQHF	0.0003509034594402388
CSARLSNQPQHF	0.00033218860827009274
CASSRDSSYNEQFF	0.0003228311826850197
CATSDNKNQPQHF	0.0003134737570999467
CASSRDNGSPLHF	0.0003041163315148736
CSARAAGWGTYEQYF	0.0002994376187223371
CASSFYAAGLDEQYF	0.00029008019313726406
CSARPGGVTGLQPQHF	0.00028540148034472755
CASAGTGNQPQHF	0.00028540148034472755
CATQLGLASDTQYF	0.00028072276755219104
CASSLTRGYNYGYTF	0.0002760440547596545
CASSERGNGYTF	0.0002666866291745815
CSASLAGLSSGANVLTF	0.00025732920358950847
CAWSAGSNQPQHF	0.00025265049079697195
CASTGGARYEQYF	0.00024797177800443544
CASSLGSSYNSPLHF	0.0002386143524193624
CASSSGQGDSPLHF	0.00023393563962682587
CASSLDRVKETQYF	0.00022925692683428936
CSARDDRDTDTQYF	0.00022457821404175284
CASSVDRGRMNTEAFF	0.00022457821404175284
CASSWAGVDEQFF	0.0002198995012492163
CASSQGQVPPLHF	0.0002198995012492163
CASTAPGWGDTQYF	0.0002198995012492163
CSASLTGGSENTEAFF	0.0002152207884566798
CASSPPLGTAGDYGYTF	0.0002152207884566798
CASSWIVNTEAFF	0.0002152207884566798
CASRDRGNTGELFF	0.0002152207884566798
CASSQESTTGANVLTF	0.0002058633628716068
CASSLTGTGIEDEQYF	0.00020118465007907025
CASSEGQFPGNTEAFF	0.0001965059372865337
CASSEGYGYTF	0.0001965059372865337
CATSDSAGSGANVLTF	0.0001918272244939972
CASRQTNQPQHF	0.0001918272244939972
CASSYSELEVGSPPGETQYF	0.00018714851170146068
CSARDGTGANEQFF	0.00017779108611638763
CASSVLQGANGYTF	0.00017779108611638763
CASSSPRGASGGYTF	0.00017779108611638763
CSARASEVNIQYF	0.00017311237332385114
CASTPFGGLSNIQYF	0.00016843366053131463
CASGTGTGFSGTNYGYTF	0.00016843366053131463
CSARSQVGNTIYF	0.00016843366053131463
CASSLSGTKNIQYF	0.00016843366053131463
CASSLEQFNYGYTF	0.00016843366053131463
CASSMQGGGYEQYF	0.0001637549477387781
CSATPGSPNQPQHF	0.0001637549477387781
CASSEFMNTEAFF	0.0001637549477387781
CASRRTDHQPQHF	0.0001637549477387781
CASSYVGTTEAFF	0.0001637549477387781
CSARDERDTDTQYF	0.0001637549477387781
CASSLSSGAYEQYF	0.0001637549477387781
CSATSPGDTGELFF	0.0001637549477387781
CASSDGRNSYEQYF	0.0001590762349462416
CASSPGQGGAEAFF	0.0001590762349462416
CASSPSGGAGETQYF	0.00015439752215370509
CAWSVGVDQPQHF	0.00015439752215370509
CASSSEVRKHEQYF	0.00015439752215370509
CASSWKGGTDEQYF	0.00015439752215370509
CASSQDKYEQYF	0.00014971880936116857
CASSLSYGPGYEQYF	0.00014971880936116857
CASSHRQGTNYGYTF	0.00014971880936116857
CATTKGLAGVREQYF	0.00014971880936116857
CASSSNTIAKNIQYF	0.00014971880936116857
CASTPGANTEAFF	0.00014504009656863203
