TCR	Abundance
CASQGLGTEAFF	0.0277119334793955
CASSSRERETQYF	0.0251022559876769
CSAVDRGLVIDGYTF	0.0247508094486775
CASRPGTAYGYTF	0.0190603665512625
CASSLGRFGGDGGYTF	0.0172283579969042
CASSKGQGAHYNEQFF	0.0092348186311531
CASSYSLGQQNQPQHF	0.0079187635063895
CASSQGSNQPQHF	0.0060418894364143
CASSYGLEAFF	0.0055558463505641
CASSFHETQGAGSPLHF	0.0039032998586736
CASSLSRGVGRGPFTDTQYF	0.0034695998743765
CASSLTGGHFQPQHF	0.0031779740228664
CASSSDGNTGELFF	0.0031630188509941
CASSLDLGRGTDTQYF	0.0026395878354631
CASSEWTGDTGELFF	0.0021759775074215
CASSYFVFGSPLHF	0.0021012016480599
CASSIIGNQPQHF	0.001914261999656
CASSVARVQSEPQHF	0.0017572326949967
CASGEGALYNSPLHF	0.0016899344215713
CASSYGLESLF	0.0016824568356351
CASSADGGIANQPQHF	0.0016824568356351
CASSFMDLRGKASPLHF	0.0016226361481459
CSVDSTLRDRVGNEQFF	0.0014805620153589
CASSQGTGDAGETQYF	0.0014431740856781
CASSQDPATYNEQFF	0.0013683982263166
CASSVTGGGIGGPQHF	0.001293622366955
CASSYSGNTEAFF	0.0012637120232104
CASSHRDRDSPLHF	0.0012562344372742
CASSPQRNTEAFF	0.0012113689216573
CASSIGQAYEQYF	0.0011889361638488
CASSGLAGEMANEQYF	0.0011590258201042
CASSPWAFGNQAEQFF	0.0011216378904234
CASSPGTDYGYTF	0.0010992051326149
CASSTGLSYEQYF	0.0010244292732534
CASSLTGLYFAYNEQFF	0.0009720861717003284
CASSPPTEDLDTQYF	0.0009496534138918592
CASKGGLVAYEQYF	0.00092722065608339
CASTQGAGNQPQHF	0.0009197430701472336
CASSYSMWTGIQGAWELFF	0.0009122654842110772
CASSLFGSSYNEQFF	0.0008374896248495136
CASSLHDKGSRTEAFF	0.0008225344529772009
CASSTDLQSAYGYTF	0.0007477585936156372
CASSLGLEEYF	0.0007328034217433244
CSADNGNTIYF	0.0007028930779986989
CASRSLLARGGNQPQHF	0.0006355948045732915
CASSYRTHRVDGYTF	0.0006281172186371352
CASSIDQASSARWQFF	0.0006281172186371352
CASRPGTAYGYTF	0.0006131620467648225
CASNSGTAGELFF	0.000605684460828666
CASGLSSLAETQYF	0.000605684460828666
CASSVGAGLGTEAFF	0.0005982068748925097
CASQGLGTEAFF	0.0005757741170840406
CASTPDGFSGNTIYF	0.0005682965311478842
CASSIDLGGGATGELFF	0.0005084758436586333
CASSQDGYNEQFF	0.0004935206717863205
CASSLGRFGGDGGYTF	0.0004785654999140078
CASSPGGDRLNYGYTF	0.0004710879139778514
CASSLSEIAEEQYF	0.00046361032804169503
CASSLDLGRGTDTQYF	0.0004486551561693823
CASSDGTAYGYTF	0.0004411775702332259
CASSGAVGGAGQPQHF	0.0004411775702332259
CAWRTGMGNTEAFF	0.0004187448124247568
CASSIGTDTQYF	0.0004112672264886004
CASSLDLGQNQPQHF	0.0004112672264886004
CASRPIAGGGTDTQYF	0.000403789640552444
CASSQERATAYGYTF	0.000403789640552444
CASSVALGQTYEQYF	0.0003963120546162877
CASRPGTAYGYTF	0.0003888344686801313
CASSLVPGDSNQPQHF	0.00035892412493550584
CASQGLGTEAFF	0.0003439689530631931
CASSYAGTTEAFF	0.00032901378119088034
CATRGWTGRDGNTIYF	0.000321536195254724
CASSQSRTGSGNTIYF	0.000321536195254724
CASSPLGTGELFF	0.0003140586093185676
CASSQQGFDEQYF	0.00030658102338241124
CASSPTPGFYEQYF	0.00030658102338241124
CASTKGGQAFF	0.00030658102338241124
CASSLAGDSYNSPLHF	0.00030658102338241124
CASSTNEGLAEAFF	0.00030658102338241124
CASSLGGDSYEQYF	0.00029910343744625484
CASSVRQTDTQYF	0.00029910343744625484
CASSLGRGAYEQYF	0.0002841482655739421
CSARGPDSPLHF	0.0002841482655739421
CASSLRQGANTGELFF	0.0002841482655739421
CASSIIGNQPQHF	0.00027667067963778574
CASSLGPGTVGGYTF	0.00027667067963778574
CSALTGGSGTEAFF	0.00027667067963778574
CASRNGARAVTEAFF	0.0002691930937016294
CASSLEGITQYF	0.0002691930937016294
CSVEVWDSSYNEQFF	0.000261715507765473
CSASRAGTEAFF	0.000261715507765473
CASSPPLSTDTQYF	0.000261715507765473
CASISRGLHNEQFF	0.000261715507765473
CASRPGTAYGYTF	0.00025423792182931664
CASSPDSMSPQETQYF	0.00025423792182931664
CASSMTSEGAQDTQYF	0.00025423792182931664
CASSLTGGHFQPQHF	0.00024676033589316024
CASSLGGGTEAFF	0.00024676033589316024
CASSQEDRGVTWGYTF	0.00024676033589316024
CASSIGSGWTSDHEQYF	0.0002392827499570039
