TCR	Abundance
CASSQDRLTGGYTF	0.0149700598802395
CASSLTGGANTGELFF	0.0067739520958083
CASSITGSWYEQYF	0.0048839820359281
CASTAGPRPSNYGYTF	0.0037612275449101
CASRYRQGPSYEQYF	0.0037425149700598
CATSRGQGYGYTF	0.003255988023952
CASSLGTSHTGELFF	0.0023577844311377
CASSSGNTGELFF	0.0021332335329341
CASSLGDRVGYGYTF	0.0020396706586826
CASRTSGGTANQPQHF	0.0017402694610778
CASSQDRLTGTQYF	0.0013473053892215
CASSQETGVYTQYF	0.0012163173652694
CASSQEGGGRYYGYTF	0.0011227544910179
CASSEETKRVNEKLFF	0.0010291916167664
CASSSDRDSGYTF	0.0009730538922155688
CASRESNTEAFF	0.0009730538922155688
CASSEGQGVYEQYF	0.0009169161676646708
CASSRTGGFTDTQYF	0.0008982035928143712
CASSLGADQPQHF	0.0008794910179640719
CSARAGTHPDEAFF	0.0008607784431137724
CASLFDRSGNTIYF	0.0008046407185628743
CASRESNTEAFF	0.0007859281437125748
CAISGRVGEQYF	0.0007672155688622754
CASSLGETQYF	0.0007485029940119761
CASSLGQGIQNIQYF	0.0007485029940119761
CASSPEGDQPQHF	0.0007110778443113773
CASSPFDNTHGEKLFF	0.0006736526946107785
CASRDPNQPQHF	0.0006736526946107785
CASSFDINNQPQHF	0.000654940119760479
CASSLARGGELFF	0.000654940119760479
CASKGLAHQETQYF	0.0006362275449101796
CASSLDGGRNYNEQFF	0.0006175149700598803
CASSLATGLLGGQYF	0.0006175149700598803
CASSPSGEGDEQFF	0.0005988023952095808
CASSQDLFTGGYTF	0.0005988023952095808
CASSSSGDPGNTIYF	0.0005988023952095808
CASSDRYTDTQYF	0.0005800898203592815
CASSLGGDGYTF	0.000561377245508982
CASSLRDGYGYTF	0.0005426646706586827
CASSPERWGYTF	0.0005426646706586827
CASSFGDRVNQPQHF	0.0005239520958083832
CASSEWGADSNQPQHF	0.0004865269461077845
CASTGRAQEQFF	0.000467814371257485
CASSYGGHFVNYGYTF	0.0004491017964071856
CASRQRDSYEQYF	0.0004491017964071856
CASSLVEGPYNSPLHF	0.0004491017964071856
CASSHSYEQYF	0.0004303892215568862
CASSQETGLSGTQYF	0.0004116766467065868
CASRAYRGRYGYTF	0.0004116766467065868
CASSRNEKLFF	0.0003929640718562874
CASSSTPGLGRVYEQYF	0.0003742514970059881
CASSPTQGDYEQYF	0.0003742514970059881
CASSTQGANYGYTF	0.00035553892215568864
CASSGVSGQGAPGNTIYF	0.00035553892215568864
CASSGVGSTDTQYF	0.00033682634730538923
CASSDQPQHF	0.0003181137724550898
CASSQDWQGSSYNSPLHF	0.0003181137724550898
CASRGPGGELFF	0.0003181137724550898
CSARQRGNSYEQYF	0.0003181137724550898
CASSPEEASGALAKNIQYF	0.0003181137724550898
CASSRQGANTEAFF	0.0003181137724550898
CANTGTSGYNEQFF	0.0002994011976047904
CASSQLRGGEKLFF	0.0002994011976047904
CASSFSMNTEAFF	0.0002994011976047904
CATTKGLLSNQPQHF	0.0002994011976047904
CASSQDWSGGYTGELFF	0.0002994011976047904
CASSTGQGSNTEAFF	0.0002994011976047904
CASSFIARVEQYF	0.000280688622754491
CASTHTVYEQYF	0.000280688622754491
CASSDWEGAYEQYF	0.000280688622754491
CASSEVSGELFF	0.000280688622754491
CASSLGTGVRNEQFF	0.000280688622754491
CSVVGQDQETQYF	0.000280688622754491
CALTWANSNQPQHF	0.000280688622754491
CASSEIRTGAGYTF	0.0002619760479041916
CASSEAQGNYQPQHF	0.0002619760479041916
CSVSPGDTEAFF	0.0002619760479041916
CASSLGDRVGYGYTF	0.0002619760479041916
CASSQARAHQFF	0.0002619760479041916
CASRPDRGDNQPQHF	0.0002619760479041916
CASSEALGLGRGGYTF	0.00024326347305389225
CASSHRRSTNEKLFF	0.00024326347305389225
CASSQTWEQYF	0.00024326347305389225
CASSQDAYEQYF	0.00024326347305389225
CASSLDRFAYEQYF	0.00024326347305389225
CASSRGETQYF	0.0002245508982035928
CASSGYQGNTIYF	0.0002245508982035928
CASRPGTGNQPQHF	0.0002245508982035928
CASSSRQTSYEQYF	0.0002245508982035928
CASTQLRGNQPQHF	0.0002245508982035928
CASSPSIGGAYEQYF	0.0002245508982035928
CASSLPFTGDTQYF	0.0002245508982035928
CASSLLGGQETQYF	0.0002245508982035928
CASSSGTIQETQYF	0.0002245508982035928
CASSERGALDGQHF	0.0002058383233532934
CASTRDSAREQFF	0.0002058383233532934
CASSLTGEGYTF	0.0002058383233532934
CASSQDEAPRCF	0.0002058383233532934
CASSQGDGEQFF	0.0002058383233532934
CASLQADSGNTIYF	0.0002058383233532934
