TCR	Abundance
CASSLASAYNEQFF	0.0983659401423293
CAWSRQDLDTGELFF	0.0732103449130898
CASSPERWDGYTF	0.020084802499442
CASSLRREDEKLFF	0.0137990031986907
CASSLRTGWLYEQYF	0.0114929703191251
CASSMEGGSEQYF	0.0080959111309479
CASSDPGGTGELFF	0.007711572317687
CASSLSGGAGELFF	0.0072528453470207
CATSRVAGEEQYF	0.0061866150908775
CASSWDAGYEQYF	0.0059634506186615
CASSGVGNTDTQYF	0.0058642664087877
CATWDLYNEQFF	0.005492325621761
CASSSDRGKGYTF	0.0045872697066626
CASSNTASYNEQFF	0.0045376776017258
CASSPPDAAYNEQFF	0.0044756874705546
CARSQGGYTF	0.0041905328671675
CASRGGTGRTNEQFF	0.0040913486572937
CATQDRGNTGELFF	0.0029011381388083
CASSVGGQIGAFF	0.0028515460338714
CASSPPGQGFGQPQHF	0.0027027697190607
CASSSLSEPNEQFF	0.0026531776141238
CASSLEASNYGYTF	0.0024176151156735
CASLPKPGRINQPQHF	0.0023804210369709
CASSTGGGYGYTF	0.002330828932034
CASSDLTGGWGNEQFF	0.0023184309057997
CASSVANVLGDIQYF	0.0022812368270971
CASSYEGAVQPQHF	0.0019588881450073
CASEEGSTDTQYF	0.0014257730169357
CASSSGGRRQQYF	0.0013265888070619
CASSAPGGGGTLGAQYF	0.0013141907808276
CASSLAGLFYWGDTQYF	0.001276996702125
CASSDRGGNTEAFF	0.0012645986758907
CASSPDSGRTDTQYF	0.0011902105184854
CASSPRLSTDTQYF	0.0011902105184854
CASSLFRGNQPQHF	0.0010662302561432
CASSPPREGMNTGELFF	0.0010042401249721
CASSYEGDTQYF	0.000967046046269434
CASSASSGDYRSNEQFF	0.0008802598626298693
CSVAEPQETQYF	0.0008802598626298693
CASSLVPSGPNSYNEQFF	0.0008554638101614223
CASSLDVTGGYGYTF	0.0008306677576929753
CASKQGLADYTGELFF	0.0008306677576929753
CASSTGTGPYGYTF	0.0008182697314587518
CASSHTDDLEAFF	0.0008182697314587518
CASLGGNTIYF	0.0007810756527560813
CASSFWTSDNNEQFF	0.0007686776265218577
CASSPGQGGYYDTGELFF	0.0007686776265218577
CASSFTRASQPQHF	0.0007438815740534107
CASSLVGEGGSDEQYF	0.0007438815740534107
CASGLNGYNEQFF	0.0007190855215849636
CAWGTGASNQPQHF	0.0007066874953507401
CSARDWGIDYGYTF	0.0007066874953507401
CASSLSGLALNYEQYF	0.0007066874953507401
CASSPATEMNTEAFF	0.0006818914428822931
CSARDLLDRSYNEQFF	0.0006818914428822931
CASSLWPDETQYF	0.0006446973641796226
CASSILQGQGAHQPQHF	0.0006199013117111756
CSARDPGEREYADTQYF	0.0006199013117111756
CASSETQGRDQPQHF	0.0006199013117111756
CASSWEATSYEQYF	0.0006199013117111756
CASSLKGLGKETQYF	0.0006075032854769521
CAISEGGSDGYTF	0.0005827072330085051
CATSDLLGYTF	0.0005827072330085051
CASSPDGGGRGGYTF	0.0005827072330085051
CASSSRGSHNEQFF	0.0005703092067742816
CASRGTDYGYTF	0.0005455131543058345
CASSDRGHQETQYF	0.0005455131543058345
CASKRGLSDSNQPQHF	0.0005455131543058345
CASSGWGSYNEQFF	0.000533115128071611
CASSYHSVADFNEKLFF	0.000533115128071611
CATSDFASGTSTDTQYF	0.0005207171018373874
CASSQLQSGGTEAFF	0.0005083190756031639
CASSDRYEQYF	0.0004959210493689404
CASSQDSDPKNQPQHF	0.0004959210493689404
CASRYPGHPGGELFF	0.0004835230231347169
CASSFSSDLTDTQYF	0.0004711249969004934
CASSYVRGGEKLFF	0.0004711249969004934
CASSQETSGTYEQYF	0.0004711249969004934
CATSDRASNQPQHF	0.0004587269706662699
CASSHTSANSYNEQFF	0.0004463289444320464
CASSLQGANYGYTF	0.0004339309181978229
CASSPRTKYEQYF	0.0004339309181978229
CASSPTSASSTDTQYF	0.0004091348657293759
CASSPLQGSGANVLTF	0.0003967368394951524
CASRLRLMGPSDTEAFF	0.0003967368394951524
CASSPGTPADTQYF	0.0003967368394951524
CASSVAWGGTEAFF	0.0003843388132609288
CASSLSTSGRANEQFF	0.0003843388132609288
CASSQDWAAEAFF	0.0003719407870267053
CASSLAGGPSGELFF	0.0003719407870267053
CASRIQGANYGYTF	0.0003719407870267053
CASSQGASGSTDTQYF	0.0003719407870267053
CASRGFDYGYTF	0.0003719407870267053
CSARESGQASDGYTF	0.0003719407870267053
CSVDVLGHSYEQYF	0.0003595427607924818
CASSSWGFHQPQHF	0.0003595427607924818
CASSLAPAGADFSGELFF	0.0003595427607924818
CSARDLTSSTDTQYF	0.0003595427607924818
CAGGEPGWDTQYF	0.0003595427607924818
CATRFLTGRHLSGNTIYF	0.0003595427607924818
