TCR	Abundance
CASGPPSGANVLTF	0.018862637712539
CASSRTSATGELFF	0.0042921734700375
CATNSGLEQYF	0.0031968413678914
CASSWGGGSNYGYTF	0.00276380309495
CASSHGTSTGELFF	0.0024071833407629
CASSLGGDGYTF	0.0020633000063682
CASSQEGSRIYGYTF	0.0018085716105202
CASSLPTGSEQYF	0.001770362351143
CASTPDGNSYEQYF	0.0016557345730115
CASSQGPHGYTF	0.0016302617334267
CASRHISGANVLTF	0.0015283703750875
CASSQTWEQYF	0.0014646882761255
CASSLNGGTEAFF	0.001286378399032
CASSKYGRFDSPLHF	0.0012736419792396
CASSHQTLRTRLAGGTFLTYEQYF	0.0012354327198624
CASSLTSGANTGELFF	0.0011717506209004
CASSYWGQYEQYF	0.0010825956823536
CASSQVGNTIYF	0.0010698592625612
CASSVVANVLTF	0.0010571228427688
CASSLGTGNTEAFF	0.000993440743806916
CASSLGGRYTGELFF	0.0008533401260905559
CASSFGSGSSYGYTF	0.0008023944469209705
CASSAGAENTEAFF	0.0007896580271285742
CASSVGNGKETQYF	0.0007641851875437814
CASSLRGQDNTEAFF	0.0007641851875437814
CASSMILQSNQPQHF	0.0007387123479589888
CSARTPTGGNTEAFF	0.000713239508374196
CSVEGGLGVEQYF	0.0006750302489970069
CSASTGFNTEAFF	0.0006622938292046106
CASSQEMTLSGNTIYF	0.0006113481500350252
CASSQGYNSPLHF	0.0006113481500350252
CSARGRRSSYEQYF	0.0006113481500350252
CASSVGATGAGYGYTF	0.0006113481500350252
CASSDLGAGSSYEQYF	0.0005858753104502324
CASSQYGVTEAFF	0.0005731388906578361
CASSHLSGANVLTF	0.0005731388906578361
CASSEFSGGADTQYF	0.0005476660510730434
CASRVPAGEKLFF	0.0005476660510730434
CASSQGVDGNTIYF	0.000534929631280647
CASSLLPGQHNSPLHF	0.0005221932114882506
CASRLATSTDTQYF	0.000496720371903458
CSAIIRVDGYTF	0.0004839839521110616
CASSRSGHNSDTQYF	0.0004839839521110616
CASSQGRNTGELFF	0.0004839839521110616
CATEGQTTGELFF	0.0004712475323186652
CSALKTVYGYTF	0.0004712475323186652
CASSPNGGEQYF	0.0004585111125262689
CASSVVGSPLHF	0.0004330382729414761
CASSPGTDYGYTF	0.0004330382729414761
CASSYSNQPQHF	0.0004075654333566834
CATSREGLRSTGGTEAFF	0.0004075654333566834
CASRPRGGADTQYF	0.0004075654333566834
CASSLIMNTEAFF	0.0004075654333566834
CAIRDTSGANVLTF	0.0004075654333566834
CASSGTEAFF	0.0003948290135642871
CASSHGPRGYTF	0.0003948290135642871
CSARDIFLGSEAFF	0.0003820925937718907
CASSSQGDSNQPQHF	0.0003820925937718907
CASRIAGEQETQYF	0.0003820925937718907
CASSLELSSYNEQFF	0.0003693561739794944
CASSGQTNYGYTF	0.0003693561739794944
CASSPRTKNTEAFF	0.000356619754187098
CASSSPDLPSYEQYF	0.000356619754187098
CASSQVGSEAFF	0.000356619754187098
CASSLQGAGSTEAFF	0.000356619754187098
CASSSKPGQPNNEQFF	0.000356619754187098
CASSVSGGAEDTQYF	0.000356619754187098
CASSYEAGGYNEQFF	0.000356619754187098
CASSVTGSPNTEAFF	0.00034388333439470167
CATGGLYSNQPQHF	0.00034388333439470167
CASSYQGQEGYGYTF	0.00034388333439470167
CASTPNPGNTEAFF	0.00034388333439470167
CASLRDRTSNQPQHF	0.0003311469146023053
CASSLSTGRGGHNEQFF	0.0003311469146023053
CASSDSEGHPHF	0.0003311469146023053
CSVDEGKVSNGYTF	0.0003311469146023053
CASSLDTNTEAFF	0.0003311469146023053
CASSKGTGGSGANVLTF	0.00031841049480990896
CASSPSGSYGYTF	0.00031841049480990896
CASGPPSGANVLTF	0.00031841049480990896
CASSQEQANREGLFF	0.0003056740750175126
CAWSPAGASGANVLTF	0.0003056740750175126
CASSLISGGRRTGELFF	0.0003056740750175126
CATKEQGGETQYF	0.0003056740750175126
CASSHPTGMDTGELFF	0.0002929376552251162
CASSSSGIGQYF	0.0002929376552251162
CASSLGRANEQYF	0.0002929376552251162
CAWSPGQGDYGYTF	0.0002929376552251162
CASGPPSGANVLTF	0.0002929376552251162
CASRVTSGTGELFF	0.0002929376552251162
CASSRTGELFF	0.00028020123543271987
CASSIGGYAHEQYF	0.00028020123543271987
CASSPDGGAYEQYF	0.00028020123543271987
CASVLGGSSETQYF	0.00028020123543271987
CASSQSDQPQHF	0.00028020123543271987
CASSLQGARHF	0.00028020123543271987
CASSRDRGLGYTF	0.00028020123543271987
CATRDNTYEQYF	0.00028020123543271987
CATSRGGGTEAFF	0.00028020123543271987
CASSVGATGKDGYTF	0.00028020123543271987
