TCR	Abundance
CAWTPDPRYAEAFF	0.0054493750413332
CASSQEWLGRGYTF	0.0054361484028834
CSVEGWGDSTYYEQYF	0.0050128959724885
CASSQVGREQFF	0.0032008465048607
CASSQGVSESYEQYF	0.00244692811322
CSASPGQADTDTQYF	0.0022353018980226
CASSPSYPRRNQPQHF	0.0017326896369287
CSAPRQATTDTQYF	0.0014813835063818
CASSYGTSGTGELFF	0.0012565306527346
CASSLELRSYNEQFF	0.0011242642682362
CASSTMDRLFLPPRRYQPQHF	0.0010978109913365
CASSLTGELAKNIQYF	0.0009258646914886582
CAWRGLVDTGELFF	0.0008729581376893063
CSARSEESPTYYEQYF	0.0008729581376893063
CASSDGSSSTDTQYF	0.0008332782223397923
CATGWPQGRAFF	0.0007935983069902784
CASSEGQGGPGELFF	0.0007274651147410885
CASSDSEAGELFF	0.0006348786455922228
CASSLGGNEWYF	0.0005819720917928709
CASSFSDIWDRGLAGINEQFF	0.0005687454533430329
CASSAWGTGRQPQHF	0.0005687454533430329
CSVESAGDSYEQYF	0.0005555188148931949
CSAGEPSGSHEQFF	0.000489385622644005
CSASFGGTEAFF	0.0004761589841941671
CASSPDRGLGDTDTQYF	0.0004629323457443291
CASSDGTTADEQFF	0.0004629323457443291
CASSEATGSVNIQYF	0.0004497057072944911
CSVRRREGRNTIYF	0.0004497057072944911
CASSSRAGGYTF	0.0004497057072944911
CASSPGLAGWWEQYF	0.0004364790688446532
CSARTGGDPGELFF	0.0004232524303948152
CASSGASGSSYEQYF	0.0004100257919449772
CASRNPGTGANYEQYF	0.00037034587659546327
CASSSLPGQGSTGELFF	0.00035711923814562527
CASSLNRGYEQYF	0.0003438925996957873
CATLRLAGSYNEQFF	0.0003042126843462734
CASSQPGDSGRPSYEQYF	0.00029098604589643544
CASSSGWGGRYGDTQYF	0.00029098604589643544
CASSLQGANYEQYF	0.00027775940744659744
CASSEPGGGANVLTF	0.0002645327689967595
CASSSGREPSTDTQYF	0.0002645327689967595
CSVETDAAGYTF	0.00023807949209708352
CASSYWDTSYGYTF	0.00023807949209708352
CASSLEDSSSYEQYF	0.00023807949209708352
CSVGDQNTEAFF	0.00023807949209708352
CASSVTSESSYEQYF	0.00022485285364724555
CASFERSNEQFF	0.00022485285364724555
CASSQASGRSPEQYF	0.0002116262151974076
CAWSGQGNQPQHF	0.0002116262151974076
CASSYDGRGLGYTF	0.0002116262151974076
CASSLRGGTSGSYEQYF	0.0002116262151974076
CAWSDPRFEQFF	0.0001983995767475696
CASSESAGGNQPQHF	0.00018517293829773163
CASSPGVSGYTF	0.00018517293829773163
CASSLSPEEKLFF	0.00018517293829773163
CASSLGGWGYTF	0.00018517293829773163
CASSIDTAQPPGSEQFF	0.00018517293829773163
CASSQGGEGSSGANVLTF	0.00018517293829773163
CASSQDGQGLGNIQYF	0.00017194629984789366
CASSIALGAPAFF	0.00017194629984789366
CASRADRGPVGYTF	0.00017194629984789366
CASSDGPNYGYTF	0.00017194629984789366
CASSLRTSGRLETQYF	0.0001587196613980557
CASSYSENTGELFF	0.0001587196613980557
CASSLRGSPWVVTYEQYF	0.0001587196613980557
CASSEAYSYGYTF	0.0001587196613980557
CSARALAGGIDEQYF	0.00014549302294821772
CSARGLAGDEQYF	0.00014549302294821772
CASGLWGTEAFF	0.00014549302294821772
CASSEFLGTLGGYTF	0.00014549302294821772
CAWSAVRYQETQYF	0.00014549302294821772
CASTAGTVGNTIYF	0.00014549302294821772
CSARDSQGRRGYTF	0.00014549302294821772
CASSSLLTGGGYDYGYTF	0.00014549302294821772
CASRTRDIGTSGRNTGELFF	0.00014549302294821772
CASSQGDASNTGELFF	0.00014549302294821772
CASSYHPNTEAFF	0.00014549302294821772
CSADIGGSYGYTF	0.00013226638449837975
CASSQDLGMVETQYF	0.00013226638449837975
CSAFSSAGGVETTEQYF	0.00013226638449837975
CASSKRGVNEQYF	0.00013226638449837975
CASSDTGASYEQYF	0.00013226638449837975
CASSEEQGGSYEQYF	0.00013226638449837975
CASSNGQGAYEQYF	0.00013226638449837975
CAISEALSGANVLTF	0.00013226638449837975
CAGMGYEEQFF	0.00013226638449837975
CAWSVQAQNTGELFF	0.00013226638449837975
CATSLRQGEYNEQFF	0.00011903974604854176
CASSFSSGVYTGELFF	0.00011903974604854176
CASSYDGTHTGELFF	0.00011903974604854176
CASSPDGYEQYF	0.00011903974604854176
CSAVGGATTEAFF	0.00011903974604854176
CASNPGEAGELFF	0.00011903974604854176
CASSKWPSGYEQYF	0.00011903974604854176
CASSLYGTGHYEQYF	0.00011903974604854176
CATFSRRAGELFF	0.00011903974604854176
CASSLRGGGSYGYTF	0.00011903974604854176
CATSRDRVDYGYTF	0.00011903974604854176
CSASPQLAGGSYEQYF	0.00011903974604854176
CASSVTGEDGYTF	0.0001058131075987038
