TCR	Abundance
CASSLAVTGVGAYTGELFF	0.0317793644127117
CASSDSPYEQYF	0.0176796464070718
CASSYSLPYQETQYF	0.0077798444031119
CASSVPVFQRAFF	0.0071798564028719
CASSMYSEAFF	0.0068198636027279
CASRTSELDGYTF	0.0065798684026319
CASIPRCTGELFF	0.0055198896022079
CSASSNEQFF	0.0052198956020879
CASSTIDSNQPQHF	0.0052198956020879
CASSVAGDRTDTQYF	0.0044799104017919
CAVRASSYNEQFF	0.0043599128017439
CASSLEAFANYGYTF	0.0036399272014559
CASSYSPREQYF	0.0033399332013359
CATSTLAGETQYF	0.0031799364012719
CASSPNPAQSSYTF	0.0028999420011599
CASDPRPSGSYNEQFF	0.0027199456010879
CASSLLRDQETQYF	0.0026799464010719
CASSLRVAGPGELFF	0.0024599508009839
CASSLGPAHYEQYF	0.0024399512009759
CASSLALGQPQHF	0.0016599668006639
CASSMAGQPFSYEQYF	0.0016599668006639
CASSGLGGTNEKLFF	0.0016399672006559
CASSYSILHWNYEQYF	0.0015799684006319
CSASDLAGDEQYF	0.0014799704005919
CSANLGTTSWDEQYF	0.0014599708005839
CASSEAWNLNTEAFF	0.0013999720005599
CSVGTGEGEQYF	0.0013799724005519
CATSDPEVTGQETQYF	0.0011999760004799
CATSTMGGTYEQYF	0.0011599768004639
CASSLDTAGVEQYF	0.0011599768004639
CASSLGGTEQYF	0.0010799784004319
CASSVLGQLNTEAFF	0.0010599788004239
CASSVAADSGNTIYF	0.0010599788004239
CASRVSGDPYEQYF	0.0010399792004159
CAISEYGIQETQYF	0.0010199796004079
CASSRWTLTYEQYF	0.0010199796004079
CASSLWASGSSYNEQFF	0.0009199816003679928
CASSQDRGSFYEQYF	0.000879982400351993
CASSPTGDQAGNTIYF	0.0007199856002879943
CASSLGTAEQYF	0.0006999860002799944
CASSEYSGSGDEQFF	0.0006999860002799944
CTGTSGSYNEQFF	0.0006799864002719945
CASTEEGGRTGELFF	0.0006199876002479951
CASSEAAESYGYTF	0.0005799884002319954
CASTLQGAYNEQFF	0.0005599888002239956
CASSSTGGAGGYTF	0.0005399892002159956
CASSEDGMNTEAFF	0.0005199896002079958
CASSPFILGGTGELFF	0.00047999040019199615
CSARDRPADSGNTEAFF	0.00047999040019199615
CASSLGGGTYEQYF	0.00047999040019199615
CASSVSGNTDEQYF	0.00045999080018399634
CASSIVGRGNQPQHF	0.0004399912001759965
CASSLEGFQDEQYF	0.0004399912001759965
CASSLAGDRDTQYF	0.00037999240015199694
CASSPNPSGEQYF	0.00037999240015199694
CASSPGTSRSEQYF	0.00037999240015199694
CASSIPGVNTEAFF	0.00033999320013599726
CASSSSLLRGEQYF	0.00033999320013599726
CAWSVQGYQSQTF	0.00031999360012799745
CASIGQGKLFF	0.00031999360012799745
CASSQDPNLTPYEQYF	0.00031999360012799745
CSAPAEGGGNEQFF	0.00031999360012799745
CSALAPRDRFYGYTF	0.00031999360012799745
CASSFRPQETQYF	0.0002999940001199976
CASRSGDRGVGYTF	0.0002999940001199976
CASSTPGTAAKNIQYF	0.0002999940001199976
CASSQGVRSYEQYF	0.0002999940001199976
CASSFGGSGRNEQFF	0.0002799944001119978
CASSLAGRGRETQYF	0.0002799944001119978
CASSWNDEQYF	0.0002799944001119978
CASSLSARQETQYF	0.0002799944001119978
CASSPSGTGWEQYF	0.0002799944001119978
CASSQEGGAGANVLTF	0.0002599948001039979
CASTGFYTDTQYF	0.0002599948001039979
CAISNQQGLNTEAFF	0.0002599948001039979
CASTPLAGGSYNEQFF	0.0002599948001039979
CATSRVAGETQYF	0.0002599948001039979
CASSLEQGGGLDEQYF	0.0002599948001039979
CSARELAGDHNEQFF	0.00023999520009599807
CASSVEQIGEKLFF	0.00023999520009599807
CSALGGGVGAFF	0.00021999560008799824
CASSLQRVGTEAFF	0.00021999560008799824
CASSLGTSTYNEQFF	0.00021999560008799824
CASSPGQEVNEQYF	0.00021999560008799824
CASSFLNNEQFF	0.0001999960000799984
CASSVGWTEGREKLFF	0.0001999960000799984
CASSLVKASGQETQYF	0.0001999960000799984
CASSLEFGVNTEAFF	0.0001999960000799984
CASSPEGSPFDTQYF	0.0001999960000799984
CSVAPNEKLFF	0.0001999960000799984
CASSELDEQFF	0.00017999640007199856
CASSPKGTSYEQYF	0.00017999640007199856
CATSSGTGLYEQYF	0.00017999640007199856
CSAYWGGYTF	0.00017999640007199856
CSARNIGQGYGYTF	0.00017999640007199856
CASRPSNRNEKLFF	0.00017999640007199856
CASSPPAPVPHEQYF	0.00017999640007199856
CASSLSGDKREQYF	0.00015999680006399873
CSDSALYGYTF	0.00015999680006399873
CASSGGGSTDTQYF	0.00015999680006399873
