TCR	Abundance
CASKIPGETGELFF	0.0050772388462784
CASSLVGANSPLHF	0.0017284217349033
CSARQGDTEAFF	0.0013503294803932
CASSTGELSPGELFF	0.0008101976882359295
CASSSATYEQYF	0.0008101976882359295
CASSQETGAYTIYF	0.0006481581505887436
CSARDLGLLNEQFF	0.000594144971373015
CASSYALGGRSPLHF	0.0005401317921572864
CASSPTGYGYTF	0.0004321054337258291
CATSRLRRARNSPLHF	0.0004321054337258291
CASSLDEKNEQYF	0.0003780922545101005
CASSQETGSYEQYF	0.0003780922545101005
CASSLALAGGHEQFF	0.0003240790752943718
CASSEGQDNSPLHF	0.0003240790752943718
CATSDNREIVPQHF	0.0003240790752943718
CASSQEGSKDTQYF	0.0002700658960786432
CASSYDKTQHF	0.0002700658960786432
CATSDYGEDTQYF	0.0002700658960786432
CAKHYRGRGTEAFF	0.0002700658960786432
CASSLGGGDMRYNEQFF	0.0002700658960786432
CASSQDAGQGVQPQHF	0.0002700658960786432
CSARDTTGNGYTF	0.0002700658960786432
CASSQDVESSSYNEQFF	0.0002160527168629145
CASSGGANTGELFF	0.0002160527168629145
CASSPQGLGNQPQHF	0.0002160527168629145
CASSAGTDVYEQYF	0.0002160527168629145
CASSQTQGSGELFF	0.0002160527168629145
CASSTYNEQFF	0.0002160527168629145
CASSYSGLVRTDTQYF	0.0002160527168629145
CASSQIPGQGMNTEAFF	0.0001620395376471859
CASSYKGNEQYF	0.0001620395376471859
CASIPSATGGYTF	0.0001620395376471859
CASSQASGDPNTGELFF	0.0001620395376471859
CASSPRFGRSSYEQYF	0.0001620395376471859
CASSEGGSGANVLTF	0.0001620395376471859
CASSYSNAGGEQYF	0.0001620395376471859
CSARGMLEREVQETQYF	0.0001620395376471859
CASSYGQGLHGYTF	0.0001620395376471859
CATEGRTEAFF	0.0001620395376471859
CASRDRTNTGELFF	0.0001620395376471859
CASTDSGGREQYF	0.0001620395376471859
CASSEGERTEAFF	0.0001620395376471859
CSARQGGPIAQYF	0.0001620395376471859
CASSYQGGKYEQYF	0.0001620395376471859
CASRTGYSYEQYF	0.0001620395376471859
CASSTQGANYGYTF	0.0001620395376471859
CASSQGALRTEAFF	0.0001620395376471859
CASSPPTGTGTDTQYF	0.0001620395376471859
CASSYSRELFF	0.0001620395376471859
CASTPGGSYEQYF	0.0001620395376471859
CASRTLLASGETQYF	0.0001620395376471859
CASSEAAGGYNEQFF	0.0001620395376471859
CASRLGIAADTQYF	0.0001620395376471859
CASSLPPTPTGRLYYNEQFF	0.0001620395376471859
CASRTLEDSYEQYF	0.0001620395376471859
CASSLAGTETLHF	0.0001620395376471859
CASSYSGLAADTQYF	0.0001620395376471859
CASSIGSAGGPVDTQYF	0.0001620395376471859
CASSEGGYRDTGELFF	0.0001620395376471859
CASSQLRAEQYF	0.00010802635843145728
CASSTQSYGYTF	0.00010802635843145728
CASSFLLGCTDRAGNTIYF	0.00010802635843145728
CASRDRRLRETQYF	0.00010802635843145728
CASSISGSSNEQFF	0.00010802635843145728
CASSEYGDSNYGYTF	0.00010802635843145728
CASSGGGFANTEAFF	0.00010802635843145728
CASSYSDTNTGELFF	0.00010802635843145728
CASSAAEGLFYGYTF	0.00010802635843145728
CASSLMVGSNEQFF	0.00010802635843145728
CASSSYEQYF	0.00010802635843145728
CASTGQGLGEQYF	0.00010802635843145728
CASSLDRVGPNTEAFF	0.00010802635843145728
CASSLGAFMNTEAFF	0.00010802635843145728
CASSVGNLSPLHF	0.00010802635843145728
CASRGADHTGELFF	0.00010802635843145728
CASSQVGDFYGYTF	0.00010802635843145728
CASSFGGHEQYF	0.00010802635843145728
CAWGGNTIYF	0.00010802635843145728
CASSLGGTPVETQYF	0.00010802635843145728
CAWASGTGGGTEAFF	0.00010802635843145728
CASSAGGEETQYF	0.00010802635843145728
CASSEARGVNEQFF	0.00010802635843145728
CASSPAQKLFF	0.00010802635843145728
CASSLDREETQYF	0.00010802635843145728
CASSLGQGNSPLHF	0.00010802635843145728
CASSIDYRTDTQYF	0.00010802635843145728
CASSQDLGAFQFF	0.00010802635843145728
CAWKLAGGYNEQFF	0.00010802635843145728
CASSLLRWETQYF	0.00010802635843145728
CASRSRSGVNYGYTF	0.00010802635843145728
CAWSLAGPYNEQFF	0.00010802635843145728
CASSFSRVRREQYF	0.00010802635843145728
CATSDLPGDSYEQYF	0.00010802635843145728
CASSFSLKSTPLHF	0.00010802635843145728
CASSSSDSEQYF	0.00010802635843145728
CASSGQGYYGYTF	0.00010802635843145728
CSAVIAGGYYEQYF	0.00010802635843145728
CASSHGTVYNEQFF	0.00010802635843145728
CASRGPGANTEAFF	0.00010802635843145728
CASNFGLAGPIRTQYF	0.00010802635843145728
