TCR	Abundance
CASSDSPYEQYF	0.0345810835406176
CASSLAVTGVGAYTGELFF	0.0184053267002366
CASSVLGQLNTEAFF	0.008463265182309
CASSVPVFQRAFF	0.0066356245829035
CSASSNEQFF	0.0050582418249105
CASSYSLPYQETQYF	0.0048459018382575
CASRTSELDGYTF	0.0042240490202026
CASIPRCTGELFF	0.0029500091002851
CASSYSILHWNYEQYF	0.0025708305526906
CASDPRPSGSYNEQFF	0.0023660741369896
CASSLLRDQETQYF	0.0022902384274707
CASSYSPREQYF	0.0021689012922404
CASSEDGMNTEAFF	0.0020096463022508
CASSLGTAEQYF	0.0018048898865497
CAVRASSYNEQFF	0.0017442213189346
CSVGTGEGEQYF	0.0014029606260996
CASSPGTSRSEQYF	0.0013877934841958
CSASDLAGDEQYF	0.0012740399199174
CASSMAGQPFSYEQYF	0.0011147849299278
CASSVAGDRTDTQYF	0.0011072013589759
CASSVAADSGNTIYF	0.0010616999332645
CASSPNPSGEQYF	0.0010086149366013
CASSLGGGTYEQYF	0.0009934477946975673
CATSTLAGETQYF	0.0009782806527937876
CASSEAAESYGYTF	0.000955529939938118
CASSTIDSNQPQHF	0.00087211065946733
CASSLDTAGVEQYF	0.0008190256628041012
CASSMYSEAFF	0.0007659406661408724
CASSEYSGSGDEQFF	0.0007356063823333131
CASSLWASGSSYNEQFF	0.0007204392404295335
CASTLQGAYNEQFF	0.0007052720985257538
CASSQDRGSFYEQYF	0.0006749378147181945
CASSEAWNLNTEAFF	0.0006749378147181945
CSVGAVQDSRASEAFF	0.0006218528180549657
CASSFGGSGRNEQFF	0.0006066856761511861
CSVGQGNQPQHF	0.0005991021051992962
CASSASRTGADTQYF	0.0005839349632955166
CASSSTGGAGGYTF	0.0005763513923436268
CASSLPLGGGANEQFF	0.0005687678213917369
CSARDRPADSGNTEAFF	0.0005687678213917369
CASSLQRVGTEAFF	0.0005384335375841776
CASSGLGGTNEKLFF	0.0005156828247285082
CASSIPGVNTEAFF	0.0005156828247285082
CASSPSGTGWEQYF	0.0005005156828247285
CASSLEAFANYGYTF	0.0005005156828247285
CASSLGPAHYEQYF	0.0004777649699690591
CAISEYGIQETQYF	0.0004550142571133896
CASSLRVAGPGELFF	0.0004550142571133896
CASSYSLLASSYEQYF	0.0004550142571133896
CASSLQAFSQPQHF	0.0004474306861614997
CASSLQGGNYGYTF	0.00043226354425772006
CASSLALGQPQHF	0.0004019292604501608
CASRVSGDPYEQYF	0.0004019292604501608
CASSLLAVMNTEAFF	0.0004019292604501608
CASRTQGWTEAFF	0.00035642783473882183
CASSLAGDRDTQYF	0.000348844263786932
CASSSTRQGPSYEQYF	0.0003336771218831524
CAARGSGNEQFF	0.00032609355093126253
CAWSVQGYQSQTF	0.00032609355093126253
CASSLGGTEQYF	0.0003185099799793727
CSALAPRDRFYGYTF	0.00030334283807559304
CASSFLNNEQFF	0.0002957592671237032
CASSLSPVGPEQYF	0.0002881756961718134
CSARELAGDHNEQFF	0.0002881756961718134
CAISNQQGLNTEAFF	0.00028059212521992354
CASSNAAGPLEEQYF	0.00028059212521992354
CASIGQGKLFF	0.00028059212521992354
CASSQGFGRFHSNQPQHF	0.00027300855426803375
CASSQGVRSYEQYF	0.00027300855426803375
CATLGGQAHNEQFF	0.00027300855426803375
CASSLQNTGELFF	0.0002654249833161439
CASRPSNRNEKLFF	0.0002654249833161439
CASSPSGQVFNQPQHF	0.00025025784141236425
CASTGFYTDTQYF	0.0002426742704604744
CSAQTGTSSGPQHF	0.0002426742704604744
CASSVEQIGEKLFF	0.0002275071285566948
CAILKEWGGYTF	0.0002275071285566948
CASRALKGEGGYGYTF	0.0002275071285566948
CASSYVGAYEQYF	0.00021992355760480496
CASSSSLLRGEQYF	0.00021992355760480496
CASSYSTGGRSGYTF	0.00021992355760480496
CASSLAPVWTEETQYF	0.00021992355760480496
CASSPGLMNTEAFF	0.0002047564157010253
CASSFVPGTGTYEQYF	0.0002047564157010253
CASSAAGDGYTF	0.0002047564157010253
CSARNIGQGYGYTF	0.0002047564157010253
CASSPNKNSNQPQHF	0.0002047564157010253
CSANLGTTSWDEQYF	0.00019717284474913549
CASSLSGVMNTEAFF	0.00019717284474913549
CASSLIDRPYGYTF	0.00019717284474913549
CASRSGDRGVGYTF	0.00019717284474913549
CASKPIDGSRRYEQYF	0.00019717284474913549
CASSQEGGAGANVLTF	0.00019717284474913549
CASSDSPYEQYF	0.00018958927379724564
CASSLVEGAEAFF	0.0001820057028453558
CASSSAPDTYTEAFF	0.0001820057028453558
CSARADLGPQHF	0.0001820057028453558
CASSAQQETYNEQFF	0.000174422131893466
CASKGQDPTYEQYF	0.000174422131893466
CASSTGQGGGNTIYF	0.000174422131893466
