TCR	Abundance
CASSSQGAGAFF	0.0012741456612936
CASSKTATDTQYF	0.0005889918622961067
CASSFLGVGEQYF	0.0004327287151563233
CAWSDDSYEQYF	0.0003966679888932963
CSVGDGSSYEQYF	0.0003966679888932963
CASMDSNQPQHF	0.00036060726263026935
CASSNGVANEQYF	0.0003485870205425937
CASRGTSGYNEQFF	0.00032454653636724244
CASSLLGQGGGETQYF	0.0003125262942795668
CASRGLSQETQYF	0.00025242508384118857
CASSADPLYGYTF	0.0002404048417535129
CASSTGYGPQETQYF	0.0002283845996658373
CASSQVWAPGTGWNTEAFF	0.00021636435757816164
CASSQATHQPQHF	0.00019232387340281036
CASSYSPDGSTYEQYF	0.00019232387340281036
CASSLGRPEGVAVSTDTQYF	0.00018030363131513468
CASSYSTIRGRSYEQYF	0.00018030363131513468
CASSHRNTEAFF	0.00018030363131513468
CASSLSASGMVGNQPQHF	0.00016828338922745905
CATGWVTYGYTF	0.0001562631471397834
CAWSVSRVLLYGYTF	0.0001562631471397834
CAWSPLRGEKLFF	0.0001562631471397834
CASSRQGTEAFF	0.00014424290505210774
CASSRSDRLVYF	0.0001322226629644321
CASRVWDGPLYEQYF	0.0001322226629644321
CASSPSPGLAGEEQETQYF	0.00012020242087675646
CASKNGNQPQHF	0.00012020242087675646
CASSQGGGQPQHF	0.00012020242087675646
CASSLTSGRTYEQYF	0.00012020242087675646
CASSPLGAGLKEQYF	0.00012020242087675646
CASSLGRSEGYNEQFF	0.00012020242087675646
CASSTGSKNTEAFF	0.00010818217878908082
CASSPEGLSYEQYF	0.00010818217878908082
CSARGQGVSDGYTF	0.00010818217878908082
CSARDRAGINYGYTF	0.00010818217878908082
CASSFTDTQYF	9.616193670140516e-05
CASSNGTPNTGELFF	9.616193670140516e-05
CASSLGPGGRGETQYF	9.616193670140516e-05
CASSQVPGLSYEQYF	9.616193670140516e-05
CASSFLGGGQGYTF	9.616193670140516e-05
CASSFTPSGEDYGYTF	8.414169461372952e-05
CASSLGQGAWTGELFF	8.414169461372952e-05
CASSPSPGTSGYGYTF	8.414169461372952e-05
CASSQDRAGAFREQYF	8.414169461372952e-05
CASSLEGGWGLHEQYF	8.414169461372952e-05
CSARTGDTEAFF	8.414169461372952e-05
CASSFGGSYNEQFF	8.414169461372952e-05
CASSLDEKLFF	8.414169461372952e-05
CASSLDEKLFF	8.414169461372952e-05
CASSFADTQYF	8.414169461372952e-05
CASSFWSGVYEQYF	8.414169461372952e-05
CSVVGLAGGPGWYEQFF	7.212145252605387e-05
CASSPGTGIYGYTF	7.212145252605387e-05
CASRATAGNSYEQYF	7.212145252605387e-05
CSASRWEGQQYF	7.212145252605387e-05
CASSTSSGSYEQYF	7.212145252605387e-05
CASSTNPTPETQYF	7.212145252605387e-05
CASSTGEHTGELFF	7.212145252605387e-05
CAITRTGRYTEAFF	7.212145252605387e-05
CASSATSGSRFEQYF	6.010121043837823e-05
CATTSATAEAFF	6.010121043837823e-05
CASRGLAGSTDTQYF	6.010121043837823e-05
CASSSGAVKQYF	6.010121043837823e-05
CASSLYSGAGQYF	6.010121043837823e-05
CASSQEETLGEQYF	6.010121043837823e-05
CSAPKTSGTADTQYF	6.010121043837823e-05
CASSSGSINEQYF	6.010121043837823e-05
CASSSGQANQPQHF	6.010121043837823e-05
CASSEAPDRPYGYTF	6.010121043837823e-05
CASSPGTGPYEQYF	6.010121043837823e-05
CARRDSNYGYTF	6.010121043837823e-05
CASSQGAGQPQHF	6.010121043837823e-05
CASSPKGRSGELFF	6.010121043837823e-05
CASSKALQGPSMDEQFF	6.010121043837823e-05
CASSPRTSGTYEQYF	6.010121043837823e-05
CSALPGQGYGYTF	6.010121043837823e-05
CAWSRAGMNTEAFF	6.010121043837823e-05
CASSPIHVRGHEQYF	4.808096835070258e-05
CAWSVSVTEAFF	4.808096835070258e-05
CAWSARQVLNEKLFF	4.808096835070258e-05
CASSEVVYGYTF	4.808096835070258e-05
CASSLGQVAGDTQYF	4.808096835070258e-05
CASSQQAGSSYEQYF	4.808096835070258e-05
CASSQEGVGTEAFF	4.808096835070258e-05
CASSFGTGNYGYTF	4.808096835070258e-05
CASRAGGGVGYTF	4.808096835070258e-05
CASSQDRSQPQHF	4.808096835070258e-05
CASRWTSGSSYEQYF	4.808096835070258e-05
CASSLSRGTTGELFF	4.808096835070258e-05
CSARDMAGSYEQYF	4.808096835070258e-05
CASSLRGQGYGYTF	4.808096835070258e-05
CASPRGDYNEQFF	4.808096835070258e-05
CASSDRGYEQYF	4.808096835070258e-05
CAWSGDNYEQYF	4.808096835070258e-05
CASSPMGLAGGPGGIQYF	4.808096835070258e-05
CASSVAAGSTYEQYF	4.808096835070258e-05
CATVVLKAFF	4.808096835070258e-05
CASTEGGTAANYGYTF	4.808096835070258e-05
CASSPTRLAYSYEQYF	4.808096835070258e-05
CASSYSENQPQHF	4.808096835070258e-05
