TCR	Abundance
CASGTFSYEQYF	0.0340861820050407
CASGDQGGKTGELFF	0.0180096410306604
CASSLKGAPRPNTGELFF	0.0126997332811314
CASSLQISGNTIYF	0.0090292901362957
CASSAYRAGELFF	0.0075366432573959
CATSDSTGDTEAFF	0.0063621014510485
CASSDTSGGYEQYF	0.0054322558543568
CAIATVSADTQYF	0.0052854381285633
CASSQVIHDNYGYTF	0.0042332444270438
CASSAQGSEAFF	0.0041843051851126
CASSLIKGGYYEQYF	0.0037193823867668
CASSLIVADEQFF	0.0034502165561455
CSAAILAGTEQFF	0.0031565811045586
CASSLGGTGFAMGNQPQHF	0.0031321114835931
CSARDLRRLSTNEKLFF	0.0029363545158685
CASSHRVTTNEKLFF	0.0028874152739374
CASSFEVAETQYF	0.0028629456529718
CASSLVQADEAFF	0.0028384760320062
CATSDPSGGLGTGELFF	0.0025203709594538
CASRPGVGNQPQHF	0.0023246139917292
CASSLWAAYTGELFF	0.0023001443707636
CASSSQGQYQETQYF	0.0020065089191768
CASSALPASGGASEQYF	0.0019820392982112
CASSFPGGYGYTF	0.0019331000562801
CASSYSILGSNQPQHF	0.0018596911933834
CASSLWTSGTVQETQYF	0.0016394646046932
CASRVPGRNSPLHF	0.0015415861208309
CASTALLGTDTQYF	0.0015171164998654
CASSQGPQGTLTDTQYF	0.0015171164998654
CASSLVWRGEKLFF	0.0014437076369687
CASSKLVDVAFF	0.0013947683950375
CASSWTVYEQYF	0.0013947683950375
CASKPGQANTEAFF	0.0013458291531064
CASSYTGGMNTEAFF	0.0013458291531064
CASSVEAGTYNEQFF	0.0013458291531064
CASSFGRAYEQYF	0.0013213595321408
CASSYPTRLHQPQHF	0.0012968899111752
CASSQVVIDPSSSYEQYF	0.0012968899111752
CASSQERVGDSYNSPLHF	0.0012968899111752
CASSAEGQGATIYF	0.0012724202902097
CASSAGGGPPDTQYF	0.0012724202902097
CASSLVVSDEQFF	0.0012479506692441
CAISESWSASNTGELFF	0.0012234810482785
CASRGINEKLFF	0.0011990114273129
CAISRDPAADTQYF	0.0011500721853818
CASSSRRGYNEQFF	0.0011011329434507
CASSVGVRADYGYTF	0.0010766633224851
CASSGDPGFQNYGYTF	0.0010766633224851
CATADDREYSPLHF	0.0010277240805539
CASSLAGDEPQFYGYTF	0.0010032544595884
CASSSRVHTGELFF	0.0010032544595884
CASGTGPVPETQYF	0.0009787848386228497
CASSTRGQGSAELFF	0.0009298455966917072
CASRQVNNQPQHF	0.000905375975726136
CASSQGLWSGYTF	0.000905375975726136
CASSRGGMNTEAFF	0.0008809063547605648
CASSVEGSGRGETQYF	0.0008564367337949935
CASSGDRGFTATEAFF	0.0008564367337949935
CASRVSGANYGYTF	0.0008564367337949935
CSAPLAGGTDTQYF	0.0007830278708982798
CSASTGKGGYTF	0.0007585582499327085
CASSLDVSYTEAFF	0.0007585582499327085
CASSYLRTGELFF	0.0007340886289671373
CASSLTVNTEAFF	0.0007340886289671373
CASSSGTGRYGYTF	0.0007340886289671373
CASSSTDTQYF	0.0007340886289671373
CASSPIPDTQYF	0.0007340886289671373
CASSLGGTYNEQFF	0.0007096190080015661
CASSHPGHLWGTLSSGNTIYF	0.0007096190080015661
CASLPGGAYNEQFF	0.0007096190080015661
CASSLAPGGFYQPQHF	0.0006851493870359949
CASSLELAAYNEQFF	0.0006851493870359949
CASKWGPAGEAFF	0.0006606797660704235
CASSPTHRRVYYGYTF	0.0006606797660704235
CASSATGQPQHF	0.0006606797660704235
CASSFLGGGDPNEQFF	0.0006606797660704235
CASSLDRGRQPQHF	0.0006362101451048523
CASTTELTGTGVQNTEAFF	0.0006362101451048523
CASTPGRGPLHF	0.0006362101451048523
CASRGNYNSPLHF	0.0006117405241392811
CSARTGGLSSYNSPLHF	0.0006117405241392811
CASSTGRNEQFF	0.0006117405241392811
CASSYIRTGGNYGYTF	0.0005872709031737098
CASSQVMLQDSSYEQYF	0.0005872709031737098
CASSFNLGGRTDTQYF	0.0005872709031737098
CASSLSGGAGDIRTEAFF	0.0005628012822081386
CASSLDGTGYTF	0.0005628012822081386
CASSMRTGGFQPQHF	0.0005628012822081386
CASGKNTGELFF	0.0005383316612425674
CASSLRLSGELFF	0.0005383316612425674
CASSYTGGGYTF	0.0005383316612425674
CASSLGQGRGYTF	0.0005383316612425674
CASSLGTGGNSPLHF	0.0005383316612425674
CASGLRLQETQYF	0.0005138620402769961
CASSYGVRGGSGYTF	0.0005138620402769961
CASSPGFALEAFF	0.0005138620402769961
CASSASRTRANYGYTF	0.0005138620402769961
CASSQRDTEQYF	0.0004893924193114248
CASSYGADNTEAFF	0.0004893924193114248
CASSMGGGLAGDTQYF	0.0004893924193114248
