TCR	Abundance
CASKIPGETGELFF	0.0066544192692386
CASSTGELSPGELFF	0.0008164931618697694
CSARQGDTEAFF	0.0008164931618697694
CASSLVGANSPLHF	0.0007756685037762809
CASSYALGGRSPLHF	0.000612369871402327
CATSDNREIVPQHF	0.0004898958971218616
CSAHPTSNQPQHF	0.0004490712390283732
CASSYDRAGETQYF	0.0004082465809348847
CASSSATYEQYF	0.0004082465809348847
CASSPLTGRVSGANVLTF	0.0003674219228413962
CASSPQGLGNQPQHF	0.0003674219228413962
CASSEGQDNSPLHF	0.0003265972647479077
CASSRTSGRANEQFF	0.00028577260665441925
CASSQETGAYTIYF	0.00028577260665441925
CASSQETGSYEQYF	0.00028577260665441925
CASSEGERTEAFF	0.00028577260665441925
CSARDLGLLNEQFF	0.00028577260665441925
CASSPQVGGSYEQYF	0.00028577260665441925
CSARDTTGNGYTF	0.0002449479485609308
CASSYDKTQHF	0.0002449479485609308
CASSQDVESSSYNEQFF	0.0002449479485609308
CATSRLRRARNSPLHF	0.0002449479485609308
CASSQYRGGNQPQHF	0.0002449479485609308
CASSQEGSKDTQYF	0.0002449479485609308
CATSDYGEDTQYF	0.0002449479485609308
CASSPRFGRSSYEQYF	0.00020412329046744237
CASSTYNEQFF	0.00020412329046744237
CASSLDEKNEQYF	0.00020412329046744237
CASTDSGGREQYF	0.00020412329046744237
CASSYSGLVRTDTQYF	0.00020412329046744237
CASSLALAGGHEQFF	0.00020412329046744237
CASSAGTDVYEQYF	0.00016329863237395383
CASSQTQGSGELFF	0.00016329863237395383
CASSPTGYGYTF	0.00016329863237395383
CATSAGQEQFF	0.00016329863237395383
CSARGGTSGLSYEQYF	0.00016329863237395383
CASSVDYEQYF	0.00016329863237395383
CASRTLLASGETQYF	0.00016329863237395383
CASSHSNEQYF	0.00016329863237395383
CASSFHRGGASTDTQYF	0.00016329863237395383
CASSLQGTTGGNQPQHF	0.00016329863237395383
CASSEGGSGANVLTF	0.00016329863237395383
CASSLPVGTEAFF	0.00016329863237395383
CASSSGLVKFF	0.00016329863237395383
CAISEASSVTGELFF	0.0001224739742804654
CASSQVGDFYGYTF	0.0001224739742804654
CASSTQGANYGYTF	0.0001224739742804654
CASILALQETQYF	0.0001224739742804654
CACHRGLYNEQFF	0.0001224739742804654
CASSGGANTGELFF	0.0001224739742804654
CATTDRGAGYTF	0.0001224739742804654
CASSYSYGAEQFF	0.0001224739742804654
CASSLRQVNEQYF	0.0001224739742804654
CASSGGFLNYGYTF	0.0001224739742804654
CASSQELGDQPQHF	0.0001224739742804654
CASSQTAYGYTF	0.0001224739742804654
CASSLVGIGSIPPLHF	0.0001224739742804654
CASSLNTEAFF	0.0001224739742804654
CASTQGDTTGTIHQPQHF	0.0001224739742804654
CASSLGGHEQYF	0.0001224739742804654
CASSLSGQGVYEQYF	0.0001224739742804654
CANITGLDYGYTF	0.0001224739742804654
CASTQGRGTEAFF	0.0001224739742804654
CAWGGNTIYF	0.0001224739742804654
CSVVEGQGALESGANVLTF	0.0001224739742804654
CASRALMGGGETQYF	0.0001224739742804654
CASRDRTNTGELFF	0.0001224739742804654
CSARDRLSRVFF	0.0001224739742804654
CASSSLRLANNEQFF	0.0001224739742804654
CASSLGPAGAYNEQFF	0.0001224739742804654
CASSQGWGLASNTQYF	0.0001224739742804654
CASRLGQGTEAFF	0.0001224739742804654
CASSSSGGLGMGNEQFF	0.0001224739742804654
CASSQDNSGMGTEAFF	0.0001224739742804654
CASSFKGGQNINYGYTF	0.0001224739742804654
CASSIDYRTDTQYF	0.0001224739742804654
CASSYTAGLGYEQYF	0.0001224739742804654
CATDTHNEQFF	0.0001224739742804654
CASSLPPTPTGRLYYNEQFF	0.0001224739742804654
CASSSRLQVNPNSPLHF	8.164931618697693e-05
CSAREGGPWGPYEQYF	8.164931618697693e-05
CASRRDQYNEQFF	8.164931618697693e-05
CASSEESNYGYTF	8.164931618697693e-05
CASSRNEETQYF	8.164931618697693e-05
CATSDPGLDNEQFF	8.164931618697693e-05
CASRRSGYEQYF	8.164931618697693e-05
CSANRVLQPQHF	8.164931618697693e-05
CAWRVLEKLFF	8.164931618697693e-05
CSGMEGSSYNEQFF	8.164931618697693e-05
CATSDLPGDSYEQYF	8.164931618697693e-05
CASSQDKLFHRDEPYEQYF	8.164931618697693e-05
CASREGYYEQYF	8.164931618697693e-05
CASSPGVFDEQYF	8.164931618697693e-05
CAWSRPQGYTEAFF	8.164931618697693e-05
CATSDIAGESGGMETQYF	8.164931618697693e-05
CAWSVLAGGPSDTQYF	8.164931618697693e-05
CATWTLSNYGYTF	8.164931618697693e-05
CASSPRGGSPLHF	8.164931618697693e-05
CAISRGQEQYF	8.164931618697693e-05
CASSLWGTGSYNSPLHF	8.164931618697693e-05
