TCR	Abundance
CASRPGTAYGYTF	0.1472309157708531
CASQGLGTEAFF	0.0701682768630652
CASSVARVQSEPQHF	0.0659500158751757
CASSYGLEAFF	0.0343357372885199
CASSSRERETQYF	0.0297546151403819
CASSYSLGQQNQPQHF	0.0217716696149135
CASSLGRFGGDGGYTF	0.02077380142423
CASSLSRGVGRGPFTDTQYF	0.0189594956229872
CASGEGALYNSPLHF	0.0189594956229872
CASSTDLQSAYGYTF	0.0112486959677053
CASSLTGGHFQPQHF	0.0101601124869596
CASSADGGIANQPQHF	0.0094797478114936
CASSLDLGRGTDTQYF	0.008436521975779
CASSFMDLRGKASPLHF	0.0068036467546604
CASSTGLSYEQYF	0.0056243479838526
CASSQGSNQPQHF	0.0054429174037283
CASSYFVFGSPLHF	0.0051254138885109
CASSPGTDYGYTF	0.004581122148138
CASKGGLVAYEQYF	0.0044450492130448
CASSIDLGGGATGELFF	0.0042182609878895
CASSPWAFGNQAEQFF	0.0040368304077652
CASSSDGNTGELFF	0.0038553998276409
CASSGLAGEMANEQYF	0.0031296775071438
CASSEWTGDTGELFF	0.002630743411802
CASSFHETQGAGSPLHF	0.0024946704767088
CASSIDQASSARWQFF	0.0024039551866467
CASSLSKDFYGYTF	0.0023585975416156
CASSQDSDYEQFF	0.0023132398965845
CASSLDLGRGTDTQYF	0.0022678822515534
CSAVDRGLVIDGYTF	0.0022225246065224
CASSYSGNTEAFF	0.0017689481562117
CASSYGLESLF	0.0015875175760874
CASTGDYNTGELFF	0.0015875175760874
CASSLRQGANTGELFF	0.0015421599310563
CASSYSMWTGIQGAWELFF	0.001360729350932
CASSQLGTDNSYEQYF	0.001360729350932
CASTNPTGTNSPLHF	0.0012700140608699
CASRPGTAYGYTF	0.0012246564158388
CASSIDRATNEKLFF	0.0011339411257767
CASSIGQAYEQYF	0.0011339411257767
CASSKGQGAHYNEQFF	0.0010885834807456
CASSPQRNTEAFF	0.0009978681906835398
CASSIDLQTGAYGYTF	0.0009525105456524698
CASSLHDKGSRTEAFF	0.0009071529006213998
CASSPAGLTEAFF	0.0009071529006213998
CASNSGTAGELFF	0.0008617952555903298
CASRPGTAYGYTF	0.0008617952555903298
CASSLTGLYFAYNEQFF	0.0008617952555903298
CASSGLPTEAFF	0.0007710799655281898
CASSFGLEAFF	0.0007257223204971198
CASSFRRGSGELFF	0.0006803646754660498
CASSMTSEGAQDTQYF	0.0006803646754660498
CASRPGTAYGYTF	0.0006803646754660498
CASSHGNSYEQYF	0.0006350070304349798
CASSQHDWTGQGSPLHF	0.0006350070304349798
CASTAGSGTGELFF	0.0005896493854039099
CASQGLGTEAFF	0.0005896493854039099
CASSIDLQTGHEQYF	0.0005442917403728399
CASSLGRFGGDGGYTF	0.0004989340953417699
CASSPLPLAYNEQFF	0.0004989340953417699
CASRPGTAYGYTF	0.0004989340953417699
CASGLSSLAETQYF	0.0004989340953417699
CASSESRLQIYGYTF	0.0004535764503106999
CASSYGLEAFF	0.0004535764503106999
CASSERGAYGYTF	0.0004535764503106999
CASSPDSMSPQETQYF	0.0004535764503106999
CASSVTGGGIGGPQHF	0.0004082188052796299
CASSQDLSEGLLSDEQYF	0.0004082188052796299
CASSSDPGQGFGGNQPQHF	0.0004082188052796299
CASSLDLGRGTDTQYF	0.0004082188052796299
CASSPSPSSGGLYNEQFF	0.0003628611602485599
CASSIIGNQPQHF	0.0003628611602485599
CASSYPDEQFF	0.0003628611602485599
CASSDGTAYGYTF	0.0003628611602485599
CSVDSTLRDRVGNEQFF	0.0003628611602485599
CASSLQTGTGTYGYTF	0.0003175035152174899
CASGRDRGRLYF	0.0003175035152174899
CASQGLGTEAFF	0.0003175035152174899
CASSLLGPPLQSGHTGELFF	0.0003175035152174899
CASISRGLHNEQFF	0.0003175035152174899
CASQGLGTEAFF	0.0003175035152174899
CASSYGLEAFF	0.0003175035152174899
CASSDSGYYGYTF	0.00027214587018641994
CASSALAGSTDTQYF	0.00027214587018641994
CASSDSTGGPLNTIYF	0.00027214587018641994
CASSVALGQTYEQYF	0.00027214587018641994
CASSRRTENNSPLHF	0.00027214587018641994
CASSGAVGGAGQPQHF	0.00027214587018641994
CASSRDTPGQGADEQYF	0.00027214587018641994
CASSLTGGHFQPQHF	0.00027214587018641994
CSVEVWDSSYNEQFF	0.00027214587018641994
CASSQDRFSNMNTEAFF	0.00027214587018641994
CASSLSIGDMGAGEQPQHF	0.00027214587018641994
CASSFFGQGPGQPQHF	0.00027214587018641994
CSVGSGGTNEKLFF	0.00027214587018641994
CASSPWAFGNQAEQFF	0.00022678822515534997
CASSLTGGHFQPQHF	0.00022678822515534997
CASRPGTAYGYTF	0.00022678822515534997
CASSYGLEAFF	0.00022678822515534997
CASSDSNTGELFF	0.00022678822515534997
