TCR	Abundance
CAWTPDPRYAEAFF	0.0097810811654851
CSASPGQADTDTQYF	0.0087130320727022
CSVEGWGDSTYYEQYF	0.0061084913025826
CSAPRQATTDTQYF	0.0031666718715842
CASSQVGREQFF	0.0025608194622279
CASSQEWLGRGYTF	0.002092376877674
CASSQGVSESYEQYF	0.0020424096686549
CSARSEESPTYYEQYF	0.0019737047562537
CASSDGSSSTDTQYF	0.0019487211517441
CAWRGLVDTGELFF	0.0018612785359607
CASSPSYPRRNQPQHF	0.001736360513413
CASSLTGELAKNIQYF	0.0015614752818462
CASSYGTSGTGELFF	0.0014740326660628
CASSEATGSVNIQYF	0.0013428687423878
CATGWPQGRAFF	0.0011429999063114
CSASFGGTEAFF	0.0009993441803816245
CASSAWGTGRQPQHF	0.0008619343555791512
CASSPGLAGWWEQYF	0.0008307048499422255
CASSSRAGGYTF	0.0007932294431779145
CASSLELRSYNEQFF	0.0007869835420505294
CSAGEPSGSHEQFF	0.0006683114206302114
CSVESAGDSYEQYF	0.0006183442116111301
CASSLGGNEWYF	0.000612098310483745
CASSLNRGYEQYF	0.0005808688048468193
CAWSAVRYQETQYF	0.000568377002592049
CASSEGQGGPGELFF	0.0005558852003372787
CASSTMDRLFLPPRRYQPQHF	0.0005496392992098935
CAISEALSGANVLTF	0.0005433933980825083
CATLRLAGSYNEQFF	0.0005433933980825083
CASSGASGSSYEQYF	0.0005433933980825083
CSAVGGATTEAFF	0.0004746884856812717
CASSDGTTADEQFF	0.00046844258455388654
CSVTKIHGQITTETQYF	0.0004621966834265014
CASSQTGGSGANVLTF	0.0004559507822991162
CASSLEDSSSYEQYF	0.0004559507822991162
CSARTGGDPGELFF	0.0004247212766621904
CSASRETQYF	0.0004247212766621904
CASRNPGTGANYEQYF	0.000405983573280035
CSARALAGGIDEQYF	0.000405983573280035
CASSEPGGGANVLTF	0.0003934917710252647
CASSFSDIWDRGLAGINEQFF	0.0003809999687704944
CAWSVQAQNTGELFF	0.0003747540676431092
CASSLRTSGRLETQYF	0.000368508166515724
CASGLWGTEAFF	0.00035601636426095377
CSVRRREGRNTIYF	0.0003497704631335686
CASSPDRGLGDTDTQYF	0.0003497704631335686
CASSQGGEGSSGANVLTF	0.00033103275975141313
CASSDSEAGELFF	0.00033103275975141313
CASSSGWGGRYGDTQYF	0.000324786858624028
CASSLQGANYEQYF	0.00031229505636925765
CASSSGREPSTDTQYF	0.00029355735298710223
CASSSLPGQGSTGELFF	0.0002810655507323319
CASTPDNEQFF	0.0002810655507323319
CASSVTSESSYEQYF	0.00027481964960494675
CSADIGGSYGYTF	0.00027481964960494675
CSVGDQNTEAFF	0.0002685737484775616
CASSDGPNYGYTF	0.00025608194622279127
CASSLGDRGTKNIQYF	0.0002498360450954061
CASSSRGGNTDTQYF	0.00024359014396802095
CASRADRGPVGYTF	0.00024359014396802095
CASSPGVSGYTF	0.00023734424284063585
CASSLRGGTSGSYEQYF	0.00023734424284063585
CASSYDGRGLGYTF	0.00023734424284063585
CASSKEGTNF	0.00023734424284063585
CATSLRQGEYNEQFF	0.00022485244058586556
CASSLSPEEKLFF	0.00022485244058586556
CASSNGQGAYEQYF	0.0002186065394584804
CSARAGTDEETQYF	0.0002186065394584804
CASSEGGHNEQFF	0.0002186065394584804
CASSRNFEQYF	0.0002123606383310952
CASSDTGASYEQYF	0.0002123606383310952
CSARDSGGGYEQYF	0.0002123606383310952
CASSQLGTSGYEQYF	0.0002123606383310952
CASSGTTQETQYF	0.0002123606383310952
CASMWTGEAFF	0.00020611473720371008
CASSQPGDSGRPSYEQYF	0.00020611473720371008
CSARGGGRPQPQHF	0.0001998688360763249
CASSESAGGNQPQHF	0.0001998688360763249
CASSTGLDTDTQYF	0.0001998688360763249
CASFERSNEQFF	0.00019362293494893976
CASSRDRVAPLAKNIQYF	0.00019362293494893976
CSASGGSRLGYTF	0.0001873770338215546
CASSDEGTSGNEQFF	0.00018113113269416944
CSGIAENSYEQYF	0.00018113113269416944
CASSWGESRGPPGYF	0.00018113113269416944
CASSSSGMDTQYF	0.00018113113269416944
CASGPSGGSTDTQYF	0.0001748852315667843
CASDPGLADNEQFF	0.0001748852315667843
CSARNIATEYYEQYF	0.00016863933043939915
CASSRDNYEQYF	0.00016863933043939915
CSAFSSAGGVETTEQYF	0.00016863933043939915
CASSKRGVNEQYF	0.000162393429312014
CASSCEPSGMAIDEQFF	0.000162393429312014
CSADSGTADTEAFF	0.000162393429312014
CASSLGPNTEAFF	0.000162393429312014
CSARDRTGNGYTF	0.00015614752818462883
CASSLAGKAGELFF	0.00015614752818462883
CSASPQLAGGSYEQYF	0.0001499016270572437
CSLMGDSYEQYF	0.0001499016270572437
CASSGHLVAETQYF	0.0001499016270572437
