TCR	Abundance
CSARPTGNTEAFF	0.0181512803135221
CASSSTGVGGTDTQYF	0.0111677520110793
CAIRGQPQYEQYF	0.0098417656245395
CASSLHTPTQYF	0.008898841971889
CSARGGSGRDHQPQHF	0.0044199546217992
CASRAGGHNEQFF	0.0038306273388926
CARRPTGGETSGGAVYNEQFF	0.001532250935557
CATSDGHRVIF	0.0014291186610484
CASSEGVEAFF	0.0013701859327577
CASSEGFSGQETQYF	0.0012670536582491
CASSPRDRGGYEQYF	0.0012523204761764
CASSLVGTGNNEQFF	0.0012228541120311
CSARPQMNTEAFF	0.0009576568347231636
CASSLGGGTGELFF	0.0009134572885051714
CASSESGVGYTF	0.0008545245602145151
CASSIHSANQPQHF	0.000839791378141851
CASSLTRGQGASTGELFF	0.000825058196069187
CASSLQGGPYEQYF	0.0007661254677785309
CATRGTGNYGYTF	0.0007661254677785309
CASSPDRGFRRLFF	0.0007366591036332027
CSAPLGEGQGYGYTF	0.0006777263753425465
CASSLDRGSYEQYF	0.0006777263753425465
CASSYVRVGTEAFF	0.0006335268291245543
CSVQMNTEAFF	0.0006187936470518902
CASSSGLAEKETQYF	0.0006040604649792263
CSVGGFYEQYF	0.00054512773668857
CASSMDTNFYGYTF	0.00054512773668857
CASSVGPVSNQPQHF	0.0005156613725432419
CSARPRGNTEAFF	0.0005156613725432419
CASSNWGVGMLVEFYGYTF	0.0005009281904705779
CAISGSAGGSNTEAFF	0.0004861950083979138
CAINERSLSSTDTQYF	0.0004567286442525857
CASSLVTGHQPQHF	0.0004567286442525857
CASSPGGGGKSNQPQHF	0.0004419954621799216
CASSLDPGSYNEQFF	0.0004272622801072576
CASSVLGEINYGYTF	0.0004125290980345935
CASSPPFFSRDSYNEQFF	0.0004125290980345935
CASSQDHNYGYTF	0.0004125290980345935
CASSLDRTGEAGANVLTF	0.0003830627338892654
CASSWGRGESPLHF	0.0003830627338892654
CATGQGSSGNTIYF	0.0003830627338892654
CASTPTSGSYEQYF	0.0003830627338892654
CASSLVWDYTF	0.0003830627338892654
CASSPFLSYEQYF	0.0003683295518166013
CASTAGGDYNEQFF	0.0003683295518166013
CASSYSTSGGNEQFF	0.0003683295518166013
CASSDSPGTDTQYF	0.0003683295518166013
CAWSEGRTVEQYF	0.0003535963697439373
CASSQDWTASGNTIYF	0.0003535963697439373
CASTLNGNTEAFF	0.0003535963697439373
CASSQDHNYGYTF	0.00033886318767127323
CASSGQGAPNEQFF	0.00033886318767127323
CASGPGRGESPLHF	0.0003241300055986092
CSARTGGYNEQFF	0.0003241300055986092
CSARTGGINEQYF	0.0003241300055986092
CASSSAPTGRVYEQYF	0.0003241300055986092
CASSQTRSWAYGYTF	0.0003241300055986092
CASSPSTDYSGNTIYF	0.0003241300055986092
CASTGTKNSPLHF	0.0003093968235259451
CASSLHTPTQYF	0.0003093968235259451
CASSTNVNQPQHF	0.0003093968235259451
CASSSSGGLNEQYF	0.0003093968235259451
CANGAGDTGELFF	0.0002946636414532811
CASSQEGIQGGETQYF	0.0002946636414532811
CASSQDRNQPQHF	0.0002946636414532811
CASSGAGTGVGGYTF	0.0002946636414532811
CATSTTGSHEQYF	0.0002946636414532811
CSVEKTDLGYTF	0.0002946636414532811
CASSHSNSAIYF	0.0002946636414532811
CSVKLGYEQYF	0.000279930459380617
CASSLDLNTEAFF	0.000279930459380617
CASSIRTGGDTGYTF	0.000279930459380617
CASSQAGGETQYF	0.000279930459380617
CASSLMATNTGELFF	0.00026519727730795297
CASRPTGIGYGYTF	0.00026519727730795297
CSARPAGNTEAFF	0.00026519727730795297
CASSFRTGVWAEAFF	0.00026519727730795297
CASSPWTGSYEQYF	0.00025046409523528894
CSVVDSGTDGYTF	0.00025046409523528894
CASSSTAGWDTIYF	0.00025046409523528894
CASSPRHGTESYSGNTIYF	0.00025046409523528894
CASSLGGTGYGYTF	0.00025046409523528894
CALKRRDRGGGYTF	0.00025046409523528894
CASGLGRTGRYYGYTF	0.00025046409523528894
CASSDLPSHNEQFF	0.00023573091316262488
CASSRGGPNTEAFF	0.00023573091316262488
CASSRSLDPNTEAFF	0.00023573091316262488
CASSDPDRAYYEQYF	0.00023573091316262488
CASSQGLAGGPSTDTQYF	0.00023573091316262488
CSARPQGNTEAFF	0.0002209977310899608
CASHLTGTLNTEAFF	0.0002209977310899608
CASSAGHPNEQYF	0.0002209977310899608
CSARDRGIGNTIYF	0.0002209977310899608
CASSDGGTGDTGELFF	0.0002209977310899608
CASGQPNYGYTF	0.0002209977310899608
CASSQPLTAGELFF	0.0002209977310899608
CASSQDRGGQETQYF	0.0002209977310899608
CASSTTGGAGGYTF	0.0002209977310899608
CASSLGQGSEQFF	0.00020626454901729677
CASSQELGDQPQHF	0.00020626454901729677
