TCR	Abundance
CASSLVVFGAGGPGNEQFF	0.0053396391929516
CASTTGRWEAFF	0.0020214348373317
CAPTRGAQHF	0.0018307334375834
CASSEQGGDSYEQYF	0.0015637514779358
CASSIQANSNQPQHF	0.0015256111979861
CASSQDPAIHQPQHF	0.0014874709180365
CSAREVASGTYNEQFF	0.0014493306380868
CASSLGTALEAFF	0.0014493306380868
CASSQGHNSGNTIYF	0.0014111903581372
CASSPEREEF	0.0013730500781875
CASSQADRGNQPQHF	0.0013730500781875
CASRFSYSSSYEQYF	0.0013349097982379
CASSWTRNTGELFF	0.0013349097982379
CASSATGTSRSYNEQFF	0.0012967695182882
CASSSGSRGYTGELFF	0.0012586292383386
CASSSSVGYTF	0.0011823486784392
CSARGVTEAFF	0.0010297875586406
CASSQGGGRISQETQYF	0.0010297875586406
CASSLRGNEQFF	0.0009916472786910256
CAWSGLAGYSDTQYF	0.0009535069987413708
CASRARAGVYEQYF	0.0009535069987413708
CASSRYYGTLYNEQFF	0.0009535069987413708
CASSSSRGGYTF	0.0009535069987413708
CASSQERGARTF	0.000915366718791716
CASSVGHEPNYGYTF	0.0008390861588924062
CASSLGQDLPQHF	0.0008390861588924062
CASSIDQREGLEQYF	0.0008390861588924062
CSVAGTSQETQYF	0.0008009458789427514
CASSSRDRGSPQHF	0.0008009458789427514
CASSLLFGQGEQPQHF	0.0007246653190434418
CASSYSKVADEQFF	0.0007246653190434418
CASSLDSNSNQPQHF	0.0007246653190434418
CASSTTLAGAGELFF	0.0006865250390937869
CASSDSGRVNQPQHF	0.0006865250390937869
CASSLDTAYEQYF	0.0006865250390937869
CASSLRGSYEQYF	0.0006483847591441321
CASSQDDQRSGNTIYF	0.0006483847591441321
CASSSKREDSNEQFF	0.0006483847591441321
CSANRDQRNGYTF	0.0006483847591441321
CSASPGGDQPQHF	0.0006102444791944773
CATSSPTGKQYF	0.0005721041992448225
CSVDEPETGGEQYF	0.0005721041992448225
CASRGRGRPNNEQFF	0.0005721041992448225
CASSPERGVGYTF	0.0005339639192951676
CSVETGGGGYEQYF	0.0005339639192951676
CASSHSRTGGGEKLFF	0.0005339639192951676
CASSQDSRAPLYGYTF	0.0005339639192951676
CASSLQGADTQYF	0.0005339639192951676
CASSSSGRSTDTQYF	0.0005339639192951676
CASSQAGGANTGELFF	0.0004958236393455128
CASSVATGVTDTQYF	0.0004958236393455128
CATSGGGDVTGANVLTF	0.0004958236393455128
CASSYSYEQYF	0.0004958236393455128
CATGAGNEQFF	0.000457683359395858
CASSQRGTSGYTF	0.000457683359395858
CASCEDSSNSNQPQHF	0.000457683359395858
CSAIPGRSYEQYF	0.000457683359395858
CASTIRGRDGELFF	0.000457683359395858
CASRGRLDSGETQYF	0.000457683359395858
CASSQGLLWPGELFF	0.000457683359395858
CASSHGNPRGQPHQETQYF	0.0004195430794462031
CASSSSNSNQPQHF	0.0004195430794462031
CSAYPGQENQPQHF	0.0004195430794462031
CASSEWETQYF	0.0004195430794462031
CASSKGQDPGTTAYEQYF	0.0003814027994965483
CASSLAGAAGGETQYF	0.0003814027994965483
CASSLTRGLTEAFF	0.0003814027994965483
CSVAGASTDTQYF	0.0003814027994965483
CATGGQGYEQYF	0.0003814027994965483
CASSFAAGTYEQYF	0.0003814027994965483
CSAREPTANYGYTF	0.0003814027994965483
CASTTGGGFSTGELFF	0.0003814027994965483
CASSQGQENIQYF	0.0003814027994965483
CASSLEGDQPQHF	0.0003814027994965483
CASSLGGSREQYF	0.00034326251954689346
CASSQESGDDTEAFF	0.00034326251954689346
CASSIRSSYEQYF	0.00034326251954689346
CSADSQGDYGYTF	0.00034326251954689346
CASSLFRTVSYEQYF	0.00034326251954689346
CASSLGVLAGVQYNEQFF	0.00034326251954689346
CASSQDLGTGGRKGYTF	0.00034326251954689346
CASSQEDGPYGYTF	0.00034326251954689346
CASSQEAGAKADTQYF	0.00034326251954689346
CSARDQGTYGYTF	0.00034326251954689346
CASRPSGDSYNEQFF	0.00034326251954689346
CASQQGLNQPQHF	0.00034326251954689346
CSASGLALGHEQYF	0.00034326251954689346
CASSLDGYQPQHF	0.00034326251954689346
CSAGKDTQYF	0.00034326251954689346
CAISEPTTEAFF	0.00034326251954689346
CASSLKETGLETQYF	0.00034326251954689346
CASRDRDTYGYTF	0.00034326251954689346
CASSLGRAPNYGYTF	0.00030512223959723865
CASSLGQGATNYYGYTF	0.00030512223959723865
CASSQDLSGYGYTF	0.00030512223959723865
CASSIDLDGPNTEAFF	0.00030512223959723865
CASSLGVTDTQYF	0.00030512223959723865
CASSISGHIPGYGYTF	0.00030512223959723865
CASSASGGKLFF	0.00030512223959723865
CASWKGGETQYF	0.00030512223959723865
