TCR	Abundance
CASSSPWYTEAFF	0.0059225512528473
CASSPRELSNQPQHF	0.0041002277904328
CASRTGAVSEQYF	0.0027334851936218
CASIRIPEKLFF	0.0022779043280182
CASSPYRRGGSNEQFF	0.0022779043280182
CASSSPGIIDTQYF	0.0018223234624145
CASSQDLITKNYGYTF	0.0018223234624145
CASSFPNRDGDQETQYF	0.0015945330296127
CASSPDFLARRHSSGANVLTF	0.0013667425968109
CASSPGLAGGLNEQFF	0.0013667425968109
CASSLRLAGGMYEQYF	0.0013667425968109
CASSPPGGTEAFF	0.0013667425968109
CASSLGQIQPQHF	0.0011389521640091
CASSDEGLAGDGEQFF	0.0011389521640091
CASTPRFRTANTEAFF	0.0011389521640091
CSARVAGRGNTIYF	0.0011389521640091
CSARGDRALTSNEQFF	0.0011389521640091
CASSLQGQGNYGYTF	0.0011389521640091
CSARLQELSGNTIYF	0.0011389521640091
CASRKEARQPQHF	0.0011389521640091
CASSFQQGEAFF	0.0011389521640091
CASRSGGEAFF	0.0011389521640091
CASRIAGGTGELFF	0.0011389521640091
CASSPLVTEAFF	0.0011389521640091
CASSRTGEGYEQYF	0.0011389521640091
CASCCEGETYEQYF	0.0011389521640091
CASSDWAGEKSQFF	0.0009111617312072892
CASSRQGAVETQYF	0.0009111617312072892
CASSDSYEQYF	0.0009111617312072892
CSVEVPSYNEQFF	0.0009111617312072892
CASSSPGQEAFF	0.0009111617312072892
CASSVAADGNTIYF	0.0009111617312072892
CASSLALGETQYF	0.0009111617312072892
CASRFGETQYF	0.0009111617312072892
CASSYGLGQPQHF	0.0009111617312072892
CASSLVSSTDSPLHF	0.0009111617312072892
CASSETRGGLKFSDTQYF	0.0009111617312072892
CASSYGQETQYF	0.0009111617312072892
CASSQVQFVTGELFF	0.000683371298405467
CASSQDALYQPQHF	0.000683371298405467
CSAWTGQGDNEQFF	0.000683371298405467
CASSPSWDGYTF	0.000683371298405467
CASSGGPESTDTQYF	0.000683371298405467
CASSLGGLSTEAFF	0.000683371298405467
CSAMGVTEAFF	0.000683371298405467
CASSQGVETDTQYF	0.000683371298405467
CASSLGLAANEQFF	0.000683371298405467
CASSLSGGSEETQYF	0.000683371298405467
CASRGTATAF	0.000683371298405467
CASTPGVWTEAFF	0.000683371298405467
CASSAGQGYGYTF	0.000683371298405467
CASKDGGYEQYF	0.000683371298405467
CASSPPGSNYGYTF	0.000683371298405467
CASRTGAVSEQYF	0.000683371298405467
CASSEATGPNYGYTF	0.000683371298405467
CASSPRSGGAYNEQFF	0.000683371298405467
CAIERWSRYF	0.000683371298405467
CASSNPGGGTQFF	0.000683371298405467
CASSSVGRGRGGELFF	0.000683371298405467
CASTTGTGPTEAFF	0.000683371298405467
CASPNGYSGREEETQYF	0.000683371298405467
CATSDGDQPQHF	0.000683371298405467
CASSQDYGYTF	0.000683371298405467
CASSGRGSDTQYF	0.000683371298405467
CASSDGLQPQHF	0.000683371298405467
CASSQLRVRRGAPNRRTQYF	0.000683371298405467
CASGGDDYGYTF	0.000683371298405467
CASIKRGGDIQYF	0.000683371298405467
CASSLSWGSPLHF	0.000683371298405467
CASQDPNTGELFF	0.000683371298405467
CASSGTITGELFF	0.000683371298405467
CASSQGQGNTIYF	0.000683371298405467
CASSLGMNTEAFF	0.000683371298405467
CASSSYRGPTEAFF	0.000683371298405467
CASRPGTGRRAKNIQYF	0.000683371298405467
CASSLATGPGELFF	0.000683371298405467
CASSVGQARNYEQYF	0.000683371298405467
CASSLDGGGANYGYTF	0.000683371298405467
CASSHPNQPQHF	0.000683371298405467
CASSQQNREGYTF	0.000683371298405467
CASSHKWDRVNGYTF	0.000683371298405467
CASTQSGEGNEQFF	0.000683371298405467
CASRDAGPGDIYF	0.000683371298405467
CASSLAQDRTYEQYF	0.000683371298405467
CASSPSLTNSYEQYF	0.000683371298405467
CASSLVFGEYGYTF	0.000683371298405467
CASSPGVEETQYF	0.000683371298405467
CAWSPVVGYTF	0.000683371298405467
CASSQLRGTGELFF	0.000683371298405467
CASRRLAGGRFEQYF	0.000683371298405467
CASMHRDLTGELFF	0.000683371298405467
CASSQDRGNTEAFF	0.000683371298405467
CASSQWDSTTEAFF	0.000683371298405467
CASSDTLAGGYTF	0.000683371298405467
CASSEALQAVPNYGYTF	0.000683371298405467
CASSTGPSYNEQFF	0.000683371298405467
CASSLVGGRDNVLTF	0.000683371298405467
CASSRGGSSYGYTF	0.000683371298405467
CASSLDSNQPQHF	0.000683371298405467
CASSETRSGGYTF	0.000683371298405467
