TCR	Abundance
CASSQDLITKNYGYTF	0.0077717449164271
CASSPLVTEAFF	0.0036197168103907
CASSLRLAGGMYEQYF	0.0025550942190993
CASRREGMADIQYF	0.0022357074417119
CASSLDHPYEQYF	0.0019163206643244
CASSQDRGHEQYF	0.0013840093686788
CSARLQELSGNTIYF	0.0011710848504205
CASSFPNRDGDQETQYF	0.0011710848504205
CSARGDRALTSNEQFF	0.0011710848504205
CASSLLAGGYNEQFF	0.0011710848504205
CASSPYRRGGSNEQFF	0.0010646225912913
CASSLGRNLAKNIQYF	0.0009581603321622484
CASRTGAVSEQYF	0.0009581603321622484
CASSLGIGGEEETQYF	0.0009581603321622484
CASSPVDNEQFF	0.0008516980730331097
CASSLSGYAGNTIYF	0.0008516980730331097
CAISERLAGPLKYTQYF	0.000745235813903971
CSARPTDTQYF	0.000745235813903971
CSARTVGTGGYGYTF	0.000745235813903971
CASSPWGALTEQYF	0.0006387735547748323
CSATTGGPEAYEQYF	0.0006387735547748323
CAIGQGGVEAFF	0.0006387735547748323
CASSVLPAYEQYF	0.0005323112956456936
CASSYGLGQPQHF	0.0005323112956456936
CASSLGGGYEETQYF	0.0005323112956456936
CASSLISVGTDTQYF	0.0005323112956456936
CASSPRGYEQYF	0.00042584903651655487
CASSFSPTNNEQFF	0.00042584903651655487
CASSRTGEGYEQYF	0.00042584903651655487
CASTTGEGTDTQYF	0.00042584903651655487
CASSYLGRNNEQFF	0.00042584903651655487
CASRGLAGGASEQFF	0.00042584903651655487
CASSSPGIIDTQYF	0.00042584903651655487
CASSFFQGSHEQYF	0.00042584903651655487
CASSEFSTLNYGYTF	0.00042584903651655487
CSARVAGRGNTIYF	0.00042584903651655487
CASSLATGPGELFF	0.00042584903651655487
CASSEVGWGSYEQYF	0.00031938677738741617
CASSSWSGAYEQYF	0.00031938677738741617
CASSLSGGSEETQYF	0.00031938677738741617
CSASDGGETEAFF	0.00031938677738741617
CAISESVLEGAFF	0.00031938677738741617
CASSLLSGTVNSPLHF	0.00031938677738741617
CASSHGETSEAFF	0.00031938677738741617
CASSPGLAGVGETQYF	0.00031938677738741617
CASSALNEVGRGYYGYTF	0.00031938677738741617
CAISGEEGTDTQYF	0.00031938677738741617
CASSNYNEQFF	0.00031938677738741617
CASSVAADGNTIYF	0.00031938677738741617
CASSLVGGTFDTEAFF	0.00031938677738741617
CAISVETGTPNYGYTF	0.00031938677738741617
CASIRIPEKLFF	0.00031938677738741617
CAISAKLMNTEAFF	0.00031938677738741617
CASSEGSGGGYQPQHF	0.00031938677738741617
CASSQRGLAGVYEQYF	0.00031938677738741617
CASSSTRGWSTDTQYF	0.00031938677738741617
CASAETLYNEQFF	0.00031938677738741617
CSARRTPEGYEQYF	0.00031938677738741617
CASSQEPRYEQYF	0.00021292451825827744
CASSPPGGTEAFF	0.00021292451825827744
CASRLAGGYNEQFF	0.00021292451825827744
CASSHSPGTGGDTEAFF	0.00021292451825827744
CASSFMDGEQFF	0.00021292451825827744
CAWGVTQDSPLHF	0.00021292451825827744
CSARDRAGGEQYF	0.00021292451825827744
CASSLGLAYNEQFF	0.00021292451825827744
CASTIQGASSYEQYF	0.00021292451825827744
CAWSSSGGFYEQFF	0.00021292451825827744
CASSYQDRVTETQYF	0.00021292451825827744
CASSPSGGNGYTF	0.00021292451825827744
CASSYSMGTGELFF	0.00021292451825827744
CASSRTQYTDTQYF	0.00021292451825827744
CATSDPGTAPYEQYF	0.00021292451825827744
CASSQGTLYGYTF	0.00021292451825827744
CASSPPTGTILNTEAFF	0.00021292451825827744
CASGWGRAREQYF	0.00021292451825827744
CSARGGIAGEGGPFQETQYF	0.00021292451825827744
CATERGVDTEAFF	0.00021292451825827744
CATSDPGQSPYEQYF	0.00021292451825827744
CASSRTGELFF	0.00021292451825827744
CASTNWAEPVYGYTF	0.00021292451825827744
CASSLVGLDYGYTF	0.00021292451825827744
CASSPERGAYNEQFF	0.00021292451825827744
CASSPPGFSYEQYF	0.00021292451825827744
CASSYVSLNTEAFF	0.00021292451825827744
CSAKQGQGNQPQHF	0.00021292451825827744
CASSVEEGGGQPQHF	0.00021292451825827744
CASSHLAGSDEQYF	0.00021292451825827744
CASSELSYGYEQYF	0.00021292451825827744
CASSPPGRAGGNEAFF	0.00021292451825827744
CASSLEPISYNSPLHF	0.00021292451825827744
CASSLMTEASPLHF	0.00021292451825827744
CASSLGGGIFYEQYF	0.00021292451825827744
CASSQERFGYEQYF	0.00021292451825827744
CASRPTGGAETQYF	0.00021292451825827744
CASSPMSGTPYEQYF	0.00021292451825827744
CATSEADGQETQYF	0.00021292451825827744
CATSDGAKNIQYF	0.00021292451825827744
CATSDRETQYF	0.00021292451825827744
CSATLSGVVSYNEQFF	0.00021292451825827744
