TCR	Abundance
CASSQDLITKNYGYTF	0.009291953168556
CASSLRLAGGMYEQYF	0.0067645419067087
CASSPLVTEAFF	0.0052406615870656
CASSPRELSNQPQHF	0.0037539490800966
CASSLLAGGYNEQFF	0.0035681100167255
CASSLATGPGELFF	0.0035309422040512
CASSQDRGHEQYF	0.0034566065787028
CASIRIPEKLFF	0.0032707675153317
CASSLDHPYEQYF	0.0022300687604534
CASSVLPAYEQYF	0.0020813975097565
CASRREGMADIQYF	0.0019327262590596
CASSPYRRGGSNEQFF	0.0017840550083627
CSARTVGTGGYGYTF	0.0017468871956885
CASSPVDNEQFF	0.0017468871956885
CSARLQELSGNTIYF	0.0016353837576658
CASRTGAVSEQYF	0.0015610481323174
CASSLSGYAGNTIYF	0.0015610481323174
CASSLGIGGEEETQYF	0.001338041256272
CASSVEGRGVSYTF	0.0012637056309236
CASSSPWYTEAFF	0.0012265378182493
CASSLAGGSYYEQYF	0.0011522021929009
CASSPSGGTEAFF	0.0011150343802267
CASSEGSGGGYQPQHF	0.001003530942204
CASSFPNRDGDQETQYF	0.001003530942204
CASSYGLGQPQHF	0.0008920275041813789
CASSPPGGTEAFF	0.0008920275041813789
CASSEALQAVPNYGYTF	0.0008548596915071548
CASSALNEVGRGYYGYTF	0.0007805240661587065
CASSQERFGYEQYF	0.0007805240661587065
CASSWRGRTGELFF	0.0007433562534844825
CASSLGRNLAKNIQYF	0.0007061884408102584
CASSELVAGTVYGYTF	0.0007061884408102584
CASSSPGIIDTQYF	0.0007061884408102584
CASSKDGQRSYEQYF	0.0006690206281360342
CASSLGGTWEKLFF	0.0006690206281360342
CSATTGGPEAYEQYF	0.0006690206281360342
CSARVAGRGNTIYF	0.0006690206281360342
CASSSWSGAYEQYF	0.0006690206281360342
CASSLDRGIDGYTF	0.0006318528154618101
CSARGDRALTSNEQFF	0.0006318528154618101
CASSVAADGNTIYF	0.0006318528154618101
CASSYLGRNNEQFF	0.0006318528154618101
CASSPNGLAGNYEQYF	0.0006318528154618101
CASSEFSTLNYGYTF	0.0006318528154618101
CASSQRGLAGVYEQYF	0.000594685002787586
CASSHLAGSDEQYF	0.000594685002787586
CASSPRGYEQYF	0.0005575171901133618
CASSEGTGGQETQYF	0.0005575171901133618
CSARRTPEGYEQYF	0.0005575171901133618
CASSTGGAWYGYTF	0.0005575171901133618
CASSPWGALTEQYF	0.0005575171901133618
CASSLGVRAYEQYF	0.0005575171901133618
CAISGEEGTDTQYF	0.0005203493774391377
CASSGTITGELFF	0.0005203493774391377
CASSFFQGSHEQYF	0.0005203493774391377
CASSLISVGTDTQYF	0.0005203493774391377
CASSVEEGGGQPQHF	0.0005203493774391377
CASSPVRTEANYGYTF	0.0005203493774391377
CAISAKLMNTEAFF	0.0005203493774391377
CASSPSGGTEAFF	0.0004831815647649136
CASSSSDGGRQPQHF	0.0004831815647649136
CATSDPGQSPYEQYF	0.0004831815647649136
CASSQEGRFNSPLHF	0.0004831815647649136
CASTTGEGTDTQYF	0.0004088459394164653
CASSLVGGTFDTEAFF	0.0004088459394164653
CASGWGRAREQYF	0.0004088459394164653
CAITRGRTEAFF	0.0004088459394164653
CAISVETGTPNYGYTF	0.0004088459394164653
CASSDEGLAGDGEQFF	0.0004088459394164653
CASSLGPNTEAFF	0.0003716781267422412
CASSPRDSSNYGYTF	0.0003716781267422412
CAIGQGGVEAFF	0.0003716781267422412
CASSASGQALNVGNEKLFF	0.0003716781267422412
CASSLAQDRTYEQYF	0.0003716781267422412
CASSLATGPGELFF	0.0003716781267422412
CASSQEGADRGIYEQYF	0.0003716781267422412
CASSYRTGELFF	0.0003716781267422412
CASSLGTAGEQYF	0.0003716781267422412
CASSGGQSPSTGYTF	0.0003716781267422412
CASTGDNEQFF	0.0003716781267422412
CASSLLGNEQFF	0.0003345103140680171
CASSIRERDAFF	0.0003345103140680171
CASSSVGASGYTF	0.0003345103140680171
CASAETLYNEQFF	0.0003345103140680171
CASSFSPTNNEQFF	0.0003345103140680171
CASSLVVAGDNEQFF	0.0003345103140680171
CASSQGGVGGDGYTF	0.0003345103140680171
CASSLGGGYEETQYF	0.0003345103140680171
CASSLVMGRDGYTF	0.0003345103140680171
CASSPLTGIYEQYF	0.000297342501393793
CASSLGETYEQYF	0.000297342501393793
CASSDSMGDTGELFF	0.000297342501393793
CASSQTFSGGHEQYF	0.000297342501393793
CASSDWAGEKSQFF	0.000297342501393793
CASTKVHDTEAFF	0.000297342501393793
CASTSLRGPLHF	0.000297342501393793
CASSRGTGVNTEAFF	0.000297342501393793
CASSQVDSEAFF	0.000297342501393793
CASYSGQGTDTQYF	0.000297342501393793
CSAREAGGHYGYTF	0.000297342501393793
