TCR	Abundance
CASSLEGVGDRTTPGNQPQHF	0.03247355475208
CASSFPGVGGETQYF	0.0118751596123603
CASSQAGGLTNYGYTF	0.0090592615492143
CASSFRGPRELFF	0.0050269492869527
CASSQAVTSTDTQYF	0.0041331200688181
CASSLYMVGKTGYTF	0.0024798720412908
CASSLEYGGRPYEQYF	0.0023521821529859
CAIWTGTGFEEAFF	0.0021102434172502
CASSIRTSYEQYF	0.0019892740493823
CASSPSLGTDTQYF	0.0019153483245742
CASSSFLWNEQFF	0.001572601782282
CASSRRGGGELFF	0.0014986760574738
CASSAGPATGELFF	0.0011693705560558
CAWRHSLMNTEAFF	0.0010618422290622
CAWSVRLDPGELFF	0.0010551217086251
CASSYRGTGELFF	0.000994637024691192
CSARDPGGLYEQYF	0.0009341523407572684
CASSFRGTGELFF	0.0008535060955120364
CASSLGLFGNWDTGELFF	0.0008199034933265232
CASSQGLLAGDQQFF	0.0008064624524523179
CASSSTGNYNEQFF	0.0007661393298297021
CASSPMGRVLGEQYF	0.0007594188093925994
CASSLTGGLRQPQHF	0.0007190956867699834
CATTQGLNAGANVLTF	0.0007123751663328809
CASSPSTGTEAFF	0.000651890482398957
CASSPLISKEELFF	0.000651890482398957
CASSGTSGGADTQYF	0.000631728921087649
CSVEGGSSYEQYF	0.0006182878802134437
CASSLNPTWLAGGLNEQFF	0.0005846852780279305
CASSEGLHGYNEQFF	0.0005846852780279305
CASSDGGAGELFF	0.0005645237167166225
CAIKTGEANEAFF	0.0005510826758424172
CSVEGGTIYEQYF	0.0005510826758424172
CANGPGASGANVLTF	0.000537641634968212
CASSYYQTGANTGELFF	0.000517480073656904
CASSHRDRNYEQYF	0.0004905979919084934
CASSFDRDSLNEKLFF	0.0004637159101600828
CASSLEGSLGNTIYF	0.0004502748692858775
CASSYFLSGQMFMNTEAFF	0.0004502748692858775
CASSPLHGTSGYEQYF	0.0004502748692858775
CASTQGLHSYNEQFF	0.0004435543488487749
CSVSQTGNGYTF	0.0004368338284116722
CASSIKAGTHEQYF	0.0004166722671003642
CAWSVWGGNTEAFF	0.0004099517466632616
CASSFIDRYNSPLHF	0.0004099517466632616
CASSLLAGGYNEQFF	0.0004099517466632616
CSVEGGQFYEQYF	0.0003965107057890563
CATSPGPNYEQYF	0.00038979018535195367
CSAVVNYGYTF	0.00038979018535195367
CASSLSQGTQPQHF	0.00038979018535195367
CASRNSGSNTEAFF	0.00037634914447774834
CASSPWQGWDGYTF	0.0003696286240406457
CASSQWDGSTYEQYF	0.0003696286240406457
CASSIGLAGGPSTDTQYF	0.0003629081036035431
CASRMATTGRGYTF	0.0003629081036035431
CATSESTYYTGELFF	0.00035618758316644043
CASSLGGAEETQYF	0.00035618758316644043
CASSLDAGNYGYTF	0.00035618758316644043
CASSLGGISYNSPLHF	0.0003427465422922351
CASSQDRSRLGGETQYF	0.0003225849809809272
CASSQDHNGYTF	0.0003225849809809272
CASSAGTGSWNEQFF	0.0003158644605438245
CASSLSPGETQYF	0.0003158644605438245
CASSLLDSSYEQYF	0.0003158644605438245
CASSQERWGYNEQFF	0.0003158644605438245
CATRGTSGRNEQFF	0.00030914394010672186
CASSYSMWETQYF	0.0003024234196696192
CATSRDGTSGSTDTQYF	0.0002957028992325166
CARSPGHNQPQHF	0.00028226185835831125
CASSRDSTEAFF	0.00028226185835831125
CASGGTGTYGYTF	0.00028226185835831125
CASRPANTEAFF	0.00028226185835831125
CASSDFEGGLIRTGELFF	0.0002755413379212086
CASSIGQGADTQYF	0.000268820817484106
CASSFGSGGWGDGYTF	0.000268820817484106
CASSYGDRDTGELFF	0.000268820817484106
CASSGDTEAFF	0.00026210029704700334
CASSLGGADSPLHF	0.00025537977660990065
CASIRAGAFTDTQYF	0.00025537977660990065
CSVEGGASYEQYF	0.00025537977660990065
CASSESGDRVGYGYTF	0.00025537977660990065
CASSHRGKRSPLHF	0.000248659256172798
CASSTTHRDRGGGYTF	0.00024193873573569535
CASSHGGDYGYTF	0.0002352182152985927
CASSDSTTNTGELFF	0.00022849769486149007
CASSPYGPRPFTDTQYF	0.00022849769486149007
CSARTAGDGYTF	0.00022849769486149007
CASSNGLAGDTQYF	0.00022849769486149007
CASSPWDRSYGYTF	0.00022849769486149007
CASSVEDKDYGYTF	0.00022177717442438744
CASSETDRKSEKLFF	0.00022177717442438744
CASSVAQLTFSSYEQYF	0.00022177717442438744
CSVEGGTSYEQYF	0.00022177717442438744
CASSLTVGLEAFF	0.0002150566539872848
CASSVAQPGSGNTIYF	0.0002150566539872848
CATDREGGYTF	0.0002150566539872848
CASSFGTGTEAFF	0.0002150566539872848
CASSQVPGQGDNEQFF	0.0002083361335501821
CASSILTGELFF	0.0002083361335501821
CASMGLPNTGELFF	0.0002083361335501821
