TCR	Abundance
CASSQGSNEQFF	0.0893985419198055
CASSFSGFKGTDTQYF	0.0545868772782503
CARNPPDGEHADTQYF	0.039358039692183
CASSLDTNPYEQYF	0.0361279870392871
CSAIPPTRFSYEQYF	0.0320473876063183
CASSLDLPNSPLHF	0.0255771567436208
CASSVAVFGTEAFF	0.0252328878088294
CASSFWVGGNTIYF	0.0216990684487646
CASSLSWDTPDNFNYGYTF	0.019117051437829
CASSEVASGDNTDTQYF	0.0189752936411502
CAISEETPTGELFF	0.0185095180234912
CASRVQVFAGELFF	0.0183576346699068
CASSEASGGATDTQYF	0.0174463345484001
CASTPLQGGIFEKLFF	0.0162110166059133
CASSLAALGQPQHF	0.016190765492102
CSASELAGDEQYF	0.0084447144592952
CASSYGWGQEYEQFF	0.0076549210206561
CASSYLASPLHF	0.0071891454029971
CASSPSDTGTVSYEQYF	0.0054171729445119
CASSLIGVSSYNEQFF	0.0040097205346294
CASSSGRQLTGNTIYF	0.003827460510328
CATSSGDQGGVGEKLFF	0.0037768327257999
CASSLGYSTNEKLFF	0.0036958282705548
CASSLLETQYF	0.0035743215876873
CASSWTDSNSPLHF	0.0031794248683677
CASTEISTVEKLFF	0.0030680437424058
CSVEEGLVGSGYTF	0.0030275415147833
CASSLSPGRTDTQYF	0.0030174159578776
CASSFRTDVYGYTF	0.0029769137302551
CASSDGDTDTQYF	0.002926285945727
CATSRDGGETQYF	0.0028655326042932
CASSTAGDYTDTQYF	0.0027946537059538
CSAYGTVQWNEQFF	0.0027845281490481
CSVYDFYNEQFF	0.0026326447954637
CASSLRTGVMSEAFF	0.0025921425678412
CASSLSRGPNTEAFF	0.0025010125556905
CASSLASDRAGYTF	0.0025010125556905
CASSIPYNEQFF	0.0024301336573511
CASSVGTGSNTEAFF	0.002379505872823
CASSRGTSSYEQYF	0.002268124746861
CASSLETHQPQHF	0.0021364925070878
CASSDQPPDTEAFF	0.0020554880518428
CASSTGLAGASTDTQYF	0.0020048602673147
CASSLGTDIDRFSTDTQYF	0.0020048602673147
CASSMGSHSYNEQFF	0.0019846091535034
CASNPWGSYNEQFF	0.0018226002430133
CASSPPPEPHYGYTF	0.0016707168894289
CASSPNMGVTEAFF	0.0016707168894289
CASSLGLAVREQYF	0.0015289590927501
CASSYASGVGEQYF	0.0014985824220332
CASRPGIAFTDSNQPQHF	0.0014378290805994
CASSLAATVLGYTF	0.0013770757391656
CASSLWTGVPYEQYF	0.0013163223977318
CSVEGLTSGRYNEQFF	0.0013061968408262
CASSTGTAVWGYTF	0.0012859457270149
CASSGWMNTEAFF	0.0012454434993924
CASSLGTLYEQYF	0.0012353179424868
CASSESWSNEQFF	0.0012353179424868
CASSLEGYGYTF	0.0010429323612798
CASSLGRIEAFF	0.0010226812474686
CASSEGGRGNQPQHF	0.0010125556905629
CASSEVGAQPQHF	0.0010125556905629
CASSYSGGMGREHGYTF	0.000951802349129202
CASSFGTGLYEQYF	0.000951802349129202
CASSDSSRSYYEQYF	0.0009416767922235723
CASSTRAGGLQPQHF	0.0009416767922235723
CASSSDQSLTDTQYF	0.0009315512353179424
CASSYGVSLQETQYF	0.0009214256784123128
CASSLGPVGELFF	0.0009214256784123128
CASNLGQGLHEQYF	0.0009113001215066828
CATSDRPPGDTQYF	0.0009113001215066828
CASSYSGQGPYEQYF	0.0008809234507897934
CASSPTGVHYGYTF	0.0008809234507897934
CASRPGPYSNQPQHF	0.0008707978938841636
CAISEGRAGLGEQFF	0.0008302956662616444
CASSLGSLKLFF	0.0007897934386391251
CASSLGIGSNQPQHF	0.0007897934386391251
CASSLASDRAQETQYF	0.0007695423248278656
CASTDGSEQYF	0.0006784123126771973
CAASGEGAYEQYF	0.0006784123126771973
CASSVGTAGTQYF	0.0006784123126771973
CSVWNWDTIYF	0.0006682867557715674
CASSYSATTNEKLFF	0.0006480356419603079
CASSLDTNPYEQYF	0.000637910085054678
CASSFRTGRETQYF	0.0006277845281490482
CASSPRPRGKDEQYF	0.0006176589712434184
CASSTTGGDGELFF	0.0006176589712434184
CASSLDLPNSPLHF	0.0005974078574321588
CASKVGGQSYTEAFF	0.0005974078574321588
CASSEVLAGNAGETQYF	0.0005771567436208991
CSVSPTFSGESYNEQFF	0.0005771567436208991
CATSSGTGTDEKLFF	0.0005670311867152693
CASTPVGAATAGELFF	0.0005670311867152693
CASSFFSATGSKGEQFF	0.0005265289590927501
CASSLGSQPQHF	0.0005265289590927501
CASSYSGGSNQPQHF	0.0004961522883758607
CTSSQVWSGGQKTQYF	0.0004961522883758607
CASSLGHLHYEQYF	0.00046577561765897126
CASSEFGGRGDAETQYF	0.0004556500607533414
CASSQGSNEQFF	0.0004455245038477117
