TCR	Abundance
CASSQDRLTGGYTF	0.0475507276081164
CASSLSWTEAFF	0.0259786841565894
CASSLAGGGIWPQHF	0.0184976429596228
CASSFSRGYEQYF	0.0073273211723713
CASSLQGPTGELFF	0.0068661610985857
CASSGDSYEQYF	0.0056876409100225
CASSPSPPGHYGYTF	0.0056364009018241
CASSQDRGGYGYTF	0.0047653207624513
CSTRTGEYGYTF	0.0045091207214593
CATVHGTGMVGNTIYF	0.0043041606886657
CASSLVATGELFF	0.0042529206804673
CASSPSTRSYEQYF	0.003586800573888
CASRYGSNEKLFF	0.003330600532896
CASSPLRGSPPYGYTF	0.0030231604837056
CASSTQAISGEQYF	0.0030231604837056
CASSTGQGPDTQYF	0.0029719204755072
CATATDFSNQPQHF	0.0029719204755072
CASSLKQGLSSEQYF	0.0026644804263168
CASSRQGAEGYTF	0.0025107604017216
CASSLTVNYGYTF	0.0024082803853248
CASSFDRGYEKLFF	0.0024082803853248
CASSTFSTGDTQYF	0.0023570403771264
CSVENYNEQFF	0.0022545603607296
CASSPSSYEQYF	0.0022033203525312
CASSPTGSYEQYF	0.0022033203525312
CASSLGVVMDNYGYTF	0.0021520803443328
CASSFTSGGAYEQYF	0.002049600327936
CASSLVGRPTANSPLHF	0.0018446402951424
CASATGLAAYEQYF	0.0018446402951424
CASSDNSYEQYF	0.0018446402951424
CASSFHAGPREQYF	0.0016396802623488
CSATLHNTEAFF	0.0016396802623488
CSVTRADTYEQYF	0.001537200245952
CASSEGDSSYEQYF	0.0014859602377536
CASIRDPTNEKLFF	0.0013834802213568
CASGATGGVEAFF	0.0013322402131584
CASSQDRLTGGYTF	0.00128100020496
CASSPPGQSGNQPQHF	0.00128100020496
CASTPGGELFF	0.0012297601967616
CASSWAGGNQPQHF	0.0011785201885632
CASSPLTIPEFSRSQAHTQYF	0.0011785201885632
CASSLPGTGDSYEQYF	0.0011272801803648
CASSPQSLNTGELFF	0.0010760401721664
CSARVGRVGNTIYF	0.001024800163968
CASSQASTTYEQYF	0.0009735601557696248
CASKDGSTDTQYF	0.0008710801393728223
CASSFYSYQETQYF	0.0008710801393728223
CASSQDRGGYGYTF	0.0008710801393728223
CASSQGQGESYEQYF	0.0008710801393728223
CASRTSGGAYIEQFF	0.0008710801393728223
CATSLTSGGASEQFF	0.0008710801393728223
CASTSQDRGYWRGPYEQYF	0.000819840131174421
CASSPLPQGASEKLFF	0.000819840131174421
CASSSGTGVVTEAFF	0.000819840131174421
CASREDRGFSYEQYF	0.000819840131174421
CASSYEIYEQYF	0.0007686001229760197
CASSITDSDGYTF	0.0007686001229760197
CASTPENGGFYEQYF	0.0007686001229760197
CASSQSASGGTPYEQYF	0.0007686001229760197
CSARFGGDTEAFF	0.0007173601147776184
CASSIGQGGGEQYF	0.0007173601147776184
CASSLAGLAYEQYF	0.0006661201065792171
CASSRDRDRFSYEQYF	0.0006661201065792171
CASSHHAQGGFGAYNSPLHF	0.0006661201065792171
CASSPGGPETQYF	0.0006661201065792171
CASSLAGGGIWPQHF	0.0006661201065792171
CASSIVLRIPSGNTIYF	0.0006148800983808157
CASSINWGEETQYF	0.0006148800983808157
CASSLGTGSWTSPDEQYF	0.0006148800983808157
CASSPLDRVEGYTF	0.0006148800983808157
CASSPSWGTDTQYF	0.0005636400901824144
CASSFALSGHEQYF	0.0005636400901824144
CASSGDSYEQYF	0.0005636400901824144
CAIRSMGTQYF	0.0005636400901824144
CASSAPGTPTDTQYF	0.0005636400901824144
CASSLPGTDTQYF	0.0005636400901824144
CASTNLVPEAFF	0.0005636400901824144
CASSPWALGSQETQYF	0.0005124000819840131
CASSVGGDYGYTF	0.0005124000819840131
CASSFGGASYEQYF	0.0005124000819840131
CASSDWDGTQYF	0.0005124000819840131
CASSQLTGAQSYEQYF	0.0005124000819840131
CASSLGVGMRQPQHF	0.0005124000819840131
CASSVLREEQYF	0.0005124000819840131
CAVALGYNEQFF	0.0005124000819840131
CASSLTSIGYTF	0.0005124000819840131
CASSIRSAYEQYF	0.0004611600737856118
CASSLSWTEAFF	0.0004611600737856118
CATSRSTGGTEAFF	0.0004611600737856118
CASRGQEMYYEQYF	0.0004611600737856118
CASSYLAGSTDTQYF	0.0004611600737856118
CASSFSRGYEQYF	0.0004611600737856118
CASSRGPDRAEQFF	0.0004611600737856118
CASRRERVGNSGYTF	0.0004099200655872105
CASSLQRGQETQYF	0.0004099200655872105
CASSSDSYEQYF	0.0004099200655872105
CASSDGRVNEQFF	0.0004099200655872105
CASSPTHYNSPLHF	0.0004099200655872105
CASSLAASLNEQFF	0.0004099200655872105
CASSYSGRRGRDGYTF	0.0004099200655872105
