TCR	Abundance
CASSLEGVGDRTTPGNQPQHF	0.0289138291801407
CASSFPGVGGETQYF	0.0146903695505559
CASSQAGGLTNYGYTF	0.0102114929012399
CASSQAVTSTDTQYF	0.0046950386497656
CASSFRGPRELFF	0.004513462569388
CAWSVWGGNTEAFF	0.0029484496861327
CASSLEYGGRPYEQYF	0.0027322876856831
CASSIRTSYEQYF	0.0020838016843343
CASSPSLGTDTQYF	0.0018503467238487
CASSLYMVGKTGYTF	0.0018244072837947
CAIWTGTGFEEAFF	0.0017379424836149
CASSAGPATGELFF	0.001677417123489
CASSSFLWNEQFF	0.0015477199232192
CAWSVRLDPGELFF	0.0014526086430214
CSARDPGGLYEQYF	0.0014353156829854
CAWRHSLMNTEAFF	0.0013574973628235
CASSRRGGGELFF	0.0013402044027876
CASSYRGTGELFF	0.001080810002248
CASSLGLFGNWDTGELFF	0.000994345202068238
CANGPGASGANVLTF	0.0009511128019783146
CASSPSTGTEAFF	0.0008819409618344372
CASSSTGNYNEQFF	0.0008387085617445138
CSVEGGTIYEQYF	0.0008041226416725751
CASSLGGISYNSPLHF	0.0007608902415826517
CASSFRGTGELFF	0.000752243761564667
CASSPMGRVLGEQYF	0.0007349508015286976
CASSEGLHGYNEQFF	0.0007176578414927283
CASSLSRATGDYGYTF	0.0007003648814567589
CASSLTGGLRQPQHF	0.0006917184014387743
CASSPLISKEELFF	0.0006917184014387743
CASSGTSGGADTQYF	0.0006830719214207896
CATTQGLNAGANVLTF	0.0006830719214207896
CASSLSPGETQYF	0.0006657789613848203
CSVEGGSSYEQYF	0.0006484860013488509
CASSPLHGTSGYEQYF	0.0006139000812769122
CSAWTSGGIAYEQYF	0.0005879606412229581
CAIKTGEANEAFF	0.0005793141612049735
CASSQGLLAGDQQFF	0.0005793141612049735
CASSQDRSRLGGETQYF	0.0005706676811869887
CASSHRDRNYEQYF	0.0005533747211510195
CASTQGLHSYNEQFF	0.0005447282411330347
CASSPWQGWDGYTF	0.0005274352810970654
CASSLGGAEETQYF	0.0005187888010790807
CARSPGHNQPQHF	0.0004928493610251266
CASSYFLSGQMFMNTEAFF	0.0004755564009891573
CASRMATTGRGYTF	0.0004755564009891573
CSARTAGDGYTF	0.00046690992097117264
CASSLEGSLGNTIYF	0.00046690992097117264
CASSIKAGTHEQYF	0.000458263440953188
CASSYSMWETQYF	0.000458263440953188
CASSYYQTGANTGELFF	0.000458263440953188
CASSFIDRYNSPLHF	0.000458263440953188
CASRNSGSNTEAFF	0.0004496169609352033
CSAVVNYGYTF	0.0004323240008992339
CASSLFGTGLTDTQYF	0.00041503104086326455
CSARRTAPMNTEAFF	0.00041503104086326455
CASSIGQGADTQYF	0.0004063845608452799
CSVSQTGNGYTF	0.0004063845608452799
CSVEGGQFYEQYF	0.0003977380808272952
CASSQERWGYNEQFF	0.0003977380808272952
CASSLLAGGYNEQFF	0.00038909160080931055
CASSFDRDSLNEKLFF	0.0003804451207913258
CATSPGPNYEQYF	0.0003804451207913258
CASSQDTHRGWGYTF	0.0003717986407733412
CASSLGGADSPLHF	0.0003631521607553565
CASMGLPNTGELFF	0.0003545056807373718
CASSRDSTEAFF	0.0003545056807373718
CASRPANTEAFF	0.0003545056807373718
CASSAGTGSWNEQFF	0.00034585920071938714
CSVEGGTSYEQYF	0.00034585920071938714
CASSLDAGNYGYTF	0.00034585920071938714
CATSESTYYTGELFF	0.00033721272070140246
CASSLNPTWLAGGLNEQFF	0.0003199197606654331
CASSDGGAGELFF	0.0003199197606654331
CASSLEMGGRGETQYF	0.0003199197606654331
CASSEVAAIYNEQFF	0.0003112732806474484
CASSQWDGSTYEQYF	0.0003112732806474484
CASSLSQGTQPQHF	0.0003026268006294637
CSARGQAAREEQYF	0.0003026268006294637
CASSDGGSGANVLTF	0.0003026268006294637
CASGVGSVNEQFF	0.00029398032061147904
CASSYGDRDTGELFF	0.00029398032061147904
CASSPYGPRPFTDTQYF	0.0002853338405934944
CASSTTHRDRGGGYTF	0.0002853338405934944
CASSDSTTNTGELFF	0.0002853338405934944
CASSHRGKRSPLHF	0.00027668736057550973
CASSPLVGADNEKLFF	0.00027668736057550973
CSASRQGGYQPQHF	0.00027668736057550973
CASSESGDRVGYGYTF	0.00026804088055752505
CASSLTVGLEAFF	0.00026804088055752505
CSVEGGASYEQYF	0.0002593944005395404
CASSEGREGANLGGTF	0.0002593944005395404
CAWSWTSGDNAKNIQYF	0.0002593944005395404
CASRHPDRPTDTQYF	0.0002507479205215557
CASSEGLSYEQYF	0.0002507479205215557
CATRGTSGRNEQFF	0.0002507479205215557
CASSSWTGKGF	0.000242101440503571
CASSGLAGASYEQFF	0.000242101440503571
CASSFRLASYEQYF	0.000242101440503571
CASSILTGELFF	0.000242101440503571
