TCR	Abundance
CASSQGLLWPGELFF	0.0043738084175785
CAPTRGAQHF	0.0026435105820529
CASSEQGGDSYEQYF	0.0018264254930547
CASSIGAGVADTQYF	0.0015700850729769
CASSLVVFGAGGPGNEQFF	0.0015220212442123
CSAREVASGTYNEQFF	0.0013297659291539
CASSVATGVTDTQYF	0.0011214893378406
CASSLQGADTQYF	0.0007209574314689908
CASSLGWGLFF	0.0006248297739397921
CAWKKDWNTEAFF	0.0006248297739397921
CASSYSYEQYF	0.0005607446689203262
CASSPEREEF	0.0005447233926654597
CASTTGRWEAFF	0.00048063828764599386
CASSLRGNEQFF	0.00048063828764599386
CASSIQANSNQPQHF	0.0004646170113911274
CASSVGTGSYYEQYF	0.000416553182626528
CAWSGLAGYSDTQYF	0.000416553182626528
CASSSGSRGYTGELFF	0.0004005319063716616
CASSLGTALEAFF	0.0003524680776070622
CAVEPGGVGNQPQHF	0.0003524680776070622
CASSAGHLQETQYF	0.0003364468013521957
CASSLSRQSVFSYTF	0.0003364468013521957
CASSPTGTSERGELFF	0.0003204255250973293
CASRDTIRLGGIYGYTF	0.0003204255250973293
CAISATGSGRWADTQYF	0.0003204255250973293
CASSLAPDGGGAEQFF	0.0003204255250973293
CASSEGGQGAIEQYF	0.0003204255250973293
CASSEGLADYNEQFF	0.0003044042488424628
CASSLRSQDPYEQYF	0.0003044042488424628
CASSGEGAMRGYTF	0.00028838297258759635
CASSQGANDEQYF	0.00027236169633272986
CASSQDGGAEKLFF	0.00027236169633272986
CASSATGTSRSYNEQFF	0.00027236169633272986
CASSWTGTSESNEQFF	0.0002563404200778634
CASSSGLEQYF	0.0002563404200778634
CASLGTSGGTYNEQFF	0.00024031914382299693
CASSQDIRLAGGHEQYF	0.00024031914382299693
CAWSVGLNTEAFF	0.00024031914382299693
CASSYGTGIYEQYF	0.00024031914382299693
CASSSKREDSNEQFF	0.00024031914382299693
CASSASGGKLFF	0.00024031914382299693
CASSLLFGQGEQPQHF	0.0002242978675681305
CASSSSGRSTDTQYF	0.0002242978675681305
CASSLGRQVNTGELFF	0.0002242978675681305
CASSVGLAGDTQYF	0.0002242978675681305
CASSLAGAAGGETQYF	0.000208276591313264
CASSLGGSREQYF	0.000208276591313264
CASSLRGNEQYF	0.000208276591313264
CASSVGHEPNYGYTF	0.000208276591313264
CASSMDSYNEQFF	0.000208276591313264
CASSLGQDLPQHF	0.000208276591313264
CASSLGVASIRGELFF	0.0001922553150583976
CASSHSRTGGGEKLFF	0.0001922553150583976
CSAGKDTQYF	0.0001922553150583976
CASSIGADPIHEQYF	0.0001922553150583976
CASMTDSNQPQHF	0.0001922553150583976
CASSTTLAGAGELFF	0.0001922553150583976
CSARNPIPYSNQPQHF	0.0001762340388035311
CASTSSSGILSDEQYF	0.0001762340388035311
CASRQGAIGYTF	0.0001762340388035311
CASSQERAGSNYGYTF	0.0001762340388035311
CASSHSPSGTGDGYTF	0.0001762340388035311
CASSQVRGNQPQHF	0.0001762340388035311
CSAETGDQPQHF	0.0001762340388035311
CASSDSGRVNQPQHF	0.00016021276254866464
CASSPLGGTYEQYF	0.00016021276254866464
CASSLGVLAGVQYNEQFF	0.00016021276254866464
CASSPAAKNIQYF	0.00016021276254866464
CASSQDSRAPLYGYTF	0.00016021276254866464
CASSGQTNQPQHF	0.00016021276254866464
CASSSSNSNQPQHF	0.00016021276254866464
CASSSTGQHGYTF	0.00016021276254866464
CASSLLYYPGGNQPQHF	0.00014419148629379815
CASSNDKTGELFF	0.00014419148629379815
CASSSRQGYEQYF	0.00014419148629379815
CAISESGQGATEAFF	0.00014419148629379815
CASNQVPYGYTF	0.00014419148629379815
CAISESGTTYEQYF	0.00014419148629379815
CASSYQETQYF	0.00014419148629379815
CASRKGTTGELFF	0.00014419148629379815
CALGGYEQYF	0.00014419148629379815
CASSWTGGYEQYF	0.00014419148629379815
CASRRTGSTEAFF	0.00014419148629379815
CASRGRGRPNNEQFF	0.00014419148629379815
CASRARAGVYEQYF	0.00014419148629379815
CASSHLVEVRYF	0.00014419148629379815
CSAREQGGRSYEQYF	0.00014419148629379815
CSVEGLGAFF	0.00014419148629379815
CASSSGLAGEFF	0.0001281702100389317
CSAIGTGGNQPQHF	0.0001281702100389317
CASSLLDSLNTEAFF	0.0001281702100389317
CASSYVAQVYGYTF	0.0001281702100389317
CASSYQETQYF	0.0001281702100389317
CASDPTGTASSYEQYF	0.0001281702100389317
CASSQAPRGTNEKLFF	0.0001281702100389317
CSVEGQQRSGYTF	0.0001281702100389317
CASSQGGGRISQETQYF	0.0001281702100389317
CASSTWDGYGYTF	0.0001281702100389317
CASSLEGGLPQHF	0.0001281702100389317
CASSLDTAYEQYF	0.0001281702100389317
