TCR	Abundance
CSARQGDTEAFF	0.0238293193155608
CASKIPGETGELFF	0.0185458348978168
CASSEGQDNSPLHF	0.005618730890951
CASSEGGSGANVLTF	0.0037949900767043
CASSQETGAYTIYF	0.0032720055785013
CASSQASGDPNTGELFF	0.0028428900927962
CASSEGTGDTGELFF	0.0026685619267285
CASSQEGSKDTQYF	0.0026417422088719
CASSAGTDVYEQYF	0.00226626615888
CASSLDEKNEQYF	0.0019041999678163
CASSEGDTGELFF	0.0018371506731749
CASSQETGSYEQYF	0.0011800675856889
CASSYALGGRSPLHF	0.0011130182910475
CATTDRGAGYTF	0.0010325591374778
CASSLGRVPYEQYF	0.0009655098428364532
CASSPTGYGYTF	0.0009118704071233172
CASTELAGGGTDTQYF	0.0008448211124818967
CASSFHRGGASTDTQYF	0.0008045915356970445
CASSLSDYEQYF	0.0007643619589121922
CASSYSGLVRTDTQYF	0.0007509520999839081
CASSQDLPGLASYEQYF	0.0006704929464142037
CASSQDVESSSYNEQFF	0.0006704929464142037
CASSEGERTEAFF	0.0006570830874859197
CASSGTSGGAYEQYF	0.0006570830874859197
CASSPTGTGHGYTF	0.0006168535107010674
CASGTSGNTGELFF	0.0006034436517727834
CSVRQTEAFF	0.0006034436517727834
CSDQWTGHSYEQYF	0.0005900337928444993
CASSQTAYGYTF	0.0005766239339162152
CASSQELGDQPQHF	0.0005363943571313629
CASSQVGDFYGYTF	0.0004961647803465107
CASQGTNQPQHF	0.0004425253446333745
CASSQDNTEIHQETQYF	0.0004291154857050904
CASSLGLAGIADTQYF	0.0004291154857050904
CASSSPETGRTEAFF	0.0004291154857050904
CASKPRQTSAPLHF	0.0004291154857050904
CASSDGRGGTDTQYF	0.0004157056267768063
CSARPQTGLFVGELFF	0.0004157056267768063
CATRQESSYNSPLHF	0.00040229576784852223
CASSIDSPFFYGYTF	0.00040229576784852223
CASSDSGGQGANVLTF	0.0003888859089202382
CSAEPRPGGAAEAFF	0.0003888859089202382
CASSRTSGRANEQFF	0.0003888859089202382
CASSYSGTSGGAAGELFF	0.00037547604999195407
CASSEERGGGKFEQFF	0.00037547604999195407
CASSLADNQPQHF	0.00037547604999195407
CASSQSYHQQGANEQFF	0.00037547604999195407
CASSYSTSGGYEQYF	0.00037547604999195407
CASSQEGGASNSPLHF	0.00036206619106367
CSARDRTGNGYTF	0.000348656332135386
CASSDSTGGQPQHF	0.000348656332135386
CATSDNREIVPQHF	0.000348656332135386
CAWSERVAYEQYF	0.00033524647320710185
CASSEGGYRDTGELFF	0.00033524647320710185
CASSQHDPLGGGTYEQYF	0.00033524647320710185
CASSPYLVAAVSSYEQYF	0.0003218366142788178
CASSSRDRGPGELFF	0.0003218366142788178
CASSSTDTPYEQYF	0.0003218366142788178
CASSEAQGGGYEQYF	0.0003218366142788178
CASLRGEGLGETQYF	0.0003218366142788178
CATSDYGEDTQYF	0.0003218366142788178
CASSTGGPTNYGYTF	0.0003084267553505337
CASSSFYLGRGVGYEQYF	0.0003084267553505337
CASSDSRVGPRGEKLFF	0.00029501689642224963
CAIGTGQPQHF	0.00029501689642224963
CATSAYPGTGELFF	0.00029501689642224963
CSARDTGGVWNIQYF	0.00029501689642224963
CAWAGFRELFF	0.0002816070374939656
CASSLLQTYEQYF	0.0002816070374939656
CASSASPKNIQYF	0.0002816070374939656
CASSDSAGAYNEQFF	0.0002816070374939656
CASSQGGHQGRHEQYF	0.00026819717856568147
CACHRTSGELFF	0.00026819717856568147
CASSYRETDTQYF	0.00026819717856568147
CASSLGAFEGNGYTF	0.00026819717856568147
CASSYSDTNTGELFF	0.00026819717856568147
CSARLAGFYEQYF	0.00026819717856568147
CASSEAPGTGGGGLFF	0.00026819717856568147
CASSPPTGTGTDTQYF	0.00026819717856568147
CASSRASGRSPGELFF	0.00026819717856568147
CASRNSGRHYEQYF	0.0002547873196373974
CATSDLGGEGKGTDTQYF	0.0002547873196373974
CASGLTGTQGRPQHF	0.00024137746070911333
CASSIVGTSYGYTF	0.00024137746070911333
CASSLGSGDRNEQFF	0.00024137746070911333
CASSLRFRGAEAFF	0.00024137746070911333
CASSDIPRGQEYYGYTF	0.00022796760178082928
CASSPPRANVLTF	0.00022796760178082928
CASSDSDQSEQFF	0.00022796760178082928
CASSPASYDSYNEQFF	0.00022796760178082928
CASSRQGATGANVLTF	0.00022796760178082928
CASSEAAGGYNEQFF	0.00022796760178082928
CASSPDGGGSNEQFF	0.00022796760178082928
CASSLAGYGYTF	0.00022796760178082928
CASSLRQVNEQYF	0.00022796760178082928
CASSARGESSYEQYF	0.00022796760178082928
CASSRQFPLGTEAFF	0.00022796760178082928
CSARQGGPIAQYF	0.00022796760178082928
CASSEADRSYEQYF	0.00022796760178082928
CASSPLAVPYEQYF	0.00022796760178082928
