TCR	Abundance
CASSLDVTGGSRKLFF	0.0215384615384615
CASSMGSPGVSYGYTF	0.0111764705882352
CASSVRGSGLNTEAFF	0.0104072398190045
CASDGRGETQYF	0.0083257918552036
CASSLGTSVHNEQFF	0.0077375565610859
CASSPLTGTGYYGYTF	0.0075113122171945
CASSLLGREILFF	0.0053393665158371
CASSADRNEQFF	0.0052488687782805
CASSGGLELFF	0.004841628959276
CASSASRTSANTGELFF	0.0047511312217194
CASSEWTGYQPQHF	0.004524886877828
CSARGPVTYEQYF	0.0041628959276018
CASSLYPVSSYNEQFF	0.0040723981900452
CASSLGLEAFF	0.0038914027149321
CASNAGLNTGELFF	0.0038009049773755
CSASPPVANTDTQYF	0.0028959276018099
CATSIQPGEKLFF	0.0026244343891402
CASSQSPGGIQYF	0.0025339366515837
CASSPPQGVSYNEQFF	0.0024886877828054
CASSLLGDDWADSTDTQYF	0.0024886877828054
CAWRRDRNEKLFF	0.0024434389140271
CASSYPGQGLYNEQFF	0.0023981900452488
CSVFGLSGSYEQYF	0.0023076923076923
CASSFSGSYEQYF	0.0022171945701357
CASSPTGTEAFF	0.0021719457013574
CASSPGSASYGYTF	0.0021266968325791
CASTPWDRAYEQYF	0.0020361990950226
CASSSLTGNYGYTF	0.001945701357466
CASISSGAGETQYF	0.0019004524886877
CSAFDPGTGENGYTF	0.0018552036199095
CASSPFPGQVVNSPLHF	0.0017647058823529
CASSLIARDGGYTF	0.0016742081447963
CASSLMLGDRYEQYF	0.001628959276018
CASGLGLTYNEQFF	0.0015837104072398
CASSMDRTRGYTF	0.0014027149321266
CASSQARQGHNSPLHF	0.0013122171945701
CSVEGDRGRSETQYF	0.0013122171945701
CASSYSGVLSGANVLTF	0.0012669683257918
CASSVGHNQPQHF	0.0012217194570135
CASSVVAERNTIYF	0.0012217194570135
CASSQTGEFNTDTQYF	0.0011764705882352
CASSRDRLNSPLHF	0.0011764705882352
CASSLQGANYGYTF	0.0011764705882352
CASSVGDLLTGELFF	0.001131221719457
CASRDRDEQYF	0.001131221719457
CASSQGGSSGRLNYYEQYF	0.001131221719457
CASSPLQSGANVLTF	0.0010859728506787
CASSLSDTQYF	0.0010859728506787
CASSYTSSGSETQYF	0.0010407239819004
CASSGTTGIEAFF	0.0010407239819004
CASSLSIRGDYGYTF	0.000995475113122172
CASSTRQVYYEQYF	0.0009502262443438916
CASTPHGTGGSYEQYF	0.0009502262443438916
CSATGLAGDYEQYF	0.0009049773755656108
CASRGDNTDTQYF	0.0009049773755656108
CASSPTSAGDTQYF	0.0009049773755656108
CASSLSRGLLNGYTF	0.0009049773755656108
CASSSGQLGTLYTDTQYF	0.0008597285067873303
CASSGAGRTEAFF	0.0008597285067873303
CATSGRGVEAFF	0.0008144796380090498
CASSPGDEQFF	0.0008144796380090498
CASSDALNYGYTF	0.0008144796380090498
CASSWGPGEQYF	0.0008144796380090498
CASRTGGGEQYF	0.0007692307692307692
CASSSRPEKQPQHF	0.0007692307692307692
CASFRDKHYEQYF	0.0007692307692307692
CASSLAVHVGNGGEAFF	0.0007692307692307692
CASSNGAGRNEKLFF	0.0007239819004524887
CASSRTGCYEQYF	0.0007239819004524887
CASGRGSGLPDTQYF	0.0006787330316742081
CASSPPLLAASPTDTQYF	0.0006787330316742081
CASSLALVAGNNEQFF	0.0006787330316742081
CASSPGKQPQHF	0.0006334841628959276
CASSETVQYGYTF	0.0006334841628959276
CASGLELNTEAFF	0.0006334841628959276
CAWSGLAGEGEQFF	0.000588235294117647
CASSPFLTGELFF	0.000588235294117647
CASSTLPLYGYTF	0.000588235294117647
CASSPPRANTEAFF	0.000588235294117647
CAISVTGVREKLFF	0.000588235294117647
CASSQVRTGDTRDTQYF	0.000588235294117647
CASSLDLNTEAFF	0.0005429864253393666
CASSGLAPSTDTQYF	0.0005429864253393666
CASTIGGPNQPQHF	0.0005429864253393666
CASRLTAFAPLHF	0.0005429864253393666
CAISETLNYGYTF	0.0005429864253393666
CASRPGGRGVEEQYF	0.000497737556561086
CATSEQAGEKLFF	0.000497737556561086
CASSPGTSVYEQYF	0.000497737556561086
CASARTVNYGYTF	0.000497737556561086
CSATTPGGAYEQYF	0.000497737556561086
CASSEWAGELFF	0.0004524886877828055
CATSRDPPAYEQYF	0.0004524886877828055
CASSVDGINGYTF	0.0004524886877828055
CASSLRDEADTQYF	0.0004524886877828055
CASSQDLVERTNEKLFF	0.0004524886877828055
CAWRPQGDPFDYTF	0.0004524886877828055
CASSFIHIEDYGYTF	0.0004524886877828055
CSASGQVLNTEAFF	0.0004524886877828055
CASSFPGADGYTF	0.0004524886877828055
