TCR	Abundance
CASSPRLKTRGYEQYF	0.0094079315786794
CASSPPARGINYGYTF	0.0055490505523596
CASSQGHGRNQPQHF	0.0054574148551646
CASSFAGGPDIRGRFF	0.0053148704373059
CASSYADSVENSPLHF	0.0043730591050246
CAETGGTGESGANVLTF	0.0042050603268339
CASSSLTSGGADTQYF	0.0039606984676475
CASSQGAEGNYGYTF	0.0035381560861375
CASSQSDTRWGGNEQFF	0.003451611261009
CASSLTSGYQETQYF	0.0031868859135569
CASSLTLAGARPRTDTQYF	0.0027439800437814
CATSDTGVSTDTQYF	0.0027185256834495
CASSFGEGQPQHF	0.0022603471974749
CSANTGDHYEQYF	0.002143257139948
CASSRDRAHTEAFF	0.0021330753958153
CASSVLPPSRSPLHF	0.0021279845237489
CASRGLAVTGELFF	0.0020618031868859
CASSLGEARLTDTQYF	0.0019294405131599
CASSTGVYGYTF	0.0016545334215751
CAISEGRSSYNEQFF	0.0016545334215751
CASSPKVYSNQPQHF	0.0014967163875171
CASSIGGADYNEQFF	0.0014458076668533
CASSPYWTGGTDTQYF	0.0013134449931273
CASSRDSDEKLFF	0.0012676271445298
CASSDKEDTEAFF	0.0012116275517996
CASRGLSSADF	0.0012065366797332
CASSGSGGYSYNEQFF	0.001191264063534
CASSRVPGHMNTEAFF	0.0011861731914676
CASSVGTSGGTQETQYF	0.0011454462149366
CASSSALMGGQPQHF	0.0011098101104719
CASSLLRTANGELFF	0.001058901389808
CASKTGTGGSEQFF	0.0010436287736089
CASSWTGYYNEQFF	0.0010232652853433
CASSGGGRGQPQHF	0.0010232652853433
CASSLEAGAKVQETQYF	0.0010181744132769
CASRPQGESNGYTF	0.0010130835412106
CASSSTGVRSGANVLTF	0.0010079926691442
CASSMVQGPGDTQYF	0.0010029017970778
CANWEETQYF	0.0009469022043476048
CASSIGTELFQETQYF	0.00092144784401568
CASMGRGLLLYGYTF	0.00091126609988291
CASSAQDPASPYEQYF	0.0008807208674846001
CASSEGEQYF	0.0008603573792190602
CSARHDYEQYF	0.0008094486585552105
CASLAGKGQPQHF	0.0008094486585552105
CASSEAQQGGEKLFF	0.0008043577864888256
CASSTGVYGYTF	0.0007992669144224405
CASSPLGSSSSYEQYF	0.0007839942982232857
CASSSTDTQYF	0.0007839942982232857
CASSLAYSLYGYTF	0.0007738125540905157
CASSESSGGVDTQYF	0.0007432673216922059
CASSADRTEQYF	0.0007330855775594359
CSAVFIGGRTEAFF	0.000727994705493051
CASSLALGGAEAFF	0.000722903833426666
CASSEGPAGGRDTQYF	0.0007178129613602811
CASSLAVGYNEQFF	0.0007076312172275111
CASGLRTGGSLMVQYF	0.0006923586010283561
CASSLYGGRSNSPLHF	0.0006872677289619712
CASKKLGGYGYTF	0.0006567224965636614
CASSENGGATDTQYF	0.0006516316244972764
CASSSGQGRDYGYTF	0.0006465407524308914
CASSDLLNQPQHF	0.0006312681362317365
CASSHLGAGNRETQYF	0.0006261772641653515
CASKSPLEAFF	0.0006159955200325816
CASSLLGGDLYEQYF	0.0006109046479661967
CASSATGYYEKLFF	0.0006058137758998116
CASSRSELVRNEKLFF	0.0005956320317670417
CASSPGESSGGLNTDTQYF	0.0005956320317670417
CASSRVGDTQYF	0.0005803594155678868
CASSTAPGLATLNIQYF	0.0005803594155678868
CATSDDRGRQPQHF	0.0005803594155678868
CASSDPSGGTYEQYF	0.0005701776714351169
CASSIQGYYGYTF	0.0005650867993687318
CASTWTGVDIQYF	0.000549814183169577
CASTPRQGRDYGYTF	0.0005447233111031919
CASTRQGADEAFF	0.000539632439036807
CASSPLYDEQFF	0.000539632439036807
CASPRTTDTQYF	0.000534541566970422
CASSVGQDKPPQHF	0.0005192689507712671
CASSLSRVGNTIYF	0.0005090872066384972
CASSAGQGWYEQYF	0.0005039963345721122
CSVSGTPLPTQYF	0.0005039963345721122
CASSGGAGGSYEQYF	0.0004989054625057272
CASSIPDRDYGYTF	0.0004938145904393422
CASSPGPDRYEQYF	0.0004887237183729573
CASAPGLYYYEQYF	0.0004887237183729573
CASSFSDNPKTQYF	0.0004836328463065723
CAGSTGVYGYTF	0.00047854197424018735
CASSSGGFTDTQYF	0.0004734511021738024
CASSPGRGEAEKLFF	0.0004734511021738024
CASSDIWTGTEAFF	0.0004683602301074174
CASGRQGLGYGYTF	0.0004683602301074174
CASQSGFGGDIQYF	0.0004632693580410324
CASKRDKRNSPLHF	0.0004632693580410324
CASSQELGTAMNTEAFF	0.0004632693580410324
CASRLLAGVNTGELFF	0.00045817848597464746
CASSLQPESNQPQHF	0.00045308761390826246
CASSFGDRTTDTQYF	0.00045308761390826246
CASSRPQMSSGNTIYF	0.00045308761390826246
CSARGQADYEQYF	0.0004479967418418775
