TCR	Abundance
CASSEAVGSSYEQYF	0.0038264209349651
CAWSTLKKPYYGYTF	0.0035684599730574
CASSEGTSGYNEQFF	0.0027659147582332
CASSLGPRKLFF	0.0020780188598125
CASSVRFRNEKLFF	0.0017269053283269
CAIQRGWEPYNEQFF	0.0016337527587491
CASSLVGVGYTF	0.0011034996703832
CASSDSRGIAEKLFF	0.0010533405944567
CASSFRQGPFHGYTF	0.0010246782653558
CASSSWDTIYF	0.0009243601135028232
CASSLPLRENTIYF	0.0008956977844019605
CATSVAGGIHEQYF	0.0008813666198515291
CASSQPWRGNTGELFF	0.0007667173034480782
CASSFGITYEQYF	0.0007595517211728625
CASKLVSGNQPQHF	0.0007452205566224311
CASSPPGTSSYNEQFF	0.0007308893920719997
CSANWDRDTEAFF	0.0007237238097967841
CASSRGTGSYEQYF	0.0006950614806959214
CASSEYSETAYGYTF	0.0006449024047694116
CASRSWDGNTEAFF	0.0006449024047694116
CASSSRTGGDYGYTF	0.0005947433288429018
CASSQDKDTGANVLTF	0.000566080999742039
CATSDRTVDLGEQFF	0.0005589154174668234
CASSEGDTALEGYTF	0.000544584252916392
CASSYPGGYTF	0.0005230875060907449
CSARGTGGSQPQHF	0.0005087563415403136
CASSAQGYSKNIQYF	0.0004944251769898822
CASSQDQDHEQFF	0.0004872595947146665
CSASSFYNEQFF	0.0004872595947146665
CASSSAGQEAFF	0.0004585972656138038
CASSQGSGSGANVLTF	0.0004371005187881568
CASSPSLRGAGQPQHF	0.000429934936512941
CASSLREGGNTEAFF	0.000429934936512941
CASSLEGSGSSYNEQFF	0.00041560377196250966
CASSDRDTGELFF	0.0004012726074120783
CASSYGGYEQYF	0.0003941070251368626
CASSPGLAVNTGELFF	0.0003941070251368626
CASSLPSGTDIQETQYF	0.0003797758605864313
CASSDGVGTGGNEQFF	0.0003797758605864313
CASSKDRGPEAFF	0.00037261027831121554
CSARWGMGNQPQHF	0.0003654446960359999
CASSYRGNTEAFF	0.0003654446960359999
CASSEAVGSSYEQYF	0.0003654446960359999
CASSILGTDYNEQFF	0.0003511135314855685
CAWSSIPGSAGAPNQPQHF	0.0003296167846599215
CSVRLRDRGHEQYF	0.0003224512023847058
CASSLALGSYEQYF	0.00031528562010949007
CASSDEGAIYGYTF	0.00031528562010949007
CASSFLGQPQHF	0.0003081200378342744
CASSYSGTNTEAFF	0.0003081200378342744
CASSQRELLYNEQFF	0.0003081200378342744
CASSLPSPGVFTEAFF	0.0003009544555590587
CASSQEGPWAQYF	0.00028662329100862736
CASSQEDRASVGGNTIYF	0.00028662329100862736
CASSLGPGWNTEAFF	0.0002794577087334117
CASSSLFYGYTF	0.0002794577087334117
CASSPTRVENTGELFF	0.000272292126458196
CASSYPHTYVYEQYF	0.000272292126458196
CASSPPVGLTYF	0.0002651265441829804
CASSYDGVRQPQHF	0.0002507953796325489
CAISDTSGTYEQYF	0.0002507953796325489
CASSEGDTGELFF	0.0002507953796325489
CASSSGTGNSPLHF	0.0002364642150821176
CASSFTGLSYGYTF	0.0002221330505316862
CASSERAETQYF	0.0002221330505316862
CASSDAAGGYNEQFF	0.0002221330505316862
CASSLGPSGTKHEQFF	0.0002221330505316862
CASSLTGGQAYYEQYF	0.0002149674682564705
CASSPPGLAGDNEQFF	0.00020780188598125483
CATSRDSGAGGETQYF	0.00020780188598125483
CASRTGSDTGELFF	0.00020780188598125483
CSARDSSERAPLHF	0.00020780188598125483
CASSFGLGYEQYF	0.00020780188598125483
CASSAPDTEAFF	0.00020780188598125483
CAIKEERSNQPQHF	0.00020780188598125483
CASSPAGAVTDTQYF	0.00020780188598125483
CASMRPGQGYEQYF	0.00020063630370603915
CATSEQILPGELFF	0.00020063630370603915
CAWSVQGQNTEAFF	0.00019347072143082348
CASSQAGDSAKNIQYF	0.00019347072143082348
CASSQGESSQPQHF	0.00019347072143082348
CSVVPRNYEQYF	0.00019347072143082348
CAMGTSGNTDTQYF	0.00019347072143082348
CSARGTSTDYEQYF	0.00019347072143082348
CASSPRDSWGYNEQFF	0.00018630513915560777
CASSQGLAESYEQYF	0.00018630513915560777
CASSHMREANEQFF	0.00018630513915560777
CATSSGTGGNEQFF	0.00018630513915560777
CASSPSTDTQYF	0.00018630513915560777
CASRSRTGGGYTF	0.00018630513915560777
CSASTGDTEAFF	0.00018630513915560777
CASSSPGRLAGGPILYGYTF	0.0001791395568803921
CAWIPGQYRQPQHF	0.0001791395568803921
CASRLQVNEQFF	0.0001791395568803921
CASSGDPELGTQYF	0.0001791395568803921
CSAAAGTELYEQYF	0.0001791395568803921
CASSVRTSGSENTQYF	0.00017197397460517642
CASSPGLAVESSEQFF	0.00017197397460517642
CASSLGGSEKLFF	0.00017197397460517642
CASSYTYEQYF	0.00017197397460517642
