TCR	Abundance
CASRAGGHNEQFF	0.0084017451335675
CAIRGQPQYEQYF	0.0059520796849851
CSVQMNTEAFF	0.0033303302999321
CASSLHTPTQYF	0.0028292623672676
CATRGTGNYGYTF	0.0025610138780633
CSVGGFYEQYF	0.0019131684701738
CASSYSTSGGNEQFF	0.001736023241454
CASSSTTEQYF	0.0017309619492048
CASSLVWDYTF	0.0016550425654678
CASSQDRGGQETQYF	0.0015993683507273
CASSQGLAGGPSTDTQYF	0.001589245766229
CASSQEVGRDTGELFF	0.0014627134600006
CASSFRGDSNQPQHF	0.0014019779530109
CASSQDHNYGYTF	0.0012602617700351
CASSSTANYGYTF	0.0012298940165403
CASRDNYGYTF	0.0012147101397928
CASRLPYQPQHF	0.0012096488475437
CSARFQGRDTGELFF	0.0011944649707963
CASSGPDRGLFEAFF	0.0011894036785472
CASSHSNSAIYF	0.0011489133405541
CASSPGTGGQETQYF	0.0011236068793084
CSARPAGNTEAFF	0.0010679326645679
CASSEGSNQPQHF	0.0010223810343256
CASPSGVGGYTF	0.0009818906963325875
CASSEGGGHTDTQYF	0.0009818906963325875
CASSSSGGLNEQYF	0.0009414003583394912
CASSERGGEDTQYF	0.0008907874358481207
CATSRDPGTGSYEQYF	0.0008705422668515725
CASSQDSGEPTGELFF	0.0008553583901041614
CSARPSGNTEAFF	0.0008249906366093391
CASSIDWTGTYEDEKLFF	0.0008249906366093391
CASSEGTSGQETQYF	0.0008249906366093391
CASRAGGHNEQFF	0.0008199293443602021
CASSAGHPNEQYF	0.000814868052111065
CSAGSPEAFF	0.000809806759861928
CASSLGQGDTGELFF	0.0008047454676127909
CASTLNGNTEAFF	0.0007845002986162427
CSAHLNTEAFF	0.0007794390063671057
CASSRGPWANQPQHF	0.0007743777141179686
CAINERSLSSTDTQYF	0.0007440099606231463
CASSDSPGTDTQYF	0.0007288260838757352
CASSYSAGGTSTDTQYF	0.0007288260838757352
CASSQGAGGPYNEQFF	0.0007237647916265982
CASSHAHAYEQYF	0.0007237647916265982
CASSDGGTGDTGELFF	0.0006883357458826387
CASSLGNSGYTF	0.0006832744536335017
CASSPRDRGGYEQYF	0.0006832744536335017
CSARELTGDGNQPQHF	0.0006680905768860905
CASSVLASGTDTQYF	0.0005972324853981719
CASSYGGATDTQYF	0.0005871099008998978
CASSVLGEINYGYTF	0.0005668647319033496
CSARDHGGIWQYF	0.0005668647319033496
CASSLGINEQFF	0.0005668647319033496
CASSEALGGNEKLFF	0.0005618034396542125
CASRPGTGGYGYTF	0.0005567421474050755
CANGAGDTGELFF	0.0005567421474050755
CSARPQGNTEAFF	0.0005567421474050755
CSARLTVDYEQYF	0.0005516808551559384
CSAVRPGLDYNEQFF	0.0005516808551559384
CATSREGSRNSPLHF	0.0005415582706576643
CSARDLQGNQPQHF	0.0005415582706576643
CASSEGNTGELFF	0.0005162518094119791
CASGPGRGESPLHF	0.000506129224913705
CASSQDGGDNTGELFF	0.0004960066404154309
CASSLTRGQGASTGELFF	0.0004909453481662938
CASSVGQGPNQPQHF	0.0004858840559171568
CSARDPTVNTEAFF	0.0004808227636680197
CASSHDMGQPSYEQYF	0.0004808227636680197
CASSSGLAEKETQYF	0.00047576147141888266
CATKWDRWDPSYNEQFF	0.00046563888692060856
CSARVRVGNTIYF	0.00045551630242233446
CSARPGHLDTGELFF	0.0004453937179240604
CASSYNSNQPQHF	0.0004453937179240604
CASSMDTNFYGYTF	0.0004403324256749233
CASSYSMGGHQPQHF	0.0004403324256749233
CASSEGGGSGELFF	0.0004403324256749233
CAWRRLAGGNYEQYF	0.0004352711334257863
CASRGGNGYEQYF	0.0004302098411766492
CASTGTKNSPLHF	0.0004302098411766492
CASSLGGGTGELFF	0.0004150259644292381
CASSQDHNYGYTF	0.00040996467218010093
CSASSGGLSSYEQYF	0.000404903379930964
CASGDRGYGYTF	0.000404903379930964
CASSLDRTGEAGANVLTF	0.0003947807954326899
CASSSKGSYRSSYNSPLHF	0.0003947807954326899
CASSELAGGTDTQYF	0.0003947807954326899
CSAGGEDYEQYF	0.0003947807954326899
CASSILGSSYNEQFF	0.0003846582109344158
CASSHSGTGEYEQYF	0.00037959691868527873
CAISGSAGGSNTEAFF	0.00037959691868527873
CASSIGMTYEQYF	0.00037959691868527873
CACVINNEQFF	0.00037959691868527873
CATSRDRSSGANVLTF	0.00037959691868527873
CSAAGLAGNYEQYF	0.0003745356264361417
CASTAGGDYNEQFF	0.0003745356264361417
CASSYRDKKYYGYTF	0.0003745356264361417
CASSAQAGGSNEQFF	0.0003745356264361417
CASSEEAGGPNTQYF	0.0003745356264361417
CASSDSTGGNSPLHF	0.0003593517496887305
CASSIVRNRGLQPQHF	0.0003593517496887305
