TCR	Abundance
CASSLSWTEAFF	0.0524848732068801
CASSPSTRSYEQYF	0.0443266027602148
CASSQDRLTGGYTF	0.0289618600856618
CASSLAGGGIWPQHF	0.0174722958732748
CSVENYNEQFF	0.0172003535250526
CASRYGSNEKLFF	0.0134611462369977
CASSLQGPTGELFF	0.0104017948194982
CASSLGVVMDNYGYTF	0.0072064722278876
CASSTGQGPDTQYF	0.0065266163573322
CASSLGAAPTNEKLFF	0.0056428037256101
CASSPLTIPEFSRSQAHTQYF	0.0048269766809436
CASSPSAVVGIYEQYF	0.0044870487456659
CASSQTGTGDYEQYF	0.0042830919844992
CASSQDRGGYGYTF	0.0036712217009993
CASSPSPPGHYGYTF	0.0036032361139438
CASSFSRGYEQYF	0.0034672649398327
CASTSQDRGYWRGPYEQYF	0.0033992793527772
CASSFTSGGAYEQYF	0.0032633081786661
CASSFALSGHEQYF	0.003127337004555
CASSEWVGEGYEQYF	0.0030593514174994
CASSGDSYEQYF	0.0030593514174994
CASKDGSTDTQYF	0.0030593514174994
CSARFGGDTEAFF	0.0028553946563328
CATVHGTGMVGNTIYF	0.0028553946563328
CASSLVATGELFF	0.0027874090692773
CASSYLAGSTDTQYF	0.0027194234822217
CASIRDPTNEKLFF	0.0027194234822217
CATATDFSNQPQHF	0.0025834523081106
CASSWAGGNQPQHF	0.0025154667210551
CASSLKQGLSSEQYF	0.0025154667210551
CSARVGRVGNTIYF	0.0024474811339995
CASATGLAAYEQYF	0.0021075531987218
CASSRQGAEGYTF	0.0019715820246107
CASSLGTGNTEAFF	0.0019715820246107
CASSPGGPETQYF	0.0019035964375552
CASSLVGRPTANSPLHF	0.0019035964375552
CASSDNSYEQYF	0.0018356108504996
CASSIGQGGGEQYF	0.0018356108504996
CASTPENGGFYEQYF	0.0016996396763886
CASSLTYPSPEQYF	0.001631654089333
CASSPSSYEQYF	0.001631654089333
CASSSGTGVVTEAFF	0.001631654089333
CASSPIIAATKSTDTQYF	0.0015636685022775
CASSPLRGSPPYGYTF	0.0015636685022775
CASSQRPQHF	0.0014956829152219
CASSFHAGPREQYF	0.0014276973281664
CSARFDPSYEQYF	0.0013597117411108
CAIRSMGTQYF	0.0012237405669997
CASRLAGLSYEQYF	0.0012237405669997
CASSVAIGFQETQYF	0.0010877693928887
CASSQRAYRANYGYTF	0.0010877693928887
CSVTRADTYEQYF	0.0010877693928887
CASSPQSLNTGELFF	0.0010877693928887
CASSLGVGMRQPQHF	0.0010197838058331
CASSITDSDGYTF	0.0009517982187776192
CASSEGDSSYEQYF	0.0009517982187776192
CASSGLVAYEQYF	0.0009517982187776192
CASSPPGQSGNQPQHF	0.0009517982187776192
CASSLYRGEKLFF	0.0009517982187776192
CASSLAASLNEQFF	0.0008838126317220749
CASSQSPRTEAFF	0.0008838126317220749
CASSSEGSYNEQFF	0.0008838126317220749
CASSKTDGESYTF	0.0008838126317220749
CASSMTSPNEQFF	0.0008838126317220749
CASSFDRGYEKLFF	0.0008838126317220749
CASSINWGEETQYF	0.0008158270446665307
CASSPLPQGASEKLFF	0.0008158270446665307
CASSVGRTNTGELFF	0.0008158270446665307
CASSYEIYEQYF	0.0008158270446665307
CASSGDTGELFF	0.0006798558705554422
CASSNTRGGRIITGELFF	0.0006798558705554422
CASSLVPWDSGDFDEQFF	0.0006798558705554422
CASSQSASGGTPYEQYF	0.0006798558705554422
CASTPGGELFF	0.0006798558705554422
CASSTHGQGTEAFF	0.0006798558705554422
CASSQLTGAQSYEQYF	0.0006798558705554422
CASSLYGLAKPGTQYF	0.0006798558705554422
CASSHLPRDAVYNEQFF	0.0006118702834998981
CASSLRGGPYEQYF	0.0006118702834998981
CAISELYRKNEKLFF	0.0006118702834998981
CASSLPGTGDSYEQYF	0.0006118702834998981
CASSHHAQGGFGAYNSPLHF	0.0006118702834998981
CATSRSTGGTEAFF	0.0006118702834998981
CASSRGPDRAEQFF	0.0006118702834998981
CATSDPPRTGTYEQYF	0.0006118702834998981
CSARTDPTYEQYF	0.0005438846964443538
CASSLGTGSWTSPDEQYF	0.0005438846964443538
CASGATGGVEAFF	0.0005438846964443538
CASSPTGSYEQYF	0.0005438846964443538
CASSTQAISGEQYF	0.0005438846964443538
CASSSTGGFNYGYTF	0.0005438846964443538
CASSIRSAYEQYF	0.0005438846964443538
CASSAAGGYEQYF	0.0005438846964443538
CASRGQGVPQETQYF	0.0004758991093888096
CAVALGYNEQFF	0.0004758991093888096
CASSGMVNNEQFF	0.0004758991093888096
CASSPGTSGRTDTQYF	0.0004758991093888096
CATSQGETQYF	0.0004758991093888096
CASSLAPPRNRVNTEAFF	0.0004758991093888096
CASSFGSGGLGPYEQYF	0.0004758991093888096
