TCR	Abundance
CASSQGAEGNYGYTF	0.0025380710659898
CAISEGRSSYNEQFF	0.0019523623584537
CASSVLPPSRSPLHF	0.0018872836131719
CASSLTLAGARPRTDTQYF	0.0018222048678901
CASSYADSVENSPLHF	0.0017571261226083
CSANTGDHYEQYF	0.0016269686320447
CASSPPARGINYGYTF	0.0014317323961994
CATSDTGVSTDTQYF	0.0011063386697904
CASSFAGGPDIRGRFF	0.0010412599245086
CASSQGHGRNQPQHF	0.0010412599245086
CASMGRGLLLYGYTF	0.0009111024339450736
CASSPYWTGGTDTQYF	0.0008460236886632825
CASKTGTGGSEQFF	0.0008460236886632825
CASSFGEGQPQHF	0.0007809449433814916
CASSSLTSGGADTQYF	0.0007158661980997006
CASSPKVYSNQPQHF	0.0006507874528179097
CASSDKEDTEAFF	0.0006507874528179097
CASSMVQGPGDTQYF	0.0006507874528179097
CASSSTDTQYF	0.0006507874528179097
CASSIGGADYNEQFF	0.0006507874528179097
CASSLLRTANGELFF	0.0006507874528179097
CASSRDRAHTEAFF	0.0005857087075361187
CASSLGEARLTDTQYF	0.0005857087075361187
CASSWTGYYNEQFF	0.0005857087075361187
CASSFHLKYHRAVFTDTQYF	0.0005206299622543278
CASSPGESSGGLNTDTQYF	0.0005206299622543278
CASSRVPGHMNTEAFF	0.0005206299622543278
CASRGLSSADF	0.0005206299622543278
CASSRSELVRNEKLFF	0.0005206299622543278
CASSAPLGGSYNEQFF	0.0005206299622543278
CASRGLAVTGELFF	0.0005206299622543278
CASSPLGSSSSYEQYF	0.0005206299622543278
CASSSTGVRSGANVLTF	0.0005206299622543278
CASSPRLKTRGYEQYF	0.0005206299622543278
CASSHPGVGPFSNYGYTF	0.0005206299622543278
CASSTGVYGYTF	0.0004555512169725368
CASKRDKRNSPLHF	0.0004555512169725368
CASLAGKGQPQHF	0.0004555512169725368
CSARESAFDSGEQYF	0.0004555512169725368
CASSESSGGVDTQYF	0.0004555512169725368
CASSLYGGRSNSPLHF	0.0004555512169725368
CASGLRTGGSLMVQYF	0.0004555512169725368
CAETGGTGESGANVLTF	0.0004555512169725368
CASSSALMGGQPQHF	0.0004555512169725368
CASTPRQGRDYGYTF	0.0003904724716907458
CASSHLGAGNRETQYF	0.0003904724716907458
CSAFLAGVTYNEQFF	0.0003904724716907458
CASSFDRGRSYEQYF	0.0003904724716907458
CASSFLYRVSTEAFF	0.0003904724716907458
CASSVGTSGGTQETQYF	0.0003904724716907458
CASNLLPGTSGGRTDTQYF	0.0003904724716907458
CASSIGTELFQETQYF	0.0003904724716907458
CASSPGPDRYEQYF	0.0003904724716907458
CASSLTSGYQETQYF	0.0003904724716907458
CASSEAQQGGEKLFF	0.00032539372640895484
CATSDDRGRQPQHF	0.00032539372640895484
CASSIPDRDYGYTF	0.00032539372640895484
CASKKLGGYGYTF	0.00032539372640895484
CASTWTGVDIQYF	0.00032539372640895484
CASSEWIHYTGELFF	0.00032539372640895484
CSAVFIGGRTEAFF	0.00032539372640895484
CASSYRGGYTF	0.00032539372640895484
CASSPLGGARHTEKLFF	0.00032539372640895484
CASSLQPESNQPQHF	0.00032539372640895484
CASSQSDTRWGGNEQFF	0.00032539372640895484
CSARVGEGASPLHF	0.00032539372640895484
CAAYPTGAKNIQYF	0.00032539372640895484
CASSEGEQYF	0.00032539372640895484
CASSIAGAYEQYF	0.00032539372640895484
CASSPQWGNSYNEQFF	0.00032539372640895484
CASSALGRANYGYTF	0.00032539372640895484
CASSDGFLAGGYNEQFF	0.00032539372640895484
CASRPDSSSGNTIYF	0.00032539372640895484
CASSSGGFTDTQYF	0.00032539372640895484
CASSDGEGQNTGELFF	0.00032539372640895484
CASRIGPGPPYEQYF	0.00032539372640895484
CASSLLGGDLYEQYF	0.00032539372640895484
CASSGSGGYSYNEQFF	0.00032539372640895484
CASSAGQGWYEQYF	0.0002603149811271639
CASSLGGEELNTEAFF	0.0002603149811271639
CASSDPSGGTYEQYF	0.0002603149811271639
CASNNPGDSWTQPQHF	0.0002603149811271639
CASPRTTDTQYF	0.0002603149811271639
CASSGGTASVATNEKLFF	0.0002603149811271639
CASSADRTEQYF	0.0002603149811271639
CASSQPGQVTNEKLFF	0.0002603149811271639
CASSALPGQAKYF	0.0002603149811271639
CASAPGLYYYEQYF	0.0002603149811271639
CASSDIWTGTEAFF	0.0002603149811271639
CASGLVARGPDSNQPQHF	0.0002603149811271639
CASSLGEFKTYEQYF	0.0002603149811271639
CASSTGVYGYTF	0.0002603149811271639
CASSLRGTEAFF	0.0002603149811271639
CSARTGNSPLHF	0.0002603149811271639
CASSLRAGGTDTQYF	0.0002603149811271639
CASTNGERTALYNSPLHF	0.0002603149811271639
CASSQALNSPLHF	0.0002603149811271639
CASRQQGANSPLHF	0.0002603149811271639
CASSLVVQRGNNYGYTF	0.0002603149811271639
CASSSSNEQFF	0.0002603149811271639
