TCR	Abundance
CASSQGSNEQFF	0.0731502027699135
CSAIPPTRFSYEQYF	0.0559338893564924
CASSFSGFKGTDTQYF	0.0453235391639248
CASSLDTNPYEQYF	0.0344326268268421
CASSVAVFGTEAFF	0.0211186777871298
CARNPPDGEHADTQYF	0.0210166551891243
CASSFWVGGNTIYF	0.0206340704466039
CASSLSWDTPDNFNYGYTF	0.0192567653735302
CASSEASGGATDTQYF	0.0157879970413446
CAISEETPTGELFF	0.0154309179483255
CASSLDLPNSPLHF	0.0152778840513173
CASSLSPGRTDTQYF	0.0125232739051699
CASSLAALGQPQHF	0.0118601270181345
CSASELAGDEQYF	0.0109929349350881
CASSEVASGDNTDTQYF	0.0107123727905731
CASTPLQGGIFEKLFF	0.0099472033055321
CASSYGWGQEYEQFF	0.0083913586859489
CASRVQVFAGELFF	0.0082638304384421
CASSPSDTGTVSYEQYF	0.0075496722524039
CASSWTDSNSPLHF	0.0070650649118779
CASSLGYSTNEKLFF	0.006580457571352
CASSSGRQLTGNTIYF	0.0064529293238452
CASSLASDRAGYTF	0.0057897824368097
CASRPGIAFTDSNQPQHF	0.0056877598388042
CASSYLASPLHF	0.0053816920447879
CASSRGTSSYEQYF	0.0052286581477797
CASSLRTGVMSEAFF	0.0034432626826842
CATSSGDQGGVGEKLFF	0.0030606779401637
CASSFRTDVYGYTF	0.0028056214451501
CASTEISTVEKLFF	0.0027801157956487
CASSTGLAGASTDTQYF	0.0027801157956487
CASSPSVAGGTDTQYF	0.0027801157956487
CSVEEGLVGSGYTF	0.0027035988471446
CASSYASGVGEQYF	0.0026525875481419
CASSLSRGPNTEAFF	0.0026525875481419
CASSLETHQPQHF	0.002525059300635
CASSLEGYGYTF	0.0021934858571173
CASSDGDTDTQYF	0.0021934858571173
CASSLGTLYEQYF	0.0021169689086132
CASSDQPPDTEAFF	0.0020659576096105
CASSLLETQYF	0.0019384293621037
CATSRDGGETQYF	0.0018364067640982
CASSLIGVSSYNEQFF	0.0017598898155941
CASSLGSLKLFF	0.0017343841660927
CASSLAATVLGYTF	0.0016578672175886
CASNPWGSYNEQFF	0.0016578672175886
CASSTGTAVWGYTF	0.0016068559185859
CASSPPPEPHYGYTF	0.0015558446195832
CASSEVGAQPQHF	0.0015558446195832
CASSEGGRGNQPQHF	0.001402810722575
CASNLGQGLHEQYF	0.0013007881245695
CASSPNMGVTEAFF	0.0012242711760654
CASSDSSRSYYEQYF	0.0011987655265641
CASSPRPRGKDEQYF	0.0011732598770627
CAWRLQGDPFGYTF	0.0011732598770627
CASSTAGDYTDTQYF	0.0011732598770627
CASSYSGGSNQPQHF	0.0011732598770627
CASSMGSHSYNEQFF	0.0011477542275614
CASSLWTGVPYEQYF	0.0011477542275614
CSAYGTVQWNEQFF	0.00112224857806
CASSLGTDIDRFSTDTQYF	0.00112224857806
CASSPTGVHYGYTF	0.00112224857806
CASSIPYNEQFF	0.0010967429285586
CSVSPTFSGESYNEQFF	0.0010712372790573
CASSSDQSLTDTQYF	0.0010457316295559
CASSSSLGDTEAFF	0.0010202259800545
CSVYDFYNEQFF	0.0010202259800545
CASSPRTGAQPQHF	0.0009947203305532175
CASSTGQGREKLFF	0.000918203382049124
CASSYSGQGPYEQYF	0.0008926977325477593
CASSFGTGLYEQYF	0.0008926977325477593
CASSTRAGGLQPQHF	0.0008926977325477593
CASSQQDGRNNSPLHF	0.0008926977325477593
CASSLVQGSSYEQYF	0.0008671920830463948
CASSESWSNEQFF	0.0008671920830463948
CAISEGRAGLGEQFF	0.0008416864335450302
CASSLGGQGNYGYTF	0.0007906751345423011
CASSYSATTNEKLFF	0.0007906751345423011
CASSLDTNPYEQYF	0.0007906751345423011
CSVWNWDTIYF	0.0007906751345423011
CASNSRGTYEQYF	0.0007906751345423011
CASSLRENQPQHF	0.0007651694850409366
CAWSVSLYEQYF	0.0007651694850409366
CSATTTGNSNQPQHF	0.000739663835539572
CTSSQVWSGGQKTQYF	0.000739663835539572
CASRPGPYSNQPQHF	0.000739663835539572
CASSLGIGSNQPQHF	0.000739663835539572
CASSLDTNPYEQYF	0.0007141581860382074
CASSLRGTEAFF	0.0006886525365368429
CATSDRPPGDTQYF	0.0006886525365368429
CASSPVATNEKLFF	0.0006631468870354784
CASSPTGRNQPQHF	0.0006631468870354784
CASSLDNQPQHF	0.0006631468870354784
CSVEGLTSGRYNEQFF	0.0006631468870354784
CASSLDLPNSPLHF	0.0006121355880327492
CASSLASGNGGYTF	0.0006121355880327492
CASSYGVSLQETQYF	0.0006121355880327492
CASSVGTAGTQYF	0.0006121355880327492
CASSGWMNTEAFF	0.0006121355880327492
CASSQDFGVQPQHF	0.0006121355880327492
