TCR	Abundance
CATERGDRGNTEAFF	0.0044428772919605
CASSEGQGETDTQYF	0.004231311706629
CASSETGSLLQETQYF	0.0038787023977433
CASSLKLGTGATYEQYF	0.0035966149506346
CSARDTSGGPSYNEQFF	0.0032440056417489
CASSYFIAGVQETQYF	0.0023272214386459
CASSSLARGGYNEQFF	0.0019746121297602
CASSLGTSGGAVHTQYF	0.001904090267983
CASSRGLAAYEQYF	0.0018335684062059
CASSQALTVYTGELFF	0.0017630465444287
CASRGAGWDQPQHF	0.0017630465444287
CASSLQGGATNEKLFF	0.0016925246826516
CAISVQGQTGEQFF	0.0016220028208744
CSARGAMQRQALGTDTQYF	0.0014809590973201
CASSSHLAPDTQYF	0.001410437235543
CASSRVPPYNEQFF	0.001410437235543
CASSYSRYNEQFF	0.0013399153737658
CASSSEEGTGASPLHF	0.0013399153737658
CASSVQAGSSYEQYF	0.0011988716502115
CASSLPGQGISGEQYF	0.0011988716502115
CASRSSGPMNTEAFF	0.0011283497884344
CASSPGPGVYGYTF	0.0011283497884344
CASSYSLMNTEAFF	0.0010578279266572
CASRVPGLNQPQHF	0.0009873060648801129
CASSPGFGAKYGYTF	0.0009873060648801129
CASSLQGGTPFTDTQYF	0.0009873060648801129
CASSQVGGDTSYEQYF	0.000916784203102962
CASSPTEVNGYTF	0.000916784203102962
CASSLGDTYGYTF	0.000916784203102962
CASSLHHGYGYTF	0.000846262341325811
CASSEGSNNEQFF	0.000846262341325811
CASSLTSLNQPQHF	0.000846262341325811
CASSPLAGGGYTGELFF	0.000846262341325811
CSAKAGDTEAFF	0.0007757404795486601
CASSVQAGSQETQYF	0.0007757404795486601
CASRSGYEQYF	0.0007757404795486601
CSVEDLANSGANVLTF	0.0007757404795486601
CASSTGHRPGETQYF	0.0007757404795486601
CASRPLPASSEYEQYF	0.0007052186177715092
CASSWPTSGGRGTQYF	0.0007052186177715092
CATSDRDHSANYGYTF	0.0007052186177715092
CASRKDPGTDTQYF	0.0006346967559943583
CASSYNSGANVLTF	0.0006346967559943583
CASSQDPSGGALHEQFF	0.0006346967559943583
CASSYSTSGGETQYF	0.0006346967559943583
CAWSVSVRWLGELFF	0.0006346967559943583
CASRGEGSGGATDTQYF	0.0006346967559943583
CASSLVHNEQFF	0.0006346967559943583
CASSYLRMGETQYF	0.0006346967559943583
CASTPRGMSYEQYF	0.0005641748942172073
CASSGREIYNSPLHF	0.0005641748942172073
CASLGVGEQYF	0.0005641748942172073
CASSPSATNEKLFF	0.0005641748942172073
CASGRGQDQPQHF	0.0005641748942172073
CASSWTSGGSSYEQYF	0.0005641748942172073
CASRIWSNQPQHF	0.0005641748942172073
CASSDYRNEQFF	0.0005641748942172073
CSATPLRTGAYEQYF	0.0005641748942172073
CASSLRTGGISNEKLFF	0.0004936530324400564
CASGLGTGFHEQYF	0.0004936530324400564
CASTRGTGVTSYNSPLHF	0.0004936530324400564
CASSTERGRSYNEQFF	0.0004936530324400564
CASSYWGIYNSPLHF	0.0004936530324400564
CSVDVPNTEAFF	0.0004936530324400564
CSARSDGGPYEQYF	0.0004936530324400564
CASSRDRNTDTQYF	0.0004936530324400564
CASRPGTGGNQPQHF	0.0004936530324400564
CASSEQAGASETQYF	0.0004936530324400564
CASSLAGGQGRSQTYEQYF	0.0004936530324400564
CASSQGTGVSNQPQHF	0.0004936530324400564
CASSLSIGATNEKLFF	0.0004936530324400564
CASSQGGTHLIEAFF	0.0004936530324400564
CASSRGSGQPQHF	0.0004936530324400564
CASSIGFSGGGKETQYF	0.0004936530324400564
CASSGSTGSSGGYTF	0.0004936530324400564
CASSLGSGRTEAFF	0.0004231311706629055
CASSYSSGGADTQYF	0.0004231311706629055
CASSPGGGTEAFF	0.0004231311706629055
CASSDSSGANVLTF	0.0004231311706629055
CASSELASGGGNEQFF	0.0004231311706629055
CASSLGALRRPTSSPLHF	0.0004231311706629055
CASSLDGLETFQETQYF	0.0004231311706629055
CAWSTKITQYF	0.0004231311706629055
CASRYREEETQYF	0.0004231311706629055
CASSLEGGISYEQYF	0.0004231311706629055
CASSLEGSRNTEAFF	0.0004231311706629055
CASRDRQGLTDTQYF	0.0004231311706629055
CSVDRGTGRSTIYEQYF	0.0004231311706629055
CSVRGETQYF	0.0004231311706629055
CASSYQGGPYEQYF	0.0004231311706629055
CASSWDIGRLEQYF	0.0004231311706629055
CASSYSTGEAFF	0.0004231311706629055
CASSKGLRNSPLHF	0.0004231311706629055
CASRPEGPNTF	0.0004231311706629055
CASSTQGHFYSNQPQHF	0.0004231311706629055
CASSFSSGLDNEKLFF	0.0004231311706629055
CASSLEGPNTEAFF	0.0003526093088857546
CASSELAGGPETQYF	0.0003526093088857546
CASSELAGGTDTQYF	0.0003526093088857546
CASSFLSLAGGAGANVLTF	0.0003526093088857546
