TCR	Abundance
CAWSTLKKPYYGYTF	0.0096696937249164
CATSDRTVDLGEQFF	0.0045365004373022
CASSEAVGSSYEQYF	0.0042667625734626
CASSYPHTYVYEQYF	0.0038253733417251
CASSQPWRGNTGELFF	0.0035965048511946
CASSLPLRENTIYF	0.0035392877285619
CASSLGPRKLFF	0.0030652029981772
CAIQRGWEPYNEQFF	0.002819986758323
CASSPRDSWGYNEQFF	0.0027545957610286
CASSFRQGPFHGYTF	0.002018947041466
CASSEGTSGYNEQFF	0.0019045127962007
CASSVRFRNEKLFF	0.0019045127962007
CASRSWDGNTEAFF	0.0018636434228917
CASSLALGSYEQYF	0.0014876451884486
CASKLVSGNQPQHF	0.0013486893191979
CASSDSRGIAEKLFF	0.0013323415698743
CATSVAGGIHEQYF	0.0013323415698743
CASSSWDTIYF	0.0011034730793438
CASSLVGVGYTF	0.0010053865834021
CASSEYSETAYGYTF	0.0009236478367840708
CASSEGDTALEGYTF	0.0009236478367840708
CASSSRTGGDYGYTF	0.0008664307141514292
CASSSYRGNQPQHF	0.0008419090901660114
CASSYPGTGRMEAFF	0.0008419090901660114
CASSYRGNTEAFF	0.0007765180928715639
CASSRGTGSYEQYF	0.0006702577222680868
CASSFGITYEQYF	0.000645736098282669
CSVVPRNYEQYF	0.000645736098282669
CASSQDKDTGANVLTF	0.0006048667249736393
CASSILGTDYNEQFF	0.0005721712263264155
CASSLTTDPYYSNQPQHF	0.0005313018530173859
CSARGTGGSQPQHF	0.0005231279783555799
CASSPSLRGAGQPQHF	0.0005067802290319681
CASSPPGTSSYNEQFF	0.0005067802290319681
CSANWDRDTEAFF	0.0004986063543701621
CSASMTGKNSPLHF	0.0004986063543701621
CSASSFYNEQFF	0.0004904324797083561
CASSLDSYGYTF	0.0004904324797083561
CASSLEGSGSSYNEQFF	0.0004904324797083561
CASSDRDTGELFF	0.0004904324797083561
CAWSSIPGSAGAPNQPQHF	0.0004904324797083561
CASSFLGQPQHF	0.0004822586050465502
CASSLGGGVGYEQYF	0.00044956310639932646
CASSLPSGTDIQETQYF	0.0004413892317375205
CASSYGGYEQYF	0.0004332153570757146
CASSSLFYGYTF	0.0004332153570757146
CASSLPSPGVFTEAFF	0.00041686760775210273
CASSLTGGQAYYEQYF	0.00041686760775210273
CASSKGPHGYTF	0.0004086937330902968
CASSHSSLGTAYGYTF	0.0004005198584284909
CASSEAGGNTIYF	0.000384172109104879
CASSYSGTNTEAFF	0.000384172109104879
CASSEAVGSSYEQYF	0.000375998234443073
CASMRPGQGYEQYF	0.000375998234443073
CASSQGSGSGANVLTF	0.0003514766104576552
CASSQEDRASVGGNTIYF	0.0003514766104576552
CASSDGVGTGGNEQFF	0.0003514766104576552
CSARWGMGNQPQHF	0.0003433027357958493
CASSYPGEGPGYSPLHF	0.0003433027357958493
CASRTGSDTGELFF	0.0003433027357958493
CASSAQGYSKNIQYF	0.0003433027357958493
CASSKDRGPEAFF	0.0003433027357958493
CASSFGLGYEQYF	0.0003351288611340434
CSARGQGNSNTEAFF	0.0003351288611340434
CASSDAAGGYNEQFF	0.00032695498647223746
CASSQRELLYNEQFF	0.0003187811118104315
CSARPGLGTGELFF	0.0003106072371486256
CASSQDQDHEQFF	0.0003106072371486256
CASSPAGAVTDTQYF	0.00030243336248681965
CASSFTDRISYEQYF	0.0002942594878250137
CASSPPVGLTYF	0.0002942594878250137
CSAADSTYEQYF	0.00028608561316320776
CASSQETARGYEQYF	0.00028608561316320776
CASSVTGAHEAFF	0.00027791173850140184
CASSYPGGYTF	0.00027791173850140184
CASSVRTSGSENTQYF	0.00027791173850140184
CASSLGGTGLNEQYF	0.00027791173850140184
CACPRWGGYTF	0.00026973786383959587
CASSEGDTGELFF	0.00026973786383959587
CASSTGTTLAVFF	0.00026973786383959587
CAISGGEDQPQHF	0.00026156398917778995
CASSQDPDGSYEQYF	0.00025339011451598403
CASSQDRGASYEQYF	0.00025339011451598403
CASSQEGPWAQYF	0.00025339011451598403
CASSQAGGGNSPLHF	0.00025339011451598403
CASSPVGAVGNQPQHF	0.00025339011451598403
CSASDGQSSYNEQFF	0.00025339011451598403
CAISDTSGTYEQYF	0.00024521623985417806
CASSLREGGNTEAFF	0.00024521623985417806
CASSYTGADEQYF	0.00024521623985417806
CASSYDGVRQPQHF	0.0002370423651923721
CSARGTSTDYEQYF	0.0002370423651923721
CSASTGDTEAFF	0.0002370423651923721
CATSSGTGGNEQFF	0.00022886849053056624
CASSYVGTQPQHF	0.00022886849053056624
CASSHMREANEQFF	0.00022886849053056624
CASSFALGYEQYF	0.00022886849053056624
CASSQGGPGQRYGYTF	0.00022069461586876027
CASSLGPGWNTEAFF	0.00022069461586876027
CASSYYPREPSYEQYF	0.00022069461586876027
