TCR	Abundance
CASSADRNEQFF	0.1360496789675076
CASSLYPVSSYNEQFF	0.0905862896426486
CASSRDRLNSPLHF	0.0166353200596666
CASSPLTGTGYYGYTF	0.0132142162267332
CASTPHGTGGSYEQYF	0.0118522601984564
CASDGRGETQYF	0.010879434463973
CSASPPVANTDTQYF	0.0103119527855243
CATSIQPGEKLFF	0.0094039821000064
CASSNGYNEQFF	0.0068259939036253
CASSSTHRGAGGYTF	0.0065827874700045
CSAFDPGTGENGYTF	0.0056423892600038
CSVEGDRGRSETQYF	0.0055451066865555
CASSGGLELFF	0.0053343277774174
CASSLDVTGGSRKLFF	0.0052532589662105
CASSFRGGYEQYF	0.0045884947143135
CASSLGTSVHNEQFF	0.0035183864063817
CASTPWDRAYEQYF	0.0031616836370711
CASSMGSPGVSYGYTF	0.0028698359167261
CASSPPQGVSYNEQFF	0.0028536221544847
CASSLSRGLLNGYTF	0.0026104157208638
CASNAGLNTGELFF	0.0019618652312082
CASSVVAERNTIYF	0.0019456514689668
CSATGLAGDYEQYF	0.0019294377067254
CASGSRDLNEQFF	0.0018970101822426
CASSVRGSGLNTEAFF	0.0015565211751734
CASSASRTSANTGELFF	0.0015078798884493
CASSLLGREILFF	0.0013943835527595
CASSPGSASYGYTF	0.0012808872170698
CASSQTGEFNTDTQYF	0.0012646734548284
CASSQEQISSYNEQFF	0.0012646734548284
CASSRTGCYEQYF	0.0011998184058628
CASSPPLLAASPTDTQYF	0.0011511771191387
CASSTLPLYGYTF	0.0011187495946559
CASSYPGQGLYNEQFF	0.0010863220701731
CASSSLTGNYGYTF	0.0010214670212076
CAWRPQGDPFDYTF	0.000891756923276477
CASISSGAGETQYF	0.0008755431610350866
CASSLAVHVGNGGEAFF	0.0008593293987936961
CASSLSRGLLNEQFF	0.0008106881120695246
CSVFGLSGSYEQYF	0.0008106881120695246
CSASEGSGETQYF	0.0008106881120695246
CASTPGDTIYF	0.0008106881120695246
CASSSRTGGPYEQYF	0.0007620468253453531
CASSVGHNQPQHF	0.0007296193008625722
CATSGRGVEAFF	0.0006809780141384007
CASSYPNTEAFF	0.0006647642518970102
CASSLLQGPIDDQPQHF	0.0006485504896556197
CASSYTQGREQYF	0.0006485504896556197
CASSLGQLNTIYF	0.0006161229651728387
CASSLSIRGDYGYTF	0.0005999092029314483
CASSSTHRGAGGYTF	0.0005999092029314483
CVTRRENTEAFF	0.0005999092029314483
CASSLGLEAFF	0.0005999092029314483
CASGRGSGLPDTQYF	0.0005512679162072767
CASSVGDLLTGELFF	0.0005512679162072767
CASSLSSYEQYF	0.0005350541539658862
CASSLSDTQYF	0.0005188403917244957
CASSQTGDGNQPQHF	0.0005188403917244957
CASSMGYNEQFF	0.0005026266294831052
CASSATGTSYGYTF	0.0004864128672417148
CASSSGQLGTLYTDTQYF	0.0004701991050003243
CASSEWTGYQPQHF	0.0004701991050003243
CASSEDMAGPGYTF	0.0004701991050003243
CASSITAGPELFF	0.00045398534275893377
CASTIGGPNQPQHF	0.00045398534275893377
CASTPDLNTEAFF	0.00045398534275893377
CSVERSTGRMETQYF	0.0004377715805175433
CASSEVWVGETQYF	0.0004377715805175433
CASSPSVSYEQYF	0.0004377715805175433
CSARDRSYTGELFF	0.0004215578182761528
CSARDSLSPVGGYTF	0.0004215578182761528
CATSIDTGELFF	0.0004215578182761528
CATSEQAGEKLFF	0.0004215578182761528
CASSPPAAPNYGYTF	0.0004053440560347623
CASSRTGQLYNEQFF	0.0004053440560347623
CASSISSGSFGEQFF	0.0003891302937933718
CASSLPGTGLARTF	0.0003729165315519813
CASSQEGTGSAGEAFF	0.00035670276931059085
CASSETAGTIREQYF	0.00035670276931059085
CASSDTGPEGEQFF	0.00035670276931059085
CASSPDTTNEKLFF	0.00035670276931059085
CASSPSVSYEQYF	0.00034048900706920034
CATSRDPPAYEQYF	0.00034048900706920034
CASGLGLTYNEQFF	0.00034048900706920034
CASSSTSGGGTDTQYF	0.00032427524482780983
CASSPLEGLNEQFF	0.00032427524482780983
CASSLIARDGGYTF	0.00032427524482780983
CASSLSRGLLNEQFF	0.00032427524482780983
CASSPLQSGANVLTF	0.00032427524482780983
CASSPGTPRDEQFF	0.00032427524482780983
CASSKRQGRYSPLHF	0.00030806148258641933
CASSLARGKGQETQYF	0.00030806148258641933
CSARVLSVETQYF	0.00030806148258641933
CSAEGSGVVGETQYF	0.00030806148258641933
CASGLELNTEAFF	0.00030806148258641933
CASSQGGSSGRLNYYEQYF	0.0002918477203450289
CASSYTSSGSETQYF	0.0002918477203450289
CSALREGDTEAFF	0.0002918477203450289
CASSQARQGHNSPLHF	0.0002918477203450289
CASSLGSGEAFF	0.0002918477203450289
