TCR	Abundance
CASSPGTTYEQYF	0.0055819520953695
CASSESVGTDTQYF	0.0025955466526608
CASSIREVGELFF	0.0025466893039049
CSAIEVEGGNTEAFF	0.0024795104493654
CASSLAGRGSDEQYF	0.0024611889435819
CASSLSLGHHEKLFF	0.0018443649155378
CASSQSPGGTQYF	0.0016183996775414
CASTPGANTEAFF	0.0015573279915965
CASSPGRRTMNTEAFF	0.0011237190213873
CASRFGQTNTEAFF	0.0010382186610643
CASSPGTTYEQYF	0.0010382186610643
CSAPDGGGPVYEQYF	0.0009832541437138913
CASRHGVGPNEQFF	0.0009282896263634254
CASSERGNGYTF	0.0008916466147964481
CSASPPDRNTEAFF	0.0008611107718239669
CASSSSGSNQPQHF	0.0008183605916624935
CASSPGDRDLGEQYF	0.000806146254473501
CASSELAGVGDTQYF	0.0008000390858790048
CVTGLNTGELFF	0.0007572889057175312
CASSRDSSYNEQFF	0.0006595742082055918
CASAGTGNQPQHF	0.0005985025222606295
CASSDRDNSPLHF	0.0005496451735046597
CASSVQGSGELFF	0.0005068949933431863
CSAGLYSGGATETQYF	0.000445823307398224
CASTPFGGLSNIQYF	0.00043971613880372783
CASGLWTGSNTEAFF	0.00039085879004775807
CASRQTNQPQHF	0.0003664301156697732
CASSPDSGANVLTF	0.0003664301156697732
CASSPQTTATDTQYF	0.0003542157784807807
CASSVGNTGELFF	0.0003481086098862845
CASSRDRGGSPLHF	0.0003420014412917883
CASRDRGNTGELFF	0.0003236799355082996
CSAREQVDYEQYF	0.0003175727669138034
CSAREGTAYTGELFF	0.0003175727669138034
CASSERGNGYTF	0.0003175727669138034
CASSIGQDLYGYTF	0.000305358429724811
CASSHPDTSSEKLFF	0.000305358429724811
CASSPTGTGEGNQPQHF	0.000305358429724811
CASSFYAAGLDEQYF	0.00029925126113031474
CARSGQRQGWGTSNQPQHF	0.00029925126113031474
CASSLDGGLGGYTF	0.00029314409253581854
CSARASEVNIQYF	0.00029314409253581854
CASSQGQGPTYEQYF	0.00029314409253581854
CATQLGLASDTQYF	0.00029314409253581854
CAWSAGSNQPQHF	0.0002870369239413224
CASSIGIRYGYTF	0.0002809297553468261
CASSFLQGILNTEAFF	0.00027482258675232986
CASSIPSGGKNTEAFF	0.00026871541815783365
CASGTGTGFSGTNYGYTF	0.00026260824956333745
CASTGGARYEQYF	0.00025039391237434503
CATSDNKNQPQHF	0.00025039391237434503
CASSVLQGANGYTF	0.00025039391237434503
CASSRDNGSPLHF	0.00025039391237434503
CASSEEGGQPQHF	0.00025039391237434503
CASSVDRGRMNTEAFF	0.0002442867437798488
CSARSQVGNTIYF	0.0002442867437798488
CASTDTTLLGYTF	0.0002320724065908564
CASSSGQGDSPLHF	0.0002320724065908564
CSARPGGVTGLQPQHF	0.00021985806940186392
CASSEGQAPGELFF	0.00021985806940186392
CASSEGYGYTF	0.00020764373221287147
CASSPPLGTAGDYGYTF	0.00020153656361837524
CASSLADGQPEIFYTF	0.00020153656361837524
CSARAAGWGTYEQYF	0.00020153656361837524
CASSSPRGASGGYTF	0.00019542939502387903
CASSQDKYEQYF	0.00019542939502387903
CASSQESTTGANVLTF	0.0001893222264293828
CASSAEQNYGYTF	0.0001893222264293828
CASSQLAGSTDTQYF	0.0001893222264293828
CASSLGSSYNSPLHF	0.0001893222264293828
CSVGGGELTGELFF	0.0001832150578348866
CASTETGALGNSPLHF	0.0001832150578348866
CASGLNTGELFF	0.0001832150578348866
CASSWIVNTEAFF	0.0001832150578348866
CSATPGSPNQPQHF	0.0001832150578348866
CASSLTGTGIEDEQYF	0.00017710788924039036
CSATSPGDTGELFF	0.00017710788924039036
CATNPSGGAGETQYF	0.00017710788924039036
CAWSLGGGTEAFF	0.00017710788924039036
CASSLDAAPVNEQYF	0.00017710788924039036
CSAVQGSGETQYF	0.00017710788924039036
CAWSVWQGDSPLHF	0.00017100072064589415
CASSQGRATYTGELFF	0.00017100072064589415
CASSWKGGTDEQYF	0.00016489355205139794
CSAPKTGGPNSPLHF	0.00016489355205139794
CASSDTGGSYNEQFF	0.00016489355205139794
CSARDGTGANEQFF	0.00016489355205139794
CSARLSNQPQHF	0.0001587863834569017
CASSRQASPLHF	0.0001587863834569017
CASTAPGWGDTQYF	0.0001587863834569017
CASSSSGEAAYNEQFF	0.0001587863834569017
CASSDREGGGYTF	0.0001587863834569017
CASSMQGGGYEQYF	0.0001587863834569017
CASSTQLRSTGELFF	0.0001587863834569017
CASSSGQPYSYTF	0.0001526792148624055
CASSQVQALTGELFF	0.0001526792148624055
CASSTTMNTEAFF	0.0001526792148624055
CASSPGTTYEQYF	0.00014657204626790927
CASTRTITGELFF	0.00014657204626790927
CASSLNRMTTAEAFF	0.00014657204626790927
