TCR	Abundance
CASSLVEGAYGELFF	0.0089829964709656
CASSLNGNTEAFF	0.0086710868712793
CASSQRTGQENEQFF	0.003511210922183
CASSLSPNQPQHF	0.0020140448436887
CARIQGGGNSPLHF	0.0020051331408405
CASSQERDSSYEQYF	0.0017021352440024
CASSRPGWNEQYF	0.0015060777813424
CASSSDGCYTF	0.0014971660784942
CASPSGTTSNYGYTF	0.001336755427227
CASSGRLTGGSGANVLTF	0.0012119915873525
CASSEGVEGNEQFF	0.0010783160446298
CASSSGGTGSSYEQYF	0.0010694043417816
CASNLDREGRNSPLHF	0.001042669233237
CASSQATGVAKNIQYF	0.0010070224218443
CASSLISSYNSPLHF	0.0009981107189961857
CASSVGGYTEAFF	0.0009089936905143836
CATRARGGTNEKLFF	0.0008644351762734823
CASSSDREQSPLHF	0.0008198766620325812
CASSQNPDRSSYEQYF	0.0008109649591844009
CASSLASTSTGELFF	0.0007842298506398603
CATSDFRDTGELFF	0.00077531814779168
CASSQDNLGREVTEAFF	0.0007396713363989592
CASSQISPGSSYNEQFF	0.0006862011193098777
CASALRAHPYLFF	0.0006683777136135173
CASSYEMRTANTEAFF	0.000659466010765337
CASSLGGTGSYEQYF	0.000659466010765337
CASSSMDRGSSYNEQFF	0.0006505543079171569
CASSSNVERAREQYF	0.0006505543079171569
CARSKDTEAFF	0.0005970840908280754
CATSPQGGSSYEQYF	0.000543613873738994
CATGSRAGTDTQYF	0.0005257904680426336
CASSLPPLRAGGSYNEQFF	0.0005079670623462731
CASSLAPQETQYF	0.0004901436566499127
CASSQPDRGNGAQYF	0.00048123195380173246
CASSIPRGSGSNEAFF	0.000463408548105372
CASRPPGRKTEAFF	0.0004188500338644708
CASSDSYGGGTTGELFF	0.0004010266281681104
CASSYRPAGDLNNEQFF	0.00036537981677538944
CARSLNPGSYEQYF	0.000347556411079029
CSARDVSSSYNEQFF	0.0003386447082308488
CASSPEGRYEQYF	0.0003386447082308488
CASSQDPNSPYEQYF	0.0003386447082308488
CSVVGETAYGYTF	0.0003297330053826685
CASSLGKRLNTEAFF	0.0003297330053826685
CASSEGGDNSPLHF	0.0003208213025344883
CASSQSEKLFF	0.00031190959968630807
CASSLGRGFNYGYTF	0.00030299789683812785
CASSLVGNGYTF	0.0002940861939899476
CASSQGLAGDNEQFF	0.0002940861939899476
CASSLIGTGGDYTF	0.00028517449114176736
CASSFQETQYF	0.00028517449114176736
CASSPGTIDYGYTF	0.00028517449114176736
CASSLLVQETQYF	0.00028517449114176736
CASSFLAGKSSYNEQFF	0.00027626278829358714
CAWSVLAGGPGYIEQFF	0.00027626278829358714
CSASPLLAGVQETQYF	0.00027626278829358714
CASSLQGNAGELFF	0.00027626278829358714
CASSIASNQPQHF	0.0002673510854454069
CASSLGGNEQFF	0.0002584393825972267
CASSQFRGLYEQYF	0.0002584393825972267
CASSLEWGESGNTIYF	0.0002584393825972267
CASSLPPQPQHF	0.0002584393825972267
CSAYGESSYNEQFF	0.0002495276797490464
CASSASGGADTQYF	0.0002495276797490464
CALGEQGAKTQYF	0.0002495276797490464
CASSKGYTEAFF	0.0002495276797490464
CASSMGWRGRNTGELFF	0.00024061597690086623
CSAPLGTEDNSPLHF	0.00024061597690086623
CSARPGPDRWEQYF	0.000231704274052686
CASSLPHSGANVLTF	0.000231704274052686
CSARVGTGNTIYF	0.00022279257120450576
CASSRTTGELFF	0.00022279257120450576
CASSLGTAMNTEAFF	0.00022279257120450576
CSAFQNRARQPQHF	0.00022279257120450576
CASSPGTSGYYNEQFF	0.00021388086835632552
CASSRRDVTSPLHF	0.00021388086835632552
CASSSGTGLGGELFF	0.0002049691655081453
CASSYWGSNQPQHF	0.0002049691655081453
CASSAGTSGGFTLETQYF	0.00019605746265996508
CAYTVGDTEAFF	0.00019605746265996508
CASSRAGSSDTQYF	0.00019605746265996508
CASSPGGEKLFF	0.00018714575981178483
CASSIQPTEAFF	0.0001782340569636046
CASRLTGSATNEKLFF	0.0001782340569636046
CASSQSTNTEAFF	0.0001782340569636046
CAISESTTDRVNYGYTF	0.0001782340569636046
CASSDSSSGANVLTF	0.00016932235411542436
CASSDGGATDTQYF	0.00016932235411542436
CSARAGTFDTDTQYF	0.00016932235411542436
CASSLGSNEQFF	0.00016932235411542436
CASSSGPTHNQPQHF	0.00016932235411542436
CASSPRQGGTEAFF	0.00016932235411542436
CASSAGGTGELFF	0.00016041065126724414
CASSLVEGAYGELFF	0.00016041065126724414
CASSVDSGEQFF	0.00016041065126724414
CASTDRPNSPLHF	0.00016041065126724414
CSASGGLDNEQFF	0.00016041065126724414
CASSQTGVLFSYEQYF	0.00016041065126724414
CASTNTLNDSPLHF	0.00016041065126724414
CSVEDHGDRGTEAFF	0.00016041065126724414
