TCR	Abundance
CASSWGQGYDEQFF	0.0062964699578002
CVRSLGRGSTDTQYF	0.005425681559381
CSARGRSDNEQFF	0.0023555942572621
CASSEAIQTEAFF	0.0022886105343068
CASSFQGALTEAFF	0.0019536919195302
CASSFFGTGENYEQYF	0.001875544242749
CASSFVQATEAFF	0.0015629535356241
CASRDRADYGYTF	0.0014959698126688
CASSQGGTYTEAFF	0.001373166320584
CASSYSPPGPPEDEQFF	0.0011498872440663
CSARKWGIRGEAFF	0.0009824279366780538
CASSYHPGAYQETQYF	0.0008484604907674102
CASGAGAGNTIYF	0.0008038046754638622
CASRDRDRGLEEQYF	0.0008038046754638622
CASSLGGWVGYTF	0.0007926407216379753
CASSDGQGLEGYTF	0.0007703128139862014
CASSQVSSGAYEQYF	0.0007479849063344274
CAWSVDENQPQHF	0.0007479849063344274
CAWTGVGAPHQPQHF	0.0007368209525085405
CASSELWTGFEQYF	0.0006921651372049925
CASSLIGEPQHF	0.0006921651372049925
CASSYGLAGMHEQYF	0.0006475093219014446
CASSSTSLGYTF	0.0006028535065978968
CASSGGEGYTF	0.0005470337374684618
CASRDQANYGYTF	0.0005358697836425749
CASSSGTGAYDTEAFF	0.0005247058298166879
CASNNSSGYTF	0.0005247058298166879
CASSQSKGRGDRGILDNEQFF	0.0005135418759908009
CASSLVQGTEAFF	0.0005135418759908009
CASSDGIGGQETQYF	0.0005135418759908009
CASSIGEDGSYEQYF	0.0005023779221649139
CASSLDLRLSGYTF	0.0005023779221649139
CASSSFGGEYNEQFF	0.0005023779221649139
CAWSYDSNTEAFF	0.0004912139683390269
CASSDSVGELFF	0.00048005001451314
CASSASYQETQYF	0.000468886060687253
CASSSGQGAREQYF	0.0004577221068613661
CASSLRDRGLLGTQYF	0.0004577221068613661
CASSLHRVNTEAFF	0.0004353941992095921
CASSLYSFNREGLDQPQHF	0.0004353941992095921
CASSLVSGGRYEQYF	0.0004242302453837051
CASSLIRDNEQFF	0.0004130662915578181
CASSLTTGPRGFGYTF	0.0003907383839060442
CASSSLLAGASYEQYF	0.0003795744300801572
CASSEFTRADQPQHF	0.0003795744300801572
CASSRLGFSGANVLTF	0.0003795744300801572
CASSLWASNHQPQHF	0.00036841047625427024
CAMTLAESYNEQFF	0.00036841047625427024
CASSPGERTYNEQFF	0.00036841047625427024
CASSSLSPEHTDTQYF	0.00036841047625427024
CASSVEGTYQETQYF	0.00035724652242838324
CASSEKGVPGNTIYF	0.00035724652242838324
CASSLVQATEQYF	0.00035724652242838324
CATGAMNTEAFF	0.00034608256860249625
CATSRDRFNSPNDYEQYF	0.00034608256860249625
CASSPYDRDNQPQHF	0.0003237546609507223
CASSQGGALGGELFF	0.0003237546609507223
CASSPGQYYEQYF	0.0003237546609507223
CASSGSEAFF	0.0003237546609507223
CACNFGYGYTF	0.0003237546609507223
CASSPDWIYGYTF	0.0003237546609507223
CASSATWTDEYGYTF	0.0003237546609507223
CASSQDTDRGGGYTF	0.0003237546609507223
CASSDSGGGNNEQFF	0.0003125907071248353
CASSPGEAYGYTF	0.0003125907071248353
CATSESTVTSNQPQHF	0.0003125907071248353
CASSDPGPYEQYF	0.0003014267532989484
CASSQAQSGRTEAFF	0.0002902627994730614
CATEPRDGTYEQYF	0.0002902627994730614
CASSGGGQGFDEQYF	0.0002902627994730614
CASSQDSAGREQYF	0.0002902627994730614
CATSDVRTGVNYGYTF	0.0002902627994730614
CASSLRTGSDQPQHF	0.0002902627994730614
CATSTGLDYGYTF	0.0002790988456471744
CASSQAASGSYEQYF	0.0002790988456471744
CASSEGVSHAPSEQFF	0.0002790988456471744
CASSFPFPGHKETQYF	0.0002790988456471744
CASSLAGTGSLDGYTF	0.00026793489182128745
CASSDLAGSDSGELFF	0.00025677093799540045
CASSLMGSSTDTQYF	0.00025677093799540045
CASSSPRIRDREATQYF	0.00025677093799540045
CASSDSGGGAFEQFF	0.00024560698416951346
CASSQGTGEVETQYF	0.00024560698416951346
CSLQTGQGSQPQHF	0.00024560698416951346
CASSNRRGQGARGEKLFF	0.0002344430303436265
CASSASAEPNYGYTF	0.0002344430303436265
CASSVRPVEGANYGYTF	0.00022327907651773952
CASSLEAGGTDTQYF	0.00022327907651773952
CASSPGTEPSSGANVLTF	0.00022327907651773952
CASRDPGAFYEQYF	0.00022327907651773952
CASSFRTGNGNTIYF	0.00022327907651773952
CASSPRDREGNTIYF	0.00021211512269185253
CASSLPGEAFF	0.00021211512269185253
CASSSSGSGANVLTF	0.00021211512269185253
CASSTSGGADTQYF	0.00021211512269185253
CASSQARAEGSETQYF	0.00021211512269185253
CASSGTSGGYNEQFF	0.00021211512269185253
CASSEYPEAGQPQHF	0.0002009511688659656
CASSALAGGNTGELFF	0.0002009511688659656
CASSPQASGANVLTF	0.0002009511688659656
