TCR	Abundance
CASSTSHTTEAFF	0.0522784456248252
CASSIGRGPQPQHF	0.0506010623427453
CSVPPWGEYSNQPQHF	0.0289348616158792
CASTPGGTAVYEQYF	0.0257198769918926
CASSLVSEGQGKDYGYTF	0.0239027117696393
CASSYDGLTGTGIMGEQYF	0.0188705619233994
CASSSTDRGHTGELFF	0.0180318702823595
CASSSTDRGNTGELFF	0.0177523064020128
CASSPPPTGSYNEQFF	0.0159351411797595
CASSPSSGGSSYEQYF	0.0149566675985462
CASSSTDRGHTGELFF	0.0113223371540396
CASSLEGLGQPQHF	0.009365389991613
CASSTQYSGNTIYF	0.0079675705898797
CASSSTDRGRTGELFF	0.0072686608890131
CATEGYSGRDYGYTF	0.0061504053676265
CASSPTLGVAGEQYF	0.0061504053676265
CSATGDFARGF	0.0053117137265865
CSVKPQTGGPYEQYF	0.0036343304445065
CASSSDSGNSYEQYF	0.0034945485043332
CASSLIGGSISGGEQFF	0.0032149846239865
CASTLSDGAEQYF	0.0030752026838132
CATGVSRISGGNQPQHF	0.0027956388034665
CASSPPLSYEQYF	0.0027956388034665
CASHQGGGQPQHF	0.0027956388034665
CASSLRQGAVSNQPQHF	0.0026558568632932
CASSPTSGGPSTDTQYF	0.0026558568632932
CASSSGPPSYNEQFF	0.0025160749231199
CASSLWVDENEQYF	0.0020967291025999
CASSLLFPLNTEAFF	0.0020967291025999
CASSQDKNPLWSLGSRENYGYTF	0.0020967291025999
CSASDRVAGDPIYEQYF	0.0020967291025999
CASRPGVQQPQHF	0.0019569471624266
CASSLAGSGTYNEQFF	0.0019569471624266
CASANSEQYF	0.0018171652222532
CASRNATNEKLFF	0.0018171652222532
CASSLIGGVPYNEQFF	0.0016773832820799
CASSPRTSGLSNEQFF	0.0016773832820799
CASMDRGRNEKLFF	0.0016773832820799
CASSLASRDRVLYEQYF	0.0016773832820799
CAWSTLRSPLHF	0.0016773832820799
CSVLGNSYEQYF	0.0015376013419066
CASSVIGQGTGELFF	0.0015376013419066
CASSFTGTGSTDTQYF	0.0015376013419066
CASSYREASYNEQFF	0.0015376013419066
CATSASTQGEAFF	0.0015376013419066
CASSEGRAVAGELFF	0.0013978194017332
CASSLSQNQPQHF	0.0013978194017332
CSASRPSGGRSSYEQYF	0.0013978194017332
CASSLTGNERTLPGAFF	0.0013978194017332
CASSPSTGYQPQHF	0.0013978194017332
CASRDITDTQYF	0.0012580374615599
CASSYSDGSEQYF	0.0012580374615599
CASSTFGETQYF	0.0012580374615599
CASSEWFDQPQHF	0.0012580374615599
CASSNSEGQGINNEQFF	0.0012580374615599
CASSYLSERETQYF	0.0011182555213866
CSGTYTGAEQYF	0.0011182555213866
CASSSWTDSYEQYF	0.0009784735812133072
CSASFSGSIETQYF	0.0009784735812133072
CASSPDRDRVLLSFF	0.0009784735812133072
CSARDEAGLNTEAFF	0.0009784735812133072
CATTTYTEAFF	0.0009784735812133072
CASSQELWQGPLYEQYF	0.0009784735812133072
CSARRETPDTQYF	0.0009784735812133072
CASSRWTGRETEAFF	0.0009784735812133072
CASSLPVASPTDTQYF	0.0009784735812133072
CASSFSPGSRQGEVGQPQHF	0.0009784735812133072
CASAPDSTNYGYTF	0.0008386916410399776
CASSLSESTDTQYF	0.0008386916410399776
CASRLHPKYEQYF	0.0008386916410399776
CASSIDRLAGVRNEQFF	0.0008386916410399776
CASSPGTVYKPQHF	0.0008386916410399776
CASSLWFWRIPFGGYTF	0.0008386916410399776
CASSSSYAGTEAFF	0.0008386916410399776
CASSFDSGGTDTQYF	0.0008386916410399776
CASSLALVRVSPDTQYF	0.0008386916410399776
CASSWRGLANEKLFF	0.0008386916410399776
CASKIGGHTEAFF	0.0006989097008666481
CASSYGDLGADTQYF	0.0006989097008666481
CASRPDPFTEAFF	0.0006989097008666481
CASSPLGGQEQYF	0.0006989097008666481
CASSQAGTSGRADTQYF	0.0006989097008666481
CASSAGTSGKVEQYF	0.0006989097008666481
CASSLCCVEQYF	0.0006989097008666481
CASSPQGGRNTEAFF	0.0006989097008666481
CASSDWYDQPQHF	0.0006989097008666481
CASSLGRTSTDTQYF	0.0006989097008666481
CASAYGTYEQYF	0.0006989097008666481
CSASKVNEAFF	0.0006989097008666481
CSARNVEGYNTEAFF	0.0006989097008666481
CASSGWVSSYEQYF	0.0006989097008666481
CASETGGNTIYF	0.0006989097008666481
CSVPEATGGPYTEAFF	0.0005591277606933184
CASRRGSQETQYF	0.0005591277606933184
CASSLDGENYGYTF	0.0005591277606933184
CASSSGGLGYTF	0.0005591277606933184
CASRTDRVANQPQHF	0.0005591277606933184
CASRKDRVREQYF	0.0005591277606933184
CASRKEDTGELFF	0.0005591277606933184
CASSPRVRGMNTEAFF	0.0005591277606933184
