TCR	Abundance
CAWSRQDLDTGELFF	0.0857688300582351
CASSLASAYNEQFF	0.0217583754388711
CATWDLYNEQFF	0.0090875694816652
CASSHTDDLEAFF	0.0059379347308959
CARSQGGYTF	0.0057090893761555
CATSDLDRYYGYTF	0.0047876857110164
CASSDPGGTGELFF	0.0046491740489367
CATSRVAGEEQYF	0.0043119282630035
CASSGVGNTDTQYF	0.0040228604464893
CASSLSGGAGELFF	0.0038602597997
CASSLWQETQYF	0.003685614660556
CASSNTASYNEQFF	0.0036133477064275
CASSLRTGWLYEQYF	0.0033604133669776
CASSGWGSYNEQFF	0.0031677014893014
CATQDRGNTGELFF	0.0031616792431241
CASSPDSGRTDTQYF	0.0031315680122372
CASSMEGGSEQYF	0.0030894122889955
CASSSDRGKGYTF	0.0026798995489337
CASSPERWDGYTF	0.0026497883180468
CASSLSGLALNYEQYF	0.0026196770871599
CASSLRREDEKLFF	0.0025474101330314
CASSPPDAAYNEQFF	0.0024329874556612
CASLPKPGRINQPQHF	0.0023065202859362
CASRGGTGRTNEQFF	0.0019813189923577
CASSLSPFGSGRNTQYF	0.001890985299697
CASSPPGQGFGQPQHF	0.0018488295764554
CASSLAPAGADFSGELFF	0.0018247405917459
CASSQTGGNTGELFF	0.0017825848685042
CASSYEGAVQPQHF	0.001716340160553
CASSLVPTSEQYF	0.0016320287140697
CASSDLTGGWGNEQFF	0.0014393168363936
CASSPPREGMNTGELFF	0.0014031833593293
CASSAPGGGGTLGAQYF	0.001367049882265
CASSVGGQIGAFF	0.0012767161896043
CAWGTGASNQPQHF	0.0012405827125401
CASSLSGPSYEQYF	0.0012104714816532
CASSLFRGNQPQHF	0.0011803602507663
CASSSLSEPNEQFF	0.0011261600351699
CASSVANVLGDIQYF	0.0011201377889925
CSVDVSLHYQQFF	0.0011141155428151
CSASNPNEQFF	0.0010900265581056
CASSFLAESYEQYF	0.0010840043119282
CASSTGGGYGYTF	0.0010659375733961
CASSYEGDTQYF	0.0009515148960259198
CSAIRDTFYEQYF	0.0009394704036711613
CASSDRGHQETQYF	0.0008973146804295067
CASRGFDYGYTF	0.0008431144648330934
CASSQAPARVPYNEQFF	0.0008370922186557142
CASSWDAGYEQYF	0.000831069972478335
CASSFRGGETQYF	0.0007828920030593011
CASSQEPGAFF	0.0007648252645271633
CASSTGTGPYGYTF	0.0007588030183497841
CASSDRGGNTEAFF	0.0007106250489307502
CASRYPGHPGGELFF	0.0006925583103986124
CASSQVGETQYF	0.0006865360642212332
CASSPGTGQETQYF	0.0006684693256890955
CASSPGQGGYYDTGELFF	0.0006504025871569578
CASSLDVTGGYGYTF	0.0006323358486248201
CASSPTVLAGAPYEQYF	0.0006263136024474409
CASADGTGELFF	0.0006202913562700617
CASSPRLSTDTQYF	0.0005721133868510277
CSARDLLDRSYNEQFF	0.0005721133868510277
CASSLVGEGGSDEQYF	0.0005660911406736484
CASRLRLMGPSDTEAFF	0.0005660911406736484
CASSLQGANYGYTF	0.0005600688944962692
CASSPDMAQPQHF	0.0005480244021415108
CASSVAWGGTEAFF	0.0005420021559641315
CASEIGETGYTF	0.0005359799097867522
CASSPPISGYTDTQYF	0.0005239354174319938
CASSFWTSDNNEQFF	0.0005179131712546145
CASSSDLHQPQHF	0.0005179131712546145
CASEENTGELFF	0.0005118909250772353
CASSQDPVAERYEQYF	0.0005118909250772353
CASSLEASNYGYTF	0.0004938241865450976
CSARDWGIDYGYTF	0.0004878019403677184
CSAPYGDSYNEQFF	0.0004878019403677184
CASRIQGANYGYTF	0.0004817796941903391
CASSLGVGGEQYF	0.0004697352018355806
CATSDFASGTSTDTQYF	0.0004697352018355806
CSARDPGEREYADTQYF	0.0004637129556582014
CASSRRRTYEQYF	0.0004637129556582014
CSVDVLGHSYEQYF	0.0004396239709486845
CSARAQGINQETQYF	0.0004336017247713052
CASSAGRDQPQHF	0.0004336017247713052
CASKSSAYQETQYF	0.0004336017247713052
CASSLAGLFYWGDTQYF	0.000427579478593926
CATGRTGIPGELFF	0.0004155349862391675
CASSQETSGTYEQYF	0.0004095127400617882
CASSPDGGGRGGYTF	0.00039746824770702974
CSARESGQASDGYTF	0.00039746824770702974
CAISETAGTADEQYF	0.0003914460015296505
CASRGLAYEQYF	0.0003914460015296505
CASSLGGYARADTQYF	0.0003914460015296505
CASSLFPGGGSTDTQYF	0.0003914460015296505
CASRGTDYGYTF	0.00038542375535227126
CSARSDSNHNEQFF	0.0003733792629975128
CASSLAGGPSGELFF	0.0003733792629975128
CASRKGGTPGQENTEAFF	0.0003673570168201336
CASSWEATSYEQYF	0.0003613347706427544
CAWSSPGPRNQPQHF	0.0003553125244653751
