TCR	Abundance
CSVEDHGDRGTEAFF	0.017867305934498
CARIQGGGNSPLHF	0.0090716244416466
CASSLVEGAYGELFF	0.0051739302899125
CASSSGGTGSSYEQYF	0.004846248038218
CASSYEMRTANTEAFF	0.0033285618198437
CASSPEGLEKLFF	0.0024317472362589
CASSIPRGSGSNEAFF	0.0023800079333597
CARSLNPGSYEQYF	0.0022937757618612
CASSQGLAGDNEQFF	0.0021730507217632
CASSQDPNSPYEQYF	0.0018108756014693
CASSSMDRGSSYNEQFF	0.0016901505613714
CASSRNSGAIPIRTYF	0.001534932652674
CASSLASTSTGELFF	0.0014659469154752
CASSLISSYNSPLHF	0.001414207612576
CASSYYRYSTSGGARIVYEQYF	0.0013624683096769
CASSQWDRAANEKLFF	0.0012934825724781
CASSYRPAGDLNNEQFF	0.0012244968352793
CASSQPDRGNGAQYF	0.0010347860579825
CASRPPGRKTEAFF	0.0009830467550833864
CASRLTGSATNEKLFF	0.0009485538864839694
CASSSPGAPSYNEQFF	0.0009313074521842608
CASSSDGCYTF	0.0009313074521842608
CASSLGQFGSYNEQFF	0.0009140610178845524
CASSYSGTGGEQYF	0.0009140610178845524
CASSQERDSSYEQYF	0.0008968145835848439
CASSPTGNQPQHF	0.0008795681492851353
CASSLPHSGANVLTF	0.0008623217149854268
CASSSGLRNQPQHF	0.0008450752806857182
CAWSVKTTGELFF	0.0007588431091871755
CASSLEGGPGSPLHF	0.0007415966748874671
CASRGQGYEQYF	0.0007243502405877585
CASSPSAAGGLGDTQYF	0.0007071038062880499
CASSFGTGGNNEQFF	0.0006036252004897987
CASSLGGYEQFF	0.0005863787661900902
CASALRAHPYLFF	0.0005518858975906731
CASSYWGSNQPQHF	0.0005518858975906731
CASSLEGDQPQHF	0.0005346394632909646
CASSLIAGKFSGANVLTF	0.000517393028991256
CASSQATGVAKNIQYF	0.000517393028991256
CASSPGRIHTGELFF	0.000517393028991256
CASSGRLTGGSGANVLTF	0.000482900160391839
CASSPGTSGYYNEQFF	0.000482900160391839
CSASPLLAGVQETQYF	0.0004656537260921304
CASSYNEQFF	0.0004656537260921304
CASSYSPTQPLSNEKLFF	0.00044840729179242194
CAISDAGIRGYTF	0.00044840729179242194
CATSDFRDTGELFF	0.00044840729179242194
CASAGGEQYF	0.00044840729179242194
CASTRAMPGQATYEQYF	0.0004311608574927134
CASRGPGASTDTQYF	0.0004311608574927134
CASSVQGGSTDTQYF	0.0004311608574927134
CSAYGESSYNEQFF	0.0003966679888932963
CASSQGYRGLSYEQYF	0.0003966679888932963
CASSPDLGTGGWSQPQHF	0.0003966679888932963
CASRTGTGGNYGYTF	0.0003966679888932963
CATSDIPAGDRYEQFF	0.00037942155459358775
CASSLGTAMNTEAFF	0.00037942155459358775
CASSLIGTGGDYTF	0.0003449286859941707
CASSVNRDRWYGYTF	0.0003276822516944622
CASSSDREQSPLHF	0.0003104358173947536
CASSLSWGEAYEQYF	0.0003104358173947536
CASSESNYGYTF	0.0003104358173947536
CASSLNGNSPLHF	0.0003104358173947536
CASSFTESSYEQYF	0.0003104358173947536
CASSLGRGFNYGYTF	0.0002931893830950451
CAQPGRGAEAFF	0.0002931893830950451
CASTQGRSPSSGANVLTF	0.0002931893830950451
CASIGGLQVYNEQFF	0.0002931893830950451
CALGEQGAKTQYF	0.00027594294879533656
CASSWVARGSNEKLFF	0.00027594294879533656
CASSEGGDNSPLHF	0.00027594294879533656
CASSFPGGALREQYF	0.00027594294879533656
CASSLLVQETQYF	0.000258696514495628
CASSQDRLTGGYTF	0.000258696514495628
CASSLGKRLNTEAFF	0.000258696514495628
CASSHRVDRAETQYF	0.000258696514495628
CATRARGGTNEKLFF	0.0002414500801959195
CASSLLAGGRYEQFF	0.0002414500801959195
CASSLGTNYGYTF	0.0002414500801959195
CASSLSPGSTEAFF	0.0002414500801959195
CASSLGGNEQFF	0.00022420364589621097
CASSLQGNAGELFF	0.00022420364589621097
CSARDVSSSYNEQFF	0.00020695721159650244
CASSYSYGDGYTF	0.00020695721159650244
CAYTVGDTEAFF	0.00020695721159650244
CASSFTGTGGETQYF	0.00020695721159650244
CASSLVGNGYTF	0.00020695721159650244
CSARDLTSGESYNEQFF	0.00020695721159650244
CASSLSPNQPQHF	0.00020695721159650244
CASSDSYGGGTTGELFF	0.00018971077729679388
CASSSPGGQGNQPQHF	0.00018971077729679388
CASSPLGRESEAFF	0.00018971077729679388
CASSFSGRLAKNIQYF	0.00018971077729679388
CASSELGLAGGRNNEQFF	0.00018971077729679388
CASSPRADWGANVLTF	0.00017246434299708537
CASSRRDVTSPLHF	0.00017246434299708537
CASSSGNSGYTF	0.00017246434299708537
CASSLELRSTGELFF	0.00017246434299708537
CASSLTGGSPLHF	0.00017246434299708537
CASSVSQDYGYTF	0.00017246434299708537
