TCR	Abundance
CASSPRLKTRGYEQYF	0.0121472635130366
CASSQGHGRNQPQHF	0.0088016488092717
CASSQGAEGNYGYTF	0.0063736077584381
CASSPPARGINYGYTF	0.0061971512867205
CASSFAGGPDIRGRFF	0.0055760245062747
CASSYADSVENSPLHF	0.0053078106692641
CAETGGTGESGANVLTF	0.0042278970623526
CASSSLTSGGADTQYF	0.0040796736261099
CASSVLPPSRSPLHF	0.0034797216222702
CASSLTLAGARPRTDTQYF	0.002985643501461
CSANTGDHYEQYF	0.0026115557814198
CASMGRGLLLYGYTF	0.0026115557814198
CASSRDRAHTEAFF	0.0024845071217831
CASRGLAVTGELFF	0.0021386524372167
CASSTGVYGYTF	0.0020963028840045
CASSLTSGYQETQYF	0.0020398368130549
CASSQSDTRWGGNEQFF	0.0020398368130549
CASSLGEARLTDTQYF	0.0020116037775801
CATSDTGVSTDTQYF	0.0019621959654992
CASKTGTGGSEQFF	0.0018422055647312
CASSRDSDEKLFF	0.0018069142703877
CASSFGEGQPQHF	0.0017927977526503
CASSDKEDTEAFF	0.0015245839156396
CASSAQDPASPYEQYF	0.0015175256567709
CAISEGRSSYNEQFF	0.0015104673979022
CASSPKVYSNQPQHF	0.0014469430680839
CASRGLSSADF	0.0014116517737404
CASSSALMGGQPQHF	0.0014045935148717
CASSEAQQGGEKLFF	0.0013693022205282
CASRPQGESNGYTF	0.0013340109261847
CASKKLGGYGYTF	0.0013057778907099
CASSMVQGPGDTQYF	0.0012916613729725
CASSTGVYGYTF	0.0012775448552351
CASSLAPGSYGYTF	0.0012140205254167
CASSPYWTGGTDTQYF	0.001206962266548
CASSRSELVRNEKLFF	0.0011787292310732
CASSIGGADYNEQFF	0.0011716709722045
CASSENGGATDTQYF	0.0010799136069114
CASAPGLYYYEQYF	0.0010093310182244
CASSLLRTANGELFF	0.0010022727593557
CASSSTGVRSGANVLTF	0.000974039723880913
CASSRPQMSSGNTIYF	0.0009528649472748062
CASSWTGYYNEQFF	0.0009387484295374016
CASSESSGGVDTQYF	0.0009246319117999972
CASSVGTSGGTQETQYF	0.000917573652931295
CASSSGGFTDTQYF	0.0009105153940625926
CASSLLGGDLYEQYF	0.000896398876325188
CASGRQGLGYGYTF	0.0008681658408503791
CASSEGEQYF	0.0008469910642442722
CASSLSRVGNTIYF	0.0008328745465068677
CATSDDRGRQPQHF	0.0008258162876381654
CASSHPGVGPFSNYGYTF	0.0008258162876381654
CASSEGPAGGRDTQYF	0.0008187580287694631
CASSLAVGYNEQFF	0.0008187580287694631
CASSGGGRGQPQHF	0.0008116997699007609
CASSQALNSPLHF	0.0007905249932946541
CASGLRTGGSLMVQYF	0.0007905249932946541
CASSADRTEQYF	0.0007834667344259518
CASSPLYDEQFF	0.0007693502166885472
CASSRVPGHMNTEAFF	0.0007411171812137381
CASSAGQGWYEQYF	0.000734058922345036
CSAVFIGGRTEAFF	0.000734058922345036
CASSPGESSGGLNTDTQYF	0.0007270006634763337
CASTPRQGRDYGYTF	0.0007199424046076314
CASSIAGAYEQYF	0.0007128841457389292
CASSLYGGRSNSPLHF	0.0006987676280015246
CASSSGQGRDYGYTF	0.0006917093691328223
CASSTPYPDSTHYGYTF	0.0006705345925267155
CASSIQGYYGYTF	0.000656418074789311
CASSDPSGGTYEQYF	0.0006493598159206087
CASKSPLEAFF	0.0006423015570519064
CASSLEAGAKVQETQYF	0.0006352432981832042
CASLAGKGQPQHF	0.0006211267804457996
CASSRVGDTQYF	0.0006211267804457996
CASSGGAGGSYEQYF	0.0006211267804457996
CASSIGTELFQETQYF	0.0006211267804457996
CASSATGYYEKLFF	0.0006140685215770973
CASNNPGDSWTQPQHF	0.0006140685215770973
CASSPGPDRYEQYF	0.0006140685215770973
CASSHLGANPTYEQYF	0.0006070102627083951
CASSSTDTQYF	0.0005999520038396928
CASPRTTDTQYF	0.0005999520038396928
CASSLALGGAEAFF	0.0005928937449709905
CASSLQPESNQPQHF	0.0005928937449709905
CASSAPLGGSYNEQFF	0.0005928937449709905
CASSYRGGYTF	0.000578777227233586
CASSPLGSSSSYEQYF	0.0005717189683648838
CASSIQPYSNQPQHF	0.0005717189683648838
CASSPHWGYEQYF	0.0005646607094961815
CASSAQLAGETGELFF	0.0005646607094961815
CAGSTGVYGYTF	0.000550544191758777
CASSGGTASVATNEKLFF	0.0005434859328900747
CASSVGQDKPPQHF	0.0005293694151526702
CASSPLGGARHTEKLFF	0.0005293694151526702
CASSQGLEGGSPLHF	0.0005223111562839679
CASSQVTNYGYTF	0.0005223111562839679
CSARESAFDSGEQYF	0.0005152528974152656
CASSTGVYGYTF	0.0005152528974152656
CASSPLGMDSGNTIYF	0.0005152528974152656
CASSWDRGSYGYTF	0.0005152528974152656
