TCR	Abundance
CASSLEGVGDRTTPGNQPQHF	0.027825881902123
CASSFPGVGGETQYF	0.0224758844813229
CASSQAGGLTNYGYTF	0.0111052976765093
CASSFRGPRELFF	0.0099336040264994
CASSQAVTSTDTQYF	0.0069933161877952
CASSLYMVGKTGYTF	0.0029918718358744
CASSLEYGGRPYEQYF	0.0028002741320992
CASSIRTSYEQYF	0.0027118444226645
CASSRRGGGELFF	0.0022918033028496
CAWRHSLMNTEAFF	0.0021738970236033
CAIWTGTGFEEAFF	0.0020191450320926
CASSPSLGTDTQYF	0.0019749301773752
CASSSFLWNEQFF	0.0018275473283174
CASSLEGSLGNTIYF	0.0012527542169917
CASSYRGTGELFF	0.0011938010773686
CASSLGGAEETQYF	0.001164324507557
CASSLTGGLRQPQHF	0.0011274787952925
CSARDPGGLYEQYF	0.0011274787952925
CATTQGLNAGANVLTF	0.0011053713679339
CASSFRGTGELFF	0.0009579885188760584
CSVEGGTIYEQYF	0.00093588109151738
CASSAGPATGELFF	0.0009064045217058092
CASSPSTGTEAFF	0.0008548205245355598
CASSSTGNYNEQFF	0.0008474513820826671
CAWSVRLDPGELFF	0.0008474513820826671
CAIKTGEANEAFF	0.0007811291000066322
CASSYYQTGANTGELFF	0.0006853302481190264
CASSHRDRNYEQYF	0.0006632228207603481
CSARTAGDGYTF	0.0006558536783074553
CASSPMGRVLGEQYF	0.0006411153934016699
CASSQGLLAGDQQFF	0.000545316541514064
CASSQERWGYNEQFF	0.000515839971702493
CASRMATTGRGYTF	0.0005011016867967075
CASSPWQGWDGYTF	0.0005011016867967075
CASSYFLSGQMFMNTEAFF	0.0004937325443438147
CASTQGLHSYNEQFF	0.00048636340189092193
CSVSQTGNGYTF	0.00048636340189092193
CATSESTYYTGELFF	0.0004789942594380292
CASSLGLFGNWDTGELFF	0.0004568868320793509
CASSRFEGDDYGYTF	0.0004421485471735654
CASSQWDGSTYEQYF	0.0004274102622677799
CASSPLISKEELFF	0.0004200411198148872
CASSQDRSRLGGETQYF	0.0004126719773619944
CSVEGGSSYEQYF	0.0004053028349091016
CASSLSPGETQYF	0.0004053028349091016
CATSPGPNYEQYF	0.0004053028349091016
CASSLGGADSPLHF	0.00039793369245620885
CSAVVNYGYTF	0.0003905645500033161
CASSGTSGGADTQYF	0.0003831954075504233
CASSLTVGLEAFF	0.00036845712264463787
CASSLLAGGYNEQFF	0.00035371883773885235
CASSDFEGGLIRTGELFF	0.00035371883773885235
CAWSVWGGNTEAFF	0.0003463496952859596
CASSDGGAGELFF	0.0003463496952859596
CASSFGSGGWGDGYTF	0.0003463496952859596
CASRPANTEAFF	0.0003389805528330668
CASSLGQGTNYGYTF	0.0003389805528330668
CSVEGGQFYEQYF	0.0003389805528330668
CSVWGTGTSYEQYF	0.00033161141038017406
CASSLSQGTQPQHF	0.00033161141038017406
CASSFIDRYNSPLHF	0.0003242422679272813
CASSLGQGADEQFF	0.0003242422679272813
CASRTTGFGYGNTIYF	0.0003242422679272813
CASSFDRDSLNEKLFF	0.0003242422679272813
CASSYSMWETQYF	0.0003095039830214958
CASRHPDRPTDTQYF	0.000302134840568603
CASSIGLAGGPSTDTQYF	0.00029476569811571026
CASSRDSTEAFF	0.00029476569811571026
CASSIGQGADTQYF	0.00029476569811571026
CASRNSGSNTEAFF	0.0002873965556628175
CSVEGGASYEQYF	0.0002873965556628175
CARSPGHNQPQHF	0.00028002741320992474
CASIRAGAFTDTQYF	0.00026528912830413927
CASGVGSVNEQFF	0.0002579199858512465
CAWSWTSGDNAKNIQYF	0.0002579199858512465
CASSSLNSGDYEQYF	0.0002579199858512465
CASSLNPTWLAGGLNEQFF	0.0002505508433983537
CASSPWDRSYGYTF	0.0002505508433983537
CASSLNGAFDGYTF	0.0002505508433983537
CASSSQGLGTYEQYF	0.00024318170094546096
CASSLDAGNYGYTF	0.00024318170094546096
CASSLTGGGNTEAFF	0.00024318170094546096
CASSQDTHRGWGYTF	0.00023581255849256823
CASSSWTGKGF	0.00022844341603967547
CASSGDRERPQHF	0.00022844341603967547
CANGPGASGANVLTF	0.00022844341603967547
CAWSRLDAYEQYF	0.0002210742735867827
CATRGTSGRNEQFF	0.0002210742735867827
CATFPGGSYNEQFF	0.00021370513113388995
CATDREGGYTF	0.00021370513113388995
CASSGDTEAFF	0.00021370513113388995
CASSIKAGTHEQYF	0.00021370513113388995
CASSEVLAGAYEQYF	0.0002063359886809972
CASSQGLAYEQYF	0.0002063359886809972
CASSPGTGTYGYTF	0.0002063359886809972
CASSTTHRDRGGGYTF	0.0002063359886809972
CASSHRGKRSPLHF	0.0002063359886809972
CASSLSSYEQYF	0.0002063359886809972
CASSPGDYEQYF	0.00019896684622810443
CASSYGDRDTGELFF	0.00019896684622810443
