TCR	Abundance
CASSWGQGYDEQFF	0.0047005818078615
CVRSLGRGSTDTQYF	0.0034323116219667
CSARGRSDNEQFF	0.0030864197530864
CASSFQGALTEAFF	0.0024212430821626
CASSEAIQTEAFF	0.0021463033915141
CASSFFGTGENYEQYF	0.0017294593444018
CASSYGLAGMHEQYF	0.001640769121612
CASSFVQATEAFF	0.0013835674755214
CASRDRADYGYTF	0.0013392223641265
CASSYHPGAYQETQYF	0.0012594011636157
CASSQGGTYTEAFF	0.0011884489853838
CASSLGGWVGYTF	0.0011174968071519
CASRDRDRGLEEQYF	0.001073151695757
CAWSYDSNTEAFF	0.001073151695757
CASSYSPPGPPEDEQFF	0.0010288065843621
CASSDSVGELFF	0.0009046402724563644
CASSQVSSGAYEQYF	0.0008957712501773804
CASGAGAGNTIYF	0.0008869022278983965
CASSELWTGFEQYF	0.0008425571165034766
CASSLTTGPRGFGYTF	0.0007804739605505889
CASSLVSGGRYEQYF	0.0007183908045977011
CASSLIGEPQHF	0.0007183908045977011
CASSIGEDGSYEQYF	0.0006474386263658294
CASSLYSFNREGLDQPQHF	0.0006385696040868455
CAWTGVGAPHQPQHF	0.0006385696040868455
CASRDQANYGYTF	0.0006297005818078615
CASSASYQETQYF	0.0006119625372498935
CATGAMNTEAFF	0.0006030935149709096
CASSPDWIYGYTF	0.0005942244926919256
CASSSFGGEYNEQFF	0.0005853554704129416
CAWSVDENQPQHF	0.0005587484035759898
CASSDGQGLEGYTF	0.0005410103590180219
CASSLDLRLSGYTF	0.000496665247623102
CASSDGIGGQETQYF	0.000496665247623102
CATSRDRFNSPNDYEQYF	0.0004789272030651341
CASSGGEGYTF	0.0004611891585071662
CASSGSEAFF	0.0004611891585071662
CASSLHRVNTEAFF	0.0004611891585071662
CASSSLSPEHTDTQYF	0.0004611891585071662
CASSENSNQPQHF	0.0004434511139491983
CASSPGEAYGYTF	0.0004434511139491983
CAMTLAESYNEQFF	0.0004257130693912303
CATSDVRTGVNYGYTF	0.0004257130693912303
CASSPGQYYEQYF	0.0004257130693912303
CASTGEGYGYTF	0.0004168440471122463
CASSLIRDNEQFF	0.0004079750248332624
CASSQSKGRGDRGILDNEQFF	0.0004079750248332624
CASSDPGPYEQYF	0.0003902369802752945
CASSVRPVEGANYGYTF	0.0003724989357173265
CSARKWGIRGEAFF	0.0003724989357173265
CASSLPTDTQYF	0.00036362991343834257
CASSSPRIRDREATQYF	0.00036362991343834257
CASSLRTGSDQPQHF	0.00036362991343834257
CASSLWASNHQPQHF	0.0003370228466013907
CASSATWTDEYGYTF	0.0003370228466013907
CASSPYDRDNQPQHF	0.0003281538243224067
CASSQAASGSYEQYF	0.0003104157797644388
CSVADREGTEAFF	0.0003104157797644388
CASSLPGEAFF	0.0003104157797644388
CASSQGGALGGELFF	0.0003104157797644388
CASSDSGGGNNEQFF	0.0003104157797644388
CASSEGVSHAPSEQFF	0.0003104157797644388
CAGGLGDSTDTQYF	0.0003104157797644388
CASRDPGAFYEQYF	0.0003015467574854548
CSAPPYEQYF	0.0002926777352064708
CASSSGTGAYDTEAFF	0.0002926777352064708
CASSSLLAGASYEQYF	0.0002926777352064708
CASSQGTGEVETQYF	0.0002926777352064708
CASSPGTEPSSGANVLTF	0.0002838087129274869
CASSEKGVPGNTIYF	0.0002838087129274869
CASSGGGQGFDEQYF	0.0002749396906485029
CASSETENTEAFF	0.0002749396906485029
CASSLRDRGLLGTQYF	0.0002749396906485029
CASSLAGSLNEQFF	0.0002749396906485029
CATSESTVTSNQPQHF	0.00026607066836951894
CASSDLAGSDSGELFF	0.00026607066836951894
CASSALAGGNTGELFF	0.00026607066836951894
CATSTGLDYGYTF	0.000257201646090535
CASSPQVSYEQYF	0.000257201646090535
CASSHPSSYEQYF	0.000257201646090535
CASSLVQGTEAFF	0.000257201646090535
CASNNSSGYTF	0.000257201646090535
CASSPGQGLAGELFF	0.000248332623811551
CASSRLGFSGANVLTF	0.000248332623811551
CASSPLPSVSTDTQYF	0.000248332623811551
CASSQPSTGSEAFF	0.000248332623811551
CASSSSGSGANVLTF	0.000248332623811551
CASSETSDLDTIYF	0.000248332623811551
CASSRSGGASDTQYF	0.000248332623811551
CASSWGQGAQGETQYF	0.00023946360153256704
CASSLEAGGTDTQYF	0.00023946360153256704
CASSVEGTYQETQYF	0.00023946360153256704
CASSLALGEGGTQYF	0.0002305945792535831
CASSLVQATEQYF	0.0002305945792535831
CATSDWEGRSDNPDTQYF	0.0002305945792535831
CASSSGQGAREQYF	0.0002305945792535831
CASSTPGKHNQPQHF	0.0002305945792535831
CATEPRDGTYEQYF	0.00022172555697459915
CASSEEGQGNAEAFF	0.0002128565346956152
CASSLAGTRGDTEAFF	0.0002128565346956152
