TCR	Abundance
CASKIPGETGELFF	0.0216322517207472
CSARQGDTEAFF	0.0211116895135635
CSARDLGLLNEQFF	0.0043380183931979
CASSEGQDNSPLHF	0.00416449765747
CASSQEGSKDTQYF	0.0034704147145583
CASSSATYEQYF	0.0031812134883451
CASSEGGSGANVLTF	0.0031233732431025
CASSDPGQFSYNEQFF	0.0028920122621319
CASSLDEKNEQYF	0.002718491526404
CASSQASGDPNTGELFF	0.0015616866215512
CASSAGTDVYEQYF	0.0014460061310659
CASSEGTGDTGELFF	0.001272485395338
CASTELAGGGTDTQYF	0.0012146451500954
CASSRSGESYEQYF	0.0010989646596101
CASSQDVESSSYNEQFF	0.0010411244143675
CASSQETGAYTIYF	0.0009832841691248771
CASSYSGLVRTDTQYF	0.0009254439238822372
CASSEGDTGELFF	0.0008097634333969576
CASSSGRLWPQHF	0.0007519231881543178
CASSEAAGGYNEQFF	0.0007519231881543178
CATSDYGEDTQYF	0.0006362426976690381
CASSFHRGGASTDTQYF	0.0006362426976690381
CATSDRLAGTPTGELFF	0.0006362426976690381
CASSQETGSYEQYF	0.0005784024524263983
CSARDTGGVWNIQYF	0.0005205622071837585
CATTDRGAGYTF	0.00046272196194111853
CSARVRPYYGYTF	0.00046272196194111853
CASLRGEGLGETQYF	0.00046272196194111853
CASSEGERTEAFF	0.00046272196194111853
CASSSPETGRTEAFF	0.0004048817166984788
CASSLKPASVEQYF	0.0004048817166984788
CASSLSDYEQYF	0.0004048817166984788
CASSQEGGASNSPLHF	0.0004048817166984788
CASSYSDTNTGELFF	0.0004048817166984788
CASNFGLAGPIRTQYF	0.00034704147145583897
CASSEGGYRDTGELFF	0.00034704147145583897
CASSPFLAGGHNEQFF	0.00034704147145583897
CASSSPANYGYTF	0.00034704147145583897
CASSPPTGTGTDTQYF	0.00034704147145583897
CATSDLGGEGKGTDTQYF	0.00034704147145583897
CSASEGITEAFF	0.0002892012262131992
CASSGTSGGAYEQYF	0.0002892012262131992
CATSDNREIVPQHF	0.0002892012262131992
CSARDTTGNGYTF	0.0002892012262131992
CASSEDVGRGGDTQYF	0.0002892012262131992
CASSEADRSYEQYF	0.0002892012262131992
CSARGMLEREVQETQYF	0.0002892012262131992
CSDQWTGHSYEQYF	0.0002892012262131992
CASSEAAGGPETQYF	0.0002892012262131992
CSARQGGPIAQYF	0.0002892012262131992
CASSQDNTEIHQETQYF	0.0002892012262131992
CASSDSTGGQPQHF	0.0002892012262131992
CASSVDYEQYF	0.0002892012262131992
CASSQGAGSFEQYF	0.0002892012262131992
CASSEERGGGKFEQFF	0.00023136098097055927
CASSQEAGGHVDTQYF	0.00023136098097055927
CASSLAPGREGYF	0.00023136098097055927
CSARPAERGVYNEQFF	0.00023136098097055927
CATGGSETQYF	0.00023136098097055927
CSARPQTGLFVGELFF	0.00023136098097055927
CSARDSEREGVNEQFF	0.00023136098097055927
CASSQELGDQPQHF	0.00023136098097055927
CASSPLSGDQPQHF	0.00023136098097055927
CAISELTPGMSPLHF	0.00023136098097055927
CSAGAASGSAGTDTQYF	0.00023136098097055927
CSAKRGSVSEAFF	0.00023136098097055927
CASSDSDQSEQFF	0.00023136098097055927
CATSDSYRAGTGNTIYF	0.00023136098097055927
CASSQGLSYNEQFF	0.00023136098097055927
CASSQKGEGSDTQYF	0.00023136098097055927
CSVRQTEAFF	0.00023136098097055927
CSAQTGLADSYNEQFF	0.00023136098097055927
CASSQGGHQGRHEQYF	0.00023136098097055927
CASRTQGRDTEAFF	0.00023136098097055927
CASSRAREIVHEQYF	0.00023136098097055927
CASSDSAGAYNEQFF	0.00023136098097055927
CASSRQGLNQPQHF	0.00023136098097055927
CASSQTAYGYTF	0.00023136098097055927
CASSEAPGTGGGGLFF	0.00017352073572791948
CASSSGESYEQYF	0.00017352073572791948
CASSVSGQGAYEQYF	0.00017352073572791948
CASTMGTSRGYNSPLHF	0.00017352073572791948
CASSQPQHEQYF	0.00017352073572791948
CASSQVRGGVYGYTF	0.00017352073572791948
CASSPGPYEQYF	0.00017352073572791948
CASRQGHTEAFF	0.00017352073572791948
CASSPGQGMGQPQHF	0.00017352073572791948
CASSEGGSGANVLTF	0.00017352073572791948
CASGLVGSGAQFF	0.00017352073572791948
CASSQADNEQFF	0.00017352073572791948
CASSQHDPLGGGTYEQYF	0.00017352073572791948
CASSRQGDTEAFF	0.00017352073572791948
CASSLEGPGVNNSPLHF	0.00017352073572791948
CASSEEETSGYEQYF	0.00017352073572791948
CASRDRGIIQPQHF	0.00017352073572791948
CATTAGDRDQETQYF	0.00017352073572791948
CASSFQGFADTQYF	0.00017352073572791948
CASSEPWTGGFRAFF	0.00017352073572791948
CASRKQGNPSYNEQFF	0.00017352073572791948
CSAEPRPGGAAEAFF	0.00017352073572791948
