TCR	Abundance
CASSADRNEQFF	0.1881592378359986
CASSLYPVSSYNEQFF	0.1291255529091527
CASSRDRLNSPLHF	0.0160768969037087
CASTPHGTGGSYEQYF	0.0144607009186798
CSASPPVANTDTQYF	0.0095270500170125
CASSNGYNEQFF	0.0070602245661789
CSAFDPGTGENGYTF	0.0056141544743109
CASSPLTGTGYYGYTF	0.0055290915277305
CASDGRGETQYF	0.0042531473290234
CASSSTHRGAGGYTF	0.003997958489282
CASSFRGGYEQYF	0.0038278325961211
CATSIQPGEKLFF	0.0031473290234773
CASSGGLELFF	0.0028921401837359
CASSLSRGLLNGYTF	0.0026369513439945
CASGSRDLNEQFF	0.002551888397414
CSVEGDRGRSETQYF	0.0023817625042531
CASSMGSPGVSYGYTF	0.0020415107179312
CASTPWDRAYEQYF	0.0020415107179312
CSARGMDVEQYF	0.0015311330384484
CASSPPLLAASPTDTQYF	0.0014460700918679
CASSPPQGVSYNEQFF	0.0014460700918679
CSATGLAGDYEQYF	0.0014460700918679
CASSLGTSVHNEQFF	0.0013610071452875
CASSQTDRGANYGYTF	0.0013610071452875
CASSQEQISSYNEQFF	0.001275944198707
CVTRRENTEAFF	0.0011908812521265
CASSLSRGLLNEQFF	0.000935692412385165
CASSVRGSGLNTEAFF	0.000935692412385165
CASSPGTPRDEQFF	0.000935692412385165
CSVFGLSGSYEQYF	0.000935692412385165
CASSATGTSYGYTF	0.000935692412385165
CATSIDTGELFF	0.000765566519224226
CASSYTQGREQYF	0.000765566519224226
CASNAGLNTGELFF	0.000765566519224226
CASSRTGCYEQYF	0.0006805035726437564
CASSSTHRGAGGYTF	0.0006805035726437564
CASSSRTGGPYEQYF	0.0006805035726437564
CSASEGSGETQYF	0.0005954406260632869
CASSPGTSGSAYEQYF	0.0005103776794828172
CASSTLPLYGYTF	0.0005103776794828172
CAWRPQGDPFDYTF	0.0005103776794828172
CASSYPGQGLYNEQFF	0.0005103776794828172
CASSSLTGNYGYTF	0.0004253147329023477
CASGRGSGLPDTQYF	0.0004253147329023477
CASSLDVTGGSRKLFF	0.0004253147329023477
CASSASRTSANTGELFF	0.0004253147329023477
CSARDRSYTGELFF	0.0004253147329023477
CASSPQGWHYGYTF	0.0004253147329023477
CASSPGSASYGYTF	0.0004253147329023477
CASSRDRLNSPLHF	0.0003402517863218782
CASSLSIRGDYGYTF	0.0003402517863218782
CASNDYSGGAPDTQYF	0.0003402517863218782
CASSISSGSFGEQFF	0.0003402517863218782
CASSLSRGLLNEQFF	0.0003402517863218782
CASSQTGEFNTDTQYF	0.0003402517863218782
CASSLLGREILFF	0.0003402517863218782
CSVEDLATGPVGEQYF	0.0003402517863218782
CASSETMQYGYTF	0.0003402517863218782
CASTIGGPNQPQHF	0.0003402517863218782
CASSPGPNYGYTF	0.0003402517863218782
CASSQGGSSGRLNYYEQYF	0.0003402517863218782
CASSPDTTNEKLFF	0.0002551888397414086
CASSYSIAASSYEQYF	0.0002551888397414086
CASSYSVYGETQYF	0.0002551888397414086
CSATTPGGAYEQYF	0.0002551888397414086
CASSLNRGEQYF	0.0002551888397414086
CASTPGDTIYF	0.0002551888397414086
CASISSGAGETQYF	0.0002551888397414086
CASSYTSSGSETQYF	0.0002551888397414086
CASSDTGPEGEQFF	0.0002551888397414086
CASSPLEGLNEQFF	0.0002551888397414086
CACRDRLSYEQYF	0.0002551888397414086
CASSFDYTGELFF	0.0002551888397414086
CASSDGNQPQHF	0.0002551888397414086
CASSLGAQGLNNEQFF	0.0002551888397414086
CASSITAGPELFF	0.0002551888397414086
CASSPSVSYEQYF	0.0002551888397414086
CASSRTAYGYTF	0.0002551888397414086
CASSLLTVQDIQYF	0.0002551888397414086
CASSPRGIGYQPQHF	0.0002551888397414086
CSARGPVTYEQYF	0.0002551888397414086
CASSPSVSYEQYF	0.0002551888397414086
CASSDWGTKNEQFF	0.0002551888397414086
CASSDGLGYGYTF	0.0002551888397414086
CAWSGLAGEGEQFF	0.0001701258931609391
CASSPEVLTTEAFF	0.0001701258931609391
CASSQQAGASGSYEQYF	0.0001701258931609391
CASSRSDSLQETQYF	0.0001701258931609391
CASTSRGVFYEQYF	0.0001701258931609391
CASSLQSVILYGYTF	0.0001701258931609391
CASSPTQGVNTEAFF	0.0001701258931609391
CASSSRPEKQPQHF	0.0001701258931609391
CASSWGPGEQYF	0.0001701258931609391
CSALTGTGEQYF	0.0001701258931609391
CASSLRQGSTEAFF	0.0001701258931609391
CASSFDESPTDTQYF	0.0001701258931609391
CASSENTETQYF	0.0001701258931609391
CASSLIPGGEQYF	0.0001701258931609391
CASSYGLASGSDEQFF	0.0001701258931609391
CASSYSNRLAGTYEQYF	0.0001701258931609391
