TCR	Abundance
CASSQALTVYTGELFF	0.0053922970002267
CASSLKLGTGATYEQYF	0.0046135191884938
CASSRGLAAYEQYF	0.0036474403840656
CASSPGPGVYGYTF	0.0032334066107392
CSARDTSGGPSYNEQFF	0.0028883784663006
CASSDSRGYQPQHF	0.0028588046253487
CASTVGGSNQPQHF	0.0024447708520223
CASRSSGPMNTEAFF	0.0024053390640865
CATERGDRGNTEAFF	0.0023166175412308
CASSSHLAPDTQYF	0.0020800268136157
CASSEGSNNEQFF	0.0019420155558403
CAIPPAFDDGYTF	0.0018138622450488
CASSPSATNEKLFF	0.001754714563145
CSARGAMQRQALGTDTQYF	0.0016758509872733
CASSPGFGAKYGYTF	0.0015279817825139
CASSLPGQGISGEQYF	0.0014589761536262
CASSEGQGETDTQYF	0.0012716751609309
CASRGAGWDQPQHF	0.0012322433729951
CASSSLARGGYNEQFF	0.0012125274790272
CASSQVGGDTSYEQYF	0.0011040900622036
CASSSEEGTGASPLHF	0.0010449423802998
CASSPGGGTEAFF	0.0010350844333159
CASSAGRGGTYEQYF	0.0010350844333159
CASSQEAGAGNQPQHF	0.0010252264863319
CASSQGTGVSNQPQHF	0.0010252264863319
CASSETGSLLQETQYF	0.001005510592364
CASSLDSAWNTEAFF	0.0009463629104602676
CASSQERATGRHSPLHF	0.0009167890695083842
CASSLRTGGISNEKLFF	0.000906931122524423
CASSQDEASGALNTGELFF	0.0008674993345885786
CASSQDPSGGALHEQFF	0.0008576413876046175
CSVAGTGENNTF	0.0008379254936366952
CSAKAGDTEAFF	0.0008182095996687729
CASRDGLNYGYTF	0.0007689198647489674
CASSLGDTYGYTF	0.000739346023797084
CASTPRGMSYEQYF	0.000739346023797084
CASSAPRSGGAAGGNTIYF	0.0007196301298291618
CAWRGTGWGTEAFF	0.0007097721828452007
CASSLGTSGPSYEQYF	0.0006999142358612396
CASRVPGLNQPQHF	0.0006999142358612396
CASSQGVSSYNEQFF	0.0006999142358612396
CASSVGTATEQYF	0.0006801983418933173
CASSSAGPTPYEQYF	0.0006703403949093561
CASSDQTGGNQPQHF	0.000660482447925395
CASSYSLMNTEAFF	0.0006309086069735117
CSARLAEYEQFF	0.0006013347660216283
CAISVQGQTGEQFF	0.0005914768190376672
CASGLGTGFHEQYF	0.000581618872053706
CAWSVSVRWLGELFF	0.000581618872053706
CSARPDQGWRNSPLHF	0.000571760925069745
CASSLVRSHTEAFF	0.000571760925069745
CASSPVGYTEAFF	0.0005619029780857839
CASSQGGTHLIEAFF	0.0005520450311018228
CASSLGSGRTEAFF	0.0005323291371339005
CASSTQGHFYSNQPQHF	0.0005323291371339005
CASSLGGAGAYGYTF	0.0005224711901499394
CASSLTSLNQPQHF	0.0005224711901499394
CASRPLPASSEYEQYF	0.0005126132431659782
CASSLVSDTQYF	0.0004928973491980561
CASSYSRYNEQFF	0.0004731814552301338
CSARAADFQPQHF	0.0004633235082461727
CSARVPRDVTEAFF	0.0004633235082461727
CASSLHHGYGYTF	0.0004534655612622115
CASSRVPPYNEQFF	0.0004436076142782504
CSARSDGGPYEQYF	0.0004337496672942893
CSVDVPNTEAFF	0.0004238917203103282
CASSFAQDFRPQHF	0.0004238917203103282
CASSPTEVNGYTF	0.0004238917203103282
CASSHPTRRRDYGYTF	0.0004238917203103282
CASSLRVAGIQYF	0.0004041758263424059
CASSYFIAGVQETQYF	0.0004041758263424059
CASSLTDYNSPLHF	0.0003943178793584448
CASSLVPQDNEQFF	0.0003943178793584448
CASSLVRADTEAFF	0.00037460198539052256
CASSRGGSYEQYF	0.00037460198539052256
CSARVGGDTPDEQFF	0.0003647440384065615
CASSDSSGGADTQYF	0.0003647440384065615
CASSLQGGATNEKLFF	0.00035488609142260034
CASSIGEGREQYF	0.00035488609142260034
CASSGNQPQHF	0.00035488609142260034
CASSDSASGGSTDTQYF	0.0003450281444386392
CASSKGLRNSPLHF	0.0003450281444386392
CASSDSSETGELFF	0.0003450281444386392
CASSGQGDTGELFF	0.0003450281444386392
CASSQGGTGTLGEQFF	0.0003450281444386392
CASSDDIYEQYF	0.0003351701974546781
CASGRGDSYEQYF	0.0003351701974546781
CASSPTGSNQPQHF	0.0003351701974546781
CASSTGAEAFF	0.0003351701974546781
CASSLAGGPGEQFF	0.000325312250470717
CSVEQDRGGNTIYF	0.000325312250470717
CASSIGFSGGGKETQYF	0.000325312250470717
CASSWGRGNGYTF	0.000325312250470717
CSATPLRTGAYEQYF	0.000325312250470717
CASGRGQDQPQHF	0.000325312250470717
CASSDSSGGANEQFF	0.000325312250470717
CASSYAGEKLFF	0.00031545430348675586
CASSGGTRYGYTF	0.00031545430348675586
CASSGLAGGGTGELFF	0.0003055963565027947
CASSLGGGSGYGYTF	0.0003055963565027947
