TCR	Abundance
CASSPRLKTRGYEQYF	0.0120338630682724
CASSQGAEGNYGYTF	0.0083932447916918
CASSQGHGRNQPQHF	0.0065221700599034
CASSFAGGPDIRGRFF	0.005854965116785
CASSYADSVENSPLHF	0.0047961398809667
CASSPPARGINYGYTF	0.0041676134852755
CASSSLTSGGADTQYF	0.0035729308185831
CASSTGVYGYTF	0.0033601988077337
CAETGGTGESGANVLTF	0.0031474667968844
CASSVLPPSRSPLHF	0.0024270788510537
CASRGLAVTGELFF	0.0023932351220549
CASSRDRAHTEAFF	0.0020644674689242
CASSAQDPASPYEQYF	0.0019726059187847
CASSLTLAGARPRTDTQYF	0.0018952488239304
CASMGRGLLLYGYTF	0.0018807443686452
CSANTGDHYEQYF	0.0018372310027896
CASSLTSGYQETQYF	0.001730864997365
CASSDKEDTEAFF	0.0016148293550835
CASSRDSDEKLFF	0.001571315989228
CASSQSDTRWGGNEQFF	0.001547141897086
CASSLGEARLTDTQYF	0.0014794544390885
CASSMVQGPGDTQYF	0.0014746196206601
CASSTGVYGYTF	0.0014601151653749
CASSFGEGQPQHF	0.0014407758916613
CASSENGGATDTQYF	0.0014020973442342
CATSDTGVSTDTQYF	0.0013972625258058
CASKTGTGGSEQFF	0.0013537491599502
CAISEGRSSYNEQFF	0.0012377135176688
CASSIGGADYNEQFF	0.0011651912412429
CASSEAQQGGEKLFF	0.0011458519675293
CASKKLGGYGYTF	0.0010975037832454
CASSRSELVRNEKLFF	0.0010781645095318
CASRGLSSADF	0.0010733296911034
CASRPQGESNGYTF	0.0010733296911034
CASSGGGRGQPQHF	0.0010394859621046
CASSSTGVRSGANVLTF	0.0010298163252479
CASSADRTEQYF	0.0009476244119652088
CASSPKVYSNQPQHF	0.0009041110461096634
CASSWTGYYNEQFF	0.0008944414092528755
CASSLLRTANGELFF	0.0008847717723960876
CASSLALGGAEAFF	0.000865432498682512
CASSPYWTGGTDTQYF	0.0008557628618257241
CASGRQGLGYGYTF	0.0008460932249689363
CASSIQPYSNQPQHF	0.0008364235881121485
CASSSGQGRDYGYTF	0.0007929102222566032
CASSVGTSGGTQETQYF	0.0007784057669714214
CASSEGEQYF	0.0007687361301146336
CASSLSRVGNTIYF	0.0007493968564010579
CASSPLGSSSSYEQYF	0.0007300575826874821
CSARTGNSPLHF	0.0007203879458306943
CASSATGYYEKLFF	0.0007107183089739065
CASSSALMGGQPQHF	0.0007107183089739065
CASSLAVGYNEQFF	0.0007107183089739065
CASSLLGGDLYEQYF	0.0007107183089739065
CASSPLGMDSGNTIYF	0.0007058834905455126
CASSSGGFTDTQYF	0.0007010486721171186
CASSIAGAYEQYF	0.0006962138536887247
CASGLRTGGSLMVQYF	0.0006913790352603308
CAGSTGVYGYTF	0.000676874579975149
CASSRQTADTQYF	0.0006720397615467552
CASSEGPAGGRDTQYF	0.0006720397615467552
CASSTGVYGYTF	0.0006575353062615734
CASLAGKGQPQHF	0.0006575353062615734
CASSLAPGSYGYTF	0.0006575353062615734
CASSESSGGVDTQYF	0.0006478656694047855
CASSDLLNQPQHF	0.0006236915772628159
CASSIGTELFQETQYF	0.0006140219404060281
CASTPRQGRDYGYTF	0.0006140219404060281
CASSTGQGGELFF	0.0006091871219776341
CSARESAFDSGEQYF	0.0006043523035492402
CASSLYGGRSNSPLHF	0.0006043523035492402
CASSGGTASVATNEKLFF	0.0005898478482640584
CSARGQADYEQYF	0.0005850130298356645
CASAPGLYYYEQYF	0.0005850130298356645
CASSIQGYYGYTF	0.0005850130298356645
CASSPGRGEAEKLFF	0.0005753433929788767
CSARHDYEQYF	0.0005753433929788767
CASSDGFLAGGYNEQFF	0.0005753433929788767
CASSDPSGGTYEQYF	0.000560838937693695
CASSRVPGHMNTEAFF	0.000560838937693695
CASKSPLEAFF	0.000556004119265301
CASIKDRARPGELFF	0.000556004119265301
CASSPGESSGGLNTDTQYF	0.000556004119265301
CATSDDRGRQPQHF	0.000551169300836907
CASQSGFGGDIQYF	0.000551169300836907
CASSLEAGAKVQETQYF	0.0005463344824085132
CASSAGQGWYEQYF	0.0005366648455517253
CASNEGPAGEQYF	0.0005366648455517253
CASSPGQGAFTF	0.0005318300271233314
CASTWTGVDIQYF	0.0005124907534097557
CASSLQPESNQPQHF	0.0004979862981245739
CASSTAPGLATLNIQYF	0.0004979862981245739
CASSRPQMSSGNTIYF	0.00049315147969618
CASSAPLGGSYNEQFF	0.0004883166612677861
CSAVFIGGRTEAFF	0.00048348184283939215
CASSPGPDRYEQYF	0.0004786470244109983
CASSPLGGARHTEKLFF	0.00047381220598260434
CASSGGAGGSYEQYF	0.00047381220598260434
CASSPQWGNSYNEQFF	0.0004641425691258165
CASSGSGGYSYNEQFF	0.00045930775069742257
