TCR	Abundance
CASSSGGQPQHF	0.0250738502745756
CSVGTGAPNTEAFF	0.0128989676981141
CASSEQPSYEQYF	0.0108420533259856
CARKGGPSYNSPLHF	0.0087274684574423
CASSGWGLGETQYF	0.0075356115315361
CASSHRLAGPTDTQYF	0.0074587175363163
CASRPHDQAGELFF	0.0071191023907624
CATSDLSINQPQHF	0.006939683068583
CSATVNTEAFF	0.0063373467726949
CALGNNEQFF	0.0062220057798653
CSGTGNTEAFF	0.0051775290114636
CASSLGAGGATDTQYF	0.0045751927155755
CASSQPGQGRAFF	0.0037485822669631
CASQYRGNQPQHF	0.0036204256082635
CASSLTENYGYTF	0.0032808104627096
CASTIGNNQPQHF	0.0031077989734651
CASSQGDSPLDGYTF	0.0030052736465054
CASSWGRTASNSPLHF	0.0024862391787721
CASSSTTGGDYGYTF	0.0024029373506173
CASSHGSYGYTF	0.0021594396990881
CASSMPGTATTGELFF	0.0019479812122338
CASSLGRTALNSPLHF	0.0018518637182091
CASSEIVQRGRCQYF	0.0017172992265745
CASSPVELGYEQYF	0.0015186564055901
CASSLEYEQYF	0.0015186564055901
CASSQHPTGGYYGYTF	0.0013904997468905
CASSTRQGQSYEQYF	0.0013200135846058
CASSSGGQPQHF	0.0012879744199309
CASSLEGEDGYTF	0.0012174882576461
CSVGVHQAFF	0.0011534099282963
CASSVQNTEAFF	0.0011213707636214
CSVELPGELFF	0.0011021472648165
CASSSGGQPQHF	0.0009996219378568365
CASGTGSLYGYTF	0.0009035044438321404
CASSLEHSGNTIYF	0.0009035044438321404
CSVGQVEAFF	0.0008970966108971607
CASSAWTGTSNQPQHF	0.0008330182815473635
CAWSVRSAGGYYGYTF	0.000820202615677404
CASSREGFYGYTF	0.0008137947827424243
CAWSVGTVYGYTF	0.0008073869498074446
CASSQDKAGGEGYTF	0.0007817556180675257
CASSEGLSSNQPQHF	0.0007817556180675257
CASIPRAGEKNTEQFF	0.0007817556180675257
CASSWTSGPYEQYF	0.0007689399521975663
CSARRAGDYEQYF	0.0007689399521975663
CATQGPFSTDTQYF	0.0007561242863276069
CATSPTGQGSAGELFF	0.0007561242863276069
CASSVGQGSEQYF	0.0007433086204576474
CSAKKGLNNSPLHF	0.0006984537899127894
CASSGRGSAYEQYF	0.0006600067923029111
CASRVGTGELFF	0.0006600067923029111
CASSVSLVPYEQYF	0.0006535989593679314
CASRGLDSSPLHF	0.0006343754605629922
CSAYTSGQTYEQYF	0.0006279676276280125
CASSLAGGQETQYF	0.0006023362958880936
CSAKGEGLNEKLFF	0.0006023362958880936
CASSLGGQGGQPQHF	0.000570297131213195
CASSRDRYNVVQFF	0.0005574814653432356
CASTSPGPRVLNPQHF	0.0005510736324082559
CASSWTGYEQYF	0.0005382579665382964
CASSTQGATMGRDNEQFF	0.0005318501336033167
CASSFGQNGYTF	0.0005190344677333573
CASSYKRTGELFF	0.0004998109689284181
CASSSLGQFEKLFF	0.0004805874701234789
CASSPVRTVNYEQYF	0.00046136397131853977
CASSLGQGAYYGYTF	0.0004549561383835601
CASSPNSGISPLHF	0.0004549561383835601
CASSPSSNYGYTF	0.00044854830544858033
CASSLSVPNTGELFF	0.00044854830544858033
CASSLSGETQYF	0.00044854830544858033
CASSPRDRAGYEQYF	0.0004293248066436412
CASSLSRTGGGDGYTF	0.00041650914077368174
CSARPTGANSPLHF	0.00041650914077368174
CASTRGNYGYTF	0.0004036934749037223
CASSLKGLAGGSYEQYF	0.0004036934749037223
CSAIAFSGTSGELFF	0.0003972856419687426
CASSLTGGKEAFF	0.0003972856419687426
CASSLLGTDYGYTF	0.0003972856419687426
CASSLSPGQGAHEQYF	0.0003844699760987832
CASTQPGGRETQYF	0.0003716543102288237
CASSSGGQPQHF	0.000365246477293844
CASSLDRATYNSPLHF	0.0003588386443588643
CASSPKRTGELFF	0.00035243081142388456
CAIQPGQGAGNTIYF	0.00034602297848890484
CATKEGQPQHF	0.00034602297848890484
CASSSGLAGGTDTQYF	0.0003332073126189454
CASRKGVDYGYTF	0.0003267994796839657
CASSVMVGPLHF	0.0003267994796839657
CASSVASGESYEQYF	0.0003267994796839657
CASSSLDRRNSPLHF	0.000320391646748986
CASSPTSGRAYEQYF	0.00030757598087902653
CSVWTSGSSGELFF	0.0003011681479440468
CASSWGEEFGYGYTF	0.0003011681479440468
CASSPTSGGAKSGELFF	0.0002947603150090671
CASSQDPDREGNQPQHF	0.0002883524820740874
CASSRRDRDTGELFF	0.0002883524820740874
CASSPLSSYNEQFF	0.0002883524820740874
CASSPVQGAANYGYTF	0.00028194464913910766
CASSYWEGDYYEQYF	0.00027553681620412794
CASSAVEVSSYEQYF	0.00027553681620412794
