TCR	Abundance
CASSPLGGDTEAFF	0.0278579163601193
CASSLEDQPQHF	0.0169296773606897
CSARPDRGSGANVLTF	0.0153590529961726
CASSFLIRGPPDGYTF	0.0117383505137594
CASSWGDPPVSSPLHF	0.0115399558571889
CASSQTGYLYGYTF	0.0107381107868828
CASGTVSGYTF	0.0103330550297178
CASSSGNQPQHF	0.0087624306652007
CAIGGTTNTGELFF	0.0081341809193939
CASSQSTGYNEQFF	0.0080101842590372
CASSLGGSNYGYTF	0.0074645989534681
CSATRDQPQHF	0.0073984674012779
CASSDQGVSTDTQYF	0.0072744707409213
CASSQVPGGTQYF	0.0068032834315662
CASSRTDETQYF	0.0064230270064726
CAISTDVGAISPLHF	0.0063899612303775
CASRPDIDLNTEAFF	0.0060179712493076
CSARDLAAGKGTGYTF	0.005381455059477
CASSRPGQGVFGEKLFF	0.0048193368658604
CASSQWTGLNTEAFF	0.0044225475527192
CASSYWISPLHF	0.0041497548999346
CASSGTRMGTGELFF	0.0040505575716494
CASSLRGDNSPLHF	0.0040422911276256
CSAWRGGGLTPQHF	0.0039265609112927
CASSFTVAKYQETQYF	0.0037860313628886
CASRQGAEGYTF	0.003587636706318
CASSVEIGGNYGYTF	0.0035215051541278
CASSLVPGAIGELFF	0.0034884393780327
CASSLIGGSHGYTF	0.0033975084937712
CASTRTGGPGKLFF	0.0030916500648915
CASSREWGADQPQHF	0.0030503178447727
CASSLGSLRSLGYGYTF	0.0028684560762496
CASSPIPGEQFF	0.0026204627555364
CASTPAGSGNQPQHF	0.0026039298674889
CASGRQGGNQPQHF	0.0025956634234651
CASRTGLHTEAFF	0.0025791305354175
CAGIPGQGFYGYTF	0.0025295318712749
CASSLGGSNEQFF	0.0025212654272511
CASTLGAQGNQPQHF	0.0025047325392036
CASSDQQGWETQYF	0.0024220680989658
CASSEYGNTEAFF	0.0023807358788469
CASTPDVYSGNTIYF	0.0023311372147043
CASSIQTGTGWYGYTF	0.0021740747782526
CASSLESRSYNSPLHF	0.0021658083342288
CASTWTGGAYEQYF	0.0021410090021575
CASSESRTNYGYTF	0.0020748774499673
CSARDLASPRAFF	0.0020252787858247
CSVDGAGWLQPQHF	0.0020252787858247
CSVPPYRGPSRDNYGYTF	0.0019922130097296
CASRLAAGPSYEQYF	0.0018930156814443
CASSDQGVSTDTQYF	0.0018847492374205
CASSEVGETLEYNEQFF	0.0018516834613254
CASSYGPDYEPSYNEQFF	0.0017442196890163
CASSQQGGNQPQHF	0.001719420356945
CASSQVGVGTFF	0.0016946210248737
CASSLLGQLNQPQHF	0.0016863545808499
CASSPLGGDTEAFF	0.0016863545808499
CASSPGGGTEAFF	0.0016284894726835
CASSLSYSWGRGYGYTF	0.0016202230286597
CASSLGTVPYEQYF	0.0014714270362318
CASSRQGGNQPQHF	0.0014300948161129
CAISPPDTRTGELFF	0.0014218283720891
CASSVSRPTDEQFF	0.0014135619280654
CASGTGTNQPQHF	0.0014135619280654
CTRGGSTEAFF	0.001388762595994
CSVGGYEQFF	0.0013804961519703
CASSLDRLSEQYF	0.0013308974878276
CASSTGPWGEQYF	0.0013143645997801
CASSFRGGANQPQHF	0.0011738350513759
CASSSTASGVYQETQYF	0.0011655686073521
CASSFYERTGANGELFF	0.0011490357193046
CAISESTSGGFTDTQYF	0.0011077034991857
CATSSEQGRDTEAFF	0.0010994370551619
CASSEASSYEQYF	0.0010911706111382
CSARPINTGKNTEAFF	0.0010829041671144
CASSGLDREIEAFF	0.0010498383910193
CASNLLGTQYF	0.0010498383910193
CASSILGRAPDGYTF	0.0010415719469955
CASSGALAGNQPQHF	0.0010415719469955
CASSIPPGQGIGNYGYTF	0.0010085061709004
CASSVEWVGSYNEQFF	0.000991973282852915
CASSRPTAGEETQYF	0.000958907506757818
CASSELEVAWGGEQFF	0.0009506410627340436
CASRPLLRGNTEAFF	0.0009423746187102694
CASSQGGGSEQFF	0.0009175752866389464
CASSVMAGGASNYGYTF	0.0008762430665200751
CASSLGGSNEQFF	0.0008762430665200751
CATSETATVNTEAFF	0.0008266444023774293
CASGRQGGNQPQHF	0.0008018450703061065
CASRGEATGELFF	0.0008018450703061065
CASNPGQSGNQPQHF	0.0007853121822585579
CASWTGTDYGYTF	0.0007770457382347835
CASSLPWVPGELFF	0.0007439799621396864
CASSAGTGDRSYNSPLHF	0.0007357135181159121
CASSLVGGGNQPQHF	0.000702647742020815
CASSYQGYGYTF	0.000702647742020815
CASSPWTGGIDGYTF	0.0006861148539732663
CASSPRGDEQYF	0.0006861148539732663
CASSLIGRIAGPFRYEQFF	0.0006861148539732663
CASSRQGGNQPQHF	0.0006695819659257177
