TCR	Abundance
CSAREVASGTYNEQFF	0.005246001833554
CAPTRGAQHF	0.0051441377202811
CASSLVVFGAGGPGNEQFF	0.0048283589691351
CASSQGHNSGNTIYF	0.0047163084445349
CASSQGLLWPGELFF	0.0042884791687888
CASSEQGGDSYEQYF	0.0033615157380055
CASRGRLDSGETQYF	0.0026484669450952
CASSLGGAPGYTF	0.0021187735560761
CASSVATGVTDTQYF	0.0019557909748395
CASSLQGADTQYF	0.0017826219822756
CASTTGRWEAFF	0.001303860649893
CAWSVKGLNTEAFF	0.0012733014159111
CASSPEREEF	0.001232555770602
CASSIQANSNQPQHF	0.0012223693592747
CASSLGTALEAFF	0.0012223693592747
CASSSSGRSTDTQYF	0.0011612508913109
CASSPDRDGTYEQYF	0.0011205052460018
CASSSGSRGYTGELFF	0.0011103188346745
CASSLGVTDTQYF	0.0011001324233472
CASSYSYEQYF	0.0009982683100743608
CASRFSYSSSYEQYF	0.0008862177854741775
CASSKGQDPGTTAYEQYF	0.0007945400835285729
CASSVGHEPNYGYTF	0.0007945400835285729
CASSLGQDLPQHF	0.000774167260873994
CSVAGTSQETQYF	0.0007639808495467047
CASSQGGGRISQETQYF	0.0007334216155648365
CASSQALTGPLEAFF	0.0007232352042375471
CASSTTLAGAGELFF	0.0007028623815829683
CASSLGWGLFF	0.0006926759702556789
CASSLRGNEQFF	0.0006824895589283896
CASSSKREDSNEQFF	0.0006723031476011001
CATSGQGYEQYF	0.000641743913619232
CASSATGTSRSYNEQFF	0.0006009982683100744
CASSSSVGYTF	0.0005806254456554956
CATGGQGYEQYF	0.0005602526230009168
CASSQDSRAPLYGYTF	0.0005602526230009168
CASSRYYGTLYNEQFF	0.0005602526230009168
CASLGTSGGTYNEQFF	0.0005296933890190486
CASSDSGRVNQPQHF	0.0005296933890190486
CSASPGGDQPQHF	0.0005093205663644698
CASSASGGKLFF	0.0004991341550371804
CSVVTSGHNEQFF	0.0004991341550371804
CASSYSKVADEQFF	0.0004787613323826016
CASSLLFGQGEQPQHF	0.0004685749210553122
CASSQDIRLAGGHEQYF	0.0004583885097280228
CAWSGLAGYSDTQYF	0.000438015687073444
CSARGVTEAFF	0.00042782927574615466
CASSIGAGVADTQYF	0.00042782927574615466
CASSWTGTSESNEQFF	0.0004176428644188652
CASRGRGRPNNEQFF	0.0004176428644188652
CATSSPTGKQYF	0.0004074564530915758
CASSQRGTSGYTF	0.0004074564530915758
CASSSRDRGSPQHF	0.0003972700417642864
CASSAGHLQETQYF	0.00036671080778241823
CASSLGVLAGVQYNEQFF	0.00036671080778241823
CASSIDQREGLEQYF	0.00035652439645512886
CATSGGGDVTGANVLTF	0.00034633798512783944
CASSQDDQRSGNTIYF	0.00033615157380055007
CASSRDRGSETQYF	0.00033615157380055007
CASSQWTDNQPQHF	0.00033615157380055007
CASSLRGSYEQYF	0.00032596516247326065
CASSLGDEQYF	0.00032596516247326065
CASSRQAAGRGGANVLTF	0.00032596516247326065
CASSSPGVAKNIQYF	0.00032596516247326065
CASSHSPSGTGDGYTF	0.00032596516247326065
CASSLDLGPDRYF	0.0003157787511459713
CSVETGGGGYEQYF	0.0003157787511459713
CASSQADQNNEQFF	0.0003157787511459713
CSARTGVSPQHF	0.00030559233981868186
CASGFGLTGELFF	0.00030559233981868186
CASTRRAGASDEQYF	0.00030559233981868186
CATGAGNEQFF	0.0002954059284913925
CSVNKSSYSNTEAFF	0.00028521951716410307
CSVVAVAINEQFF	0.00028521951716410307
CASSEGLATDTQYF	0.0002750331058368137
CASSQADRGNQPQHF	0.0002750331058368137
CSVSGTSVETQYF	0.0002750331058368137
CASSRRDPGELFF	0.0002648466945095243
CASSLRQGGNQPQHF	0.0002648466945095243
CASSQDGGAEKLFF	0.0002546602831822349
CASSFTSGKQYF	0.0002546602831822349
CASSLDGGSREKLFF	0.0002546602831822349
CASTIRGRDGELFF	0.0002546602831822349
CSAIGTGGNQPQHF	0.0002546602831822349
CSARDFDSTSGSHYEQYF	0.0002546602831822349
CASMTDSNQPQHF	0.0002444738718549455
CASSQERGARTF	0.0002444738718549455
CASSYLASTTYEQYF	0.0002444738718549455
CASQQGLNQPQHF	0.0002444738718549455
CASSWTGGYEQYF	0.0002342874605276561
CASSRGRGYEQYF	0.0002342874605276561
CASSQEDGPYGYTF	0.0002342874605276561
CASSPAGLRGGIQYF	0.0002342874605276561
CATSGQTYEQYF	0.0002342874605276561
CASSQDGTTYNEQFF	0.0002342874605276561
CASSLGTPGQGNQPQHF	0.00022410104920036672
CAWSVGLNTEAFF	0.00022410104920036672
CARSFTLAGGCIGDTQYF	0.00022410104920036672
CASSLERGEAFF	0.00022410104920036672
CASSLGRQVNTGELFF	0.00022410104920036672
