TCR	Abundance
CASSFDSQSSGNTIYF	0.0393492918554457
CASSIGRGPQPQHF	0.0238664335913809
CATKGQGLYGYTF	0.0173736220612892
CSAREPPVSRYEQYF	0.0128785986943027
CASSYTPRGEGDKQYF	0.0125218508080339
CASSPGAPMNYGYTF	0.0083122257500624
CASSLPHEQYF	0.006956583782241
CASSYVSDGSSGYTF	0.0068852342049873
CASTPGGTAVYEQYF	0.0065641611073454
CASSYERGRTDTQYF	0.006385787164211
CASSLAGPNTEQFF	0.0045306981556134
CASSLVSEGQGKDYGYTF	0.0045306981556134
CASSYTGLYNEQFF	0.0042452998465984
CASSETGAFSTDTQYF	0.0037101780171952
CASSEPAGSANSPLHF	0.0035674788626877
CASSGLQGTDTQYF	0.0034961292854339
CATTTYTEAFF	0.0034247797081802
CASSYDGLTGTGIMGEQYF	0.0025685847811351
CASSPPPTGSYNEQFF	0.0025329099925082
CASSFSPGSRQGEVGQPQHF	0.0022475116834932
CSVPPWGEYSNQPQHF	0.0021761621062395
CASSLPGVHSTDTQYF	0.0021048125289857
CASSTQYSGNTIYF	0.0018907637972245
CSANLAGGVEDTQYF	0.0017480646427169
CASSPRTSGLSNEQFF	0.0017123898540901
CASSSSGGLTYGYTF	0.0017123898540901
CSAREPPTGHYEQYF	0.0017123898540901
CASSTSHTTEAFF	0.0016053654882094
CASSLWVDENEQYF	0.0015696906995826
CSVRRNTEAFF	0.0014983411223288
CSAREPPTGRYEQYF	0.0014626663337019
CATMSHGEAAAFF	0.0014626663337019
CATSAAGTEKHF	0.0014626663337019
CASSYTPKNTEAFF	0.0013913167564482
CASSLIGGSISGGEQFF	0.0013556419678213
CASSLGLGTALDGYTF	0.0013199671791944
CASSSSSGVSYGYTF	0.0009988940815525667
CASSSSDRGLNYGYTF	0.0009988940815525667
CASSSPTGSNSPLHF	0.0008561949270450573
CASSSLSGSDEQFF	0.0008561949270450573
CASSLGMGTGVNGYTF	0.0008205201384181798
CASRREAGNTIYF	0.0007848453497913025
CASSPPLSYEQYF	0.0007491705611644251
CASSVEDTNTEAFF	0.0007491705611644251
CASSLEGLGQPQHF	0.0006778209839106704
CATLPGLEQYF	0.0006778209839106704
CASSSTDRGNTGELFF	0.0006778209839106704
CASSLSESTDTQYF	0.000642146195283793
CASNPGGAGYGYTF	0.000642146195283793
CASSLQRGRTDTQYF	0.0006064714066569155
CASSNLGGTDTQYF	0.0006064714066569155
CASSLGMGRSMDGYTF	0.0006064714066569155
CSVEDGTGGYGYTF	0.0005707966180300382
CASSSTDRGHTGELFF	0.0005707966180300382
CASSPKLRLYGYTF	0.0005707966180300382
CASSSGPPSYNEQFF	0.0005351218294031608
CSGAVNEKLFF	0.0005351218294031608
CASSLGGYSSYNEQFF	0.0005351218294031608
CASSRWTGRETEAFF	0.0004994470407762834
CASTEDISGNTIYF	0.0004994470407762834
CASANSEQYF	0.00042809746352252863
CASSQGQGVSYEQYF	0.00042809746352252863
CASSPTLGVAGEQYF	0.00042809746352252863
CASSPSSGGSSYEQYF	0.00042809746352252863
CSAGRSTGSNSPLHF	0.00042809746352252863
CASSSWTDSYEQYF	0.00039242267489565126
CATSRGDRDEKLFF	0.00039242267489565126
CASSLAQGSSNQPQHF	0.00039242267489565126
CASSSPYREGATDTQYF	0.00039242267489565126
CASSPGQGAWETQYF	0.00039242267489565126
CSATGDFARGF	0.00035674788626877384
CASSRLLGTNQPQHF	0.00035674788626877384
CASSPGNEQFF	0.00035674788626877384
CASSGLAGSDTQYF	0.00035674788626877384
CASSLASRDRVLYEQYF	0.00035674788626877384
CSATGQGYEQYF	0.00035674788626877384
CSASRPSGGRSSYEQYF	0.00035674788626877384
CASSRGGGGTGELFF	0.00035674788626877384
CASSFTGTGSTDTQYF	0.0003210730976418965
CASSVIAGPTDTQYF	0.0003210730976418965
CATSDPRGGEAFF	0.0003210730976418965
CARVPGRINEKLFF	0.0003210730976418965
CASSIEDTNTEAFF	0.0003210730976418965
CASHRPPNYGYTF	0.0003210730976418965
CASSKEPYGLIGSDEQYF	0.0003210730976418965
CASSFCCAGEQYF	0.0003210730976418965
CASSPVAGNGYTF	0.0002853983090150191
CASSLGLGTDVNGYTF	0.0002853983090150191
CASSSLAGSDTQYF	0.0002853983090150191
CASSGWVSSYEQYF	0.0002853983090150191
CAVRGDHSGNTIYF	0.0002853983090150191
CASSLGQGNEQFF	0.0002853983090150191
CASSLGVGRSIYGYTF	0.0002853983090150191
CASSSRGHLTDTQYF	0.0002853983090150191
CATKPVGYYGYTF	0.0002853983090150191
CASRQGAERPQHF	0.0002497235203881417
CASRTLQGGWGYTF	0.0002497235203881417
CASSLTDGGEQYF	0.0002497235203881417
CSASDRVAGDPIYEQYF	0.0002497235203881417
CASSPSLGQMNTEAFF	0.0002497235203881417
