TCR	Abundance
CASSWGDPPVSSPLHF	0.0484035492209879
CASSLEDQPQHF	0.0457905400684692
CASSQSTGYNEQFF	0.011360301823517
CASSPLGGDTEAFF	0.0113044085796129
CASSVEIGGNYGYTF	0.0083280933417173
CASSFTVAKYQETQYF	0.007818067491092
CASSQTGYLYGYTF	0.007063508698386
CASSFLIRGPPDGYTF	0.006665269335569
CAISTDVGAISPLHF	0.0054146580032138
CSARPDRGSGANVLTF	0.0053447914483336
CASSRTDETQYF	0.005086285195277
CSATRDQPQHF	0.0045692726891636
CASSQVPGGTQYF	0.0044854328233074
CASSLRGDNSPLHF	0.0042758331586669
CSARDLAAGKGTGYTF	0.0041221267379305
CAIGGTTNTGELFF	0.0040871934604904
CAGIPGQGFYGYTF	0.0033116747013204
CASSSAHYGYTF	0.003143994969608
CASSIQTGTGWYGYTF	0.00313700831412
CASSRPGQGVFGEKLFF	0.0030461817927757
CASTWTGGAYEQYF	0.0029972752043596
CASSQWTGLNTEAFF	0.0029693285824076
CASSSGNQPQHF	0.0029623419269195
CASRPDIDLNTEAFF	0.0029483686159435
CASSYWISPLHF	0.0028435687836232
CASSDQGVSTDTQYF	0.0027806888842311
CASGTVSGYTF	0.0026898623628868
CASSLESRSYNSPLHF	0.0026269824634947
CASSLGGSNYGYTF	0.0025501292531265
CASSESRTNYGYTF	0.0022566897226297
CASSGTRMGTGELFF	0.0021449032348214
CASNLLGTQYF	0.0020470900579892
CASSDQQGWETQYF	0.0020051701250611
CASSLVPGAIGELFF	0.0019981834695731
CSVPPYRGPSRDNYGYTF	0.0019492768811569
CSAWRGGGLTPQHF	0.0017466638720044
CASSSTASGVYQETQYF	0.0017257039055404
CASSYGPDYEPSYNEQFF	0.0017047439390763
CASSPGQGWRPMNTEAFF	0.0016139174177321
CASRQGAEGYTF	0.0015300775518759
CASTRTGGPGKLFF	0.0015300775518759
CASSVSRPTDEQFF	0.0015230908963878
CASSLSYSWGRGYGYTF	0.0014951442744358
CASSFYERTGANGELFF	0.0014671976524837
CTRGGSTEAFF	0.0014671976524837
CASSEVGETLEYNEQFF	0.0014252777195556
CASSLIGGSHGYTF	0.0013693844756515
CSARPINTGKNTEAFF	0.0013274645427233
CASSAGTGDRSYNSPLHF	0.0013065045762593
CASSEYGNTEAFF	0.0013065045762593
CASGTGTNQPQHF	0.0012925312652833
CASTLGAQGNQPQHF	0.0012296513658911
CASTPDVYSGNTIYF	0.0011388248445469
CASGRQGGNQPQHF	0.0011318381890588
CASTPAGSGNQPQHF	0.0009921050792985398
CASSLGSLRSLGYGYTF	0.000971145112834486
CASRLAAGPSYEQYF	0.0009571718018584504
CASSPERGFSTDTQYF	0.0009431984908824146
CASSDQGVSTDTQYF	0.0009292251799063789
CASSISIAGTGVIEELFF	0.0008873052469782715
CATSARQGDTGELFF	0.0008733319360022358
CASSRPTAGEETQYF	0.0008383986585621463
CASSQVGVGTFF	0.0008383986585621463
CASSYRREGSYEQYF	0.0008104520366100748
CASSLLGQLNQPQHF	0.0008034653811220568
CASSVEWVGSYNEQFF	0.000796478725634039
CASSPWTGGIDGYTF	0.000796478725634039
CASRGEATGELFF	0.000796478725634039
CASSTGPWGEQYF	0.0007894920701460211
CASSPRGDEQYF	0.0007825054146580032
CASSPIPGEQFF	0.0007825054146580032
CASSGLDREIEAFF	0.0007825054146580032
CASSRQGGNQPQHF	0.0007755187591699853
CASSQQGGNQPQHF	0.0007615454481939496
CASSLDRLSEQYF	0.000733598826241878
CASSLGGSNEQFF	0.0007196255152658423
CASSTRDGLQETQYF	0.0006986655488017886
CAISPPDTRTGELFF	0.0006986655488017886
CASSPLGGDTEAFF	0.0006777055823377349
CASSPGGGTEAFF	0.000670718926849717
CASSVMAGGASNYGYTF	0.0006357856494096276
CASSFRGGANQPQHF	0.0006357856494096276
CSVDGAGWLQPQHF	0.0006218123384335918
CSVEEGANSYEQYF	0.000614825682945574
CASSIPPGQGIGNYGYTF	0.0006078390274575561
CASSESGQPLEAFF	0.0006008523719695382
CASSREWGADQPQHF	0.0006008523719695382
CSVGGYEQFF	0.0005938657164815203
CASSLGTVPYEQYF	0.000551945783553413
CASTPGGGHNTDTQYF	0.000551945783553413
CASSKQGGSFIPGIQPQHF	0.0005449591280653951
CASRTGLHTEAFF	0.0005030391951372878
CAISESTSGGFTDTQYF	0.000489065884161252
CASSLIGRIAGPFRYEQFF	0.0004820792286732341
CASRDPGLYGYTF	0.0004750925731852162
CASSILGRAPDGYTF	0.0004681059176971984
CASSLQRYQPQHF	0.0004611192622091805
CASSPQGVYEQYF	0.0004611192622091805
CASSEASSYEQYF	0.00045413260672116256
CSARDLASPRAFF	0.00043317264025710895
