TCR	Abundance
CASGPPSGANVLTF	0.0125978482198845
CATNSGLEQYF	0.004784082181936
CASSRTSATGELFF	0.0035369797574843
CASSQGPHGYTF	0.0031846909370178
CASSQTWEQYF	0.0028394478929605
CASSLPTGSEQYF	0.00221237379253
CASSWGGGSNYGYTF	0.0021348702520274
CASSQEGSRIYGYTF	0.0021137329227994
CASSHGTSTGELFF	0.0018178103136075
CASSAGAENTEAFF	0.0016487116797835
CASSFPGQRIEAFF	0.0014866588223689
CASSVGNGKETQYF	0.0014725672695502
CASRHISGANVLTF	0.0012752855300889
CASSFSPWRENTEAFF	0.0012611939772703
CASSMILQSNQPQHF	0.0012048277659956
CASSKYGRFDSPLHF	0.001190736213177
CASSQVGNTIYF	0.0011343700019023
CASSVVANVLTF	0.0011132326726743
CASSLGGDGYTF	0.0010357291321717
CASSYWGQYEQYF	0.0010075460265343
CSASTGFNTEAFF	0.0009864086973063995
CASRIAGEQETQYF	0.0009441340388504112
CASSLTSGANTGELFF	0.0009018593803944224
CASSQGVDGNTIYF	0.0008807220511664283
CASSLNGGTEAFF	0.0008807220511664283
CASSDLGAGSSYEQYF	0.0008736762747570968
CASTPDGNSYEQYF	0.0007750354050264569
CASSVGATGAGYGYTF	0.0007538980757984626
CASSLGGRYTGELFF	0.000711623417342474
CASSDSEGHPHF	0.0007045776409331427
CSARGRRSSYEQYF	0.0006763945352958169
CSVEGGLGVEQYF	0.000662302982477154
CASSHQTLRTRLAGGTFLTYEQYF	0.0006411656532491598
CASSLGTGNTEAFF	0.0006341198768398283
CASSVVGSPLHF	0.000627074100430497
CATSREGLRSTGGTEAFF	0.0006059367712025026
CASSPSGSYGYTF	0.0006059367712025026
CSARTPTGGNTEAFF	0.0005918452183838398
CASSPRTKNTEAFF	0.0005847994419745084
CASSQRDRVYYGYTF	0.0005777536655651769
CSAIIRVDGYTF	0.0005566163363371827
CAWTGVIKDNSPLHF	0.0005566163363371827
CASSQEMTLSGNTIYF	0.0005495705599278512
CASSYQGQEGYGYTF	0.0005213874542905256
CASSQGRNTGELFF	0.0005143416778811941
CATEGQTTGELFF	0.0005143416778811941
CASSPGTDYGYTF	0.0005002501250625312
CASSLRGQDNTEAFF	0.0005002501250625312
CASSHPTGMDTGELFF	0.0004932043486531999
CASSHLSGANVLTF	0.0004579754666065427
CASSRSGHNSDTQYF	0.0004579754666065427
CATKHLFPEAFF	0.0004579754666065427
CASSLSQGANTIYF	0.0004579754666065427
CASSLLPGQHNSPLHF	0.00045092969019721127
CASSQEQANREGLFF	0.00044388391378787984
CASTPNPGNTEAFF	0.0004368381373785484
CATKEQGGETQYF	0.000429792360969217
CASSPKMTPYGYTF	0.00041570080815055415
CASNLRGNTIYF	0.0004086550317412227
CASSQYGVTEAFF	0.0004086550317412227
CASSLELSSYNEQFF	0.0003945634789225599
CASSYQGQPQHF	0.0003945634789225599
CASSLQGAGSTEAFF	0.00038751770251322845
CASSQDRTAYNSPLHF	0.00038751770251322845
CAWKDIGWAFF	0.00038751770251322845
CASSRTGFHTF	0.000380471926103897
CASSVSGGAEDTQYF	0.0003734261496945656
CASRPRGGADTQYF	0.0003663803732852342
CASSSNYGYTF	0.0003663803732852342
CASRDPGISYEQYF	0.0003663803732852342
CASSQGGPYGYTF	0.0003593345968759028
CASSFGSGSSYGYTF	0.0003593345968759028
CASSYLRGEQYF	0.00035228882046657134
CASSLGRANEQYF	0.0003452430440572399
CAWSPAGASGANVLTF	0.00033819726764790844
CASSLPGSYEQYF	0.00033819726764790844
CASSAGWDTEAFF	0.000331151491238577
CASRVPAGEKLFF	0.000331151491238577
CASSLLRDGQNIQYF	0.00031705993841991416
CSALKTVYGYTF	0.00031705993841991416
CASSGQTNYGYTF	0.00031705993841991416
CASSFLAWGQGNTIYF	0.00031705993841991416
CASSKGTGGSGANVLTF	0.00031001416201058274
CASSLTRVADEQFF	0.00031001416201058274
CASGATGTGSYEQYF	0.00031001416201058274
CASGPPSGANVLTF	0.0002959226091919199
CASSLRPGQSNYGYTF	0.0002959226091919199
CASTPGQGSNEQFF	0.00028887683278258847
CASSYAGQGAATGPNQPQHF	0.00028887683278258847
CASSVTGSPNTEAFF	0.00028887683278258847
CSVDEGKVSNGYTF	0.00028887683278258847
CAIRDTSGANVLTF	0.00028183105637325705
CASSLQGAGYTF	0.0002747852799639256
CASGPPSGANVLTF	0.0002747852799639256
CASSLSRDWGYTF	0.0002747852799639256
CASSQRNRVAFF	0.0002747852799639256
CAWSVDGVTPPFEAFF	0.0002747852799639256
CATRDNTYEQYF	0.0002677395035545942
CASSLISGGRRTGELFF	0.0002677395035545942
CASSEPDNYGYTF	0.0002677395035545942
