TCR	Abundance
CASSQALTVYTGELFF	0.0062042744969574
CASSPGPGVYGYTF	0.0035935157886377
CASSRGLAAYEQYF	0.0033651984871497
CASRSSGPMNTEAFF	0.0033254911303691
CATERGDRGNTEAFF	0.0033254911303691
CASSLKLGTGATYEQYF	0.0031170275072714
CASSSHLAPDTQYF	0.0029581980801492
CASSDSRGYQPQHF	0.0027795149746369
CASSPGFGAKYGYTF	0.0025114903163683
CSARGAMQRQALGTDTQYF	0.0023228803716608
CASSEGQGETDTQYF	0.0022930998540754
CASTVGGSNQPQHF	0.0022236119797095
CASSSEEGTGASPLHF	0.0021044899093679
CSARDTSGGPSYNEQFF	0.0020151483566117
CSAKAGDTEAFF	0.0019456604822458
CASSPSATNEKLFF	0.0019456604822458
CAIPPAFDDGYTF	0.0017769042159286
CASSEGSNNEQFF	0.0017173431807578
CASSSLARGGYNEQFF	0.0016776358239772
CASRGAGWDQPQHF	0.0014096111657087
CASSQEAGAGNQPQHF	0.0013699038089281
CASSQGTGVSNQPQHF	0.0013004159345622
CASRVPGLNQPQHF	0.0013004159345622
CASSETGSLLQETQYF	0.0012904890953671
CASSLPGQGISGEQYF	0.0012507817385866
CSVAGTGENNTF	0.0011217328290499
CASSAPRSGGAAGGNTIYF	0.0011217328290499
CSARLAEYEQFF	0.0010621717938791
CASSQDEASGALNTGELFF	0.0010224644370985
CASSLRTGGISNEKLFF	0.0010224644370985
CASSAGRGGTYEQYF	0.0010224644370985
CASSDQTGGNQPQHF	0.0010026107587083
CASSLGDTYGYTF	0.000992683919513188
CASSQDPSGGALHEQFF	0.0008735618491716052
CASSLGSGRTEAFF	0.0007941471356105503
CASSSAGPTPYEQYF	0.0007842202964154183
CASSQVGGDTSYEQYF	0.0007643666180251546
CAWRGTGWGTEAFF	0.0007544397788300227
CASSVGTATEQYF	0.0007246592612446271
CASSYSRYNEQFF	0.0007246592612446271
CASRDGLNYGYTF	0.0007147324220494952
CASTPRGMSYEQYF	0.0006948787436592314
CASSLVSDTQYF	0.0006948787436592314
CASSPGGGTEAFF	0.0006849519044640996
CASSDSSGGADTQYF	0.0006849519044640996
CASSYFIAGVQETQYF	0.0006650982260738358
CASSLDSAWNTEAFF	0.000655171386878704
CASSQGVSSYNEQFF	0.0006452445476835721
CSVDVPNTEAFF	0.0006452445476835721
CASSDSSETGELFF	0.0006353177084884402
CASSQERATGRHSPLHF	0.0006353177084884402
CASSGQGDTGELFF	0.0006253908692933083
CASSPTGSNQPQHF	0.0006154640300981765
CASSPTEVNGYTF	0.0006055371909030445
CASSLHHGYGYTF	0.0005956103517079127
CASSLRLGELFF	0.0005856835125127808
CASGLGTGFHEQYF	0.0005856835125127808
CSATPLRTGAYEQYF	0.0005856835125127808
CASSPVVRSGELFF	0.0005757566733176489
CASSLGTSGPSYEQYF	0.0005757566733176489
CASSYSTSGGETQYF	0.000565829834122517
CSARSDGGPYEQYF	0.0005360493165371214
CASSQDLGATNEKLFF	0.0005360493165371214
CASSPGGASQPQHF	0.0005360493165371214
CASSLVPQDNEQFF	0.0005261224773419896
CASSQEGDGANVLTF	0.0005261224773419896
CASSLVRSHTEAFF	0.0005261224773419896
CASSQGGTGTLGEQFF	0.0005261224773419896
CSARAADFQPQHF	0.0005261224773419896
CAWSVSVRWLGELFF	0.0005161956381468576
CASSLDGNYGYTF	0.0005161956381468576
CASSLGGFYGYTF	0.0005062687989517258
CASSELAGGTDTQYF	0.0005062687989517258
CSARPDQGWRNSPLHF	0.0004963419597565939
CASSLDGFSGNTIYF	0.0004963419597565939
CAISVQGQTGEQFF	0.0004963419597565939
CASSLGGGSGYGYTF	0.0004864151205614621
CASSPMTLADTGELFF	0.0004864151205614621
CASRSGYEQYF	0.0004665614421711983
CASSDSASGGSTDTQYF	0.0004665614421711983
CASSLTSLNQPQHF	0.0004665614421711983
CASSLEGGISYEQYF	0.0004665614421711983
CASSLVRADTEAFF	0.0004566346029760664
CASSYNSGANVLTF	0.0004566346029760664
CASSDSSGGANEQFF	0.0004367809245858026
CSARVPRDVTEAFF	0.0004367809245858026
CASSTQGHFYSNQPQHF	0.0004367809245858026
CSVEQDRGGNTIYF	0.0004268540853906708
CASSIGFSGGGKETQYF	0.0004268540853906708
CATSDRDHSANYGYTF	0.0004268540853906708
CASRPLPASSEYEQYF	0.0004268540853906708
CASSLGGAGAYGYTF	0.0004268540853906708
CASSGNQPQHF	0.0004268540853906708
CASSPVGYTEAFF	0.0004169272461955389
CSVEQGAGNTIYF	0.0004169272461955389
CASGRGQDQPQHF	0.0004169272461955389
CSVEDLANSGANVLTF	0.0004169272461955389
CASSIGEGREQYF	0.000407000407000407
CASSQGGTHLIEAFF	0.000407000407000407
CASSLWQGVTGELFF	0.000407000407000407
