TCR	Abundance
CASSHRNTEAFF	0.0005707241347822116
CASRGTSGYNEQFF	0.000490822755912702
CASSKTATDTQYF	0.0004622865491735914
CASSLLGQGGGETQYF	0.0003652634462606155
CASSNGTPNTGELFF	0.0003652634462606155
CASILPGRFSGANVLTF	0.0003081910327823943
CASSQDLGWLSTDTQYF	0.0002397041366085289
CASSQVWAPGTGWNTEAFF	0.00019975344717377408
CASSNGVANEQYF	0.00019975344717377408
CASSINSNQPQHF	0.000194046205825952
CSVVGLAGGPGWYEQFF	0.00018833896447812985
CASRVWDGPLYEQYF	0.00014838827504337504
CSARDRAGINYGYTF	0.00014838827504337504
CASSFLGVGEQYF	0.00014838827504337504
CASSFWSGVYEQYF	0.0001426810336955529
CASAGTRGTGELFF	0.0001426810336955529
CASSLSRGTTGELFF	0.0001426810336955529
CASRGLSQETQYF	0.0001426810336955529
CASSRQGTEAFF	0.0001369737923477308
CASSKALQGPSMDEQFF	0.00013126655099990868
CASIPLAGAYNEQFF	0.00013126655099990868
CASSADPLYGYTF	0.00012555930965208657
CASSPEGLSYEQYF	0.00011985206830426446
CASTLTLGGGNTPWETQYF	0.00011414482695644234
CASSPSPGTSGYGYTF	0.00011414482695644234
CASSFLGGGQGYTF	0.00011414482695644234
CASSYSWPGANEQFF	0.00010843758560862022
CASSSRDTLTYEQYF	0.0001027303442607981
CASSLGQGAWTGELFF	9.131586156515389e-05
CASSLSASGMVGNQPQHF	9.131586156515389e-05
CASSPLGAGLKEQYF	9.131586156515389e-05
CASRAGGGVGYTF	8.560862021733175e-05
CASSFTDTQYF	7.990137886950964e-05
CASSFQPGTGQLFF	7.990137886950964e-05
CASSPSPGLAGEEQETQYF	7.990137886950964e-05
CSASKVLHRTDTQYF	7.419413752168752e-05
CASSEDTLEAFF	7.419413752168752e-05
CASRSLNWGRAGTDTQYF	7.419413752168752e-05
CASSEGADTQYF	7.419413752168752e-05
CSVEVPYGYTF	6.84868961738654e-05
CASSLQGANGYTF	6.84868961738654e-05
CASSHGRVRYEQYF	6.84868961738654e-05
CASSLDEKLFF	6.84868961738654e-05
CATSDSQHGYTF	6.84868961738654e-05
CASSLDGSSYNEQFF	6.277965482604329e-05
CASSLGPGGRGETQYF	6.277965482604329e-05
CSATRWWAYEQYF	6.277965482604329e-05
CASSLDEKLFF	6.277965482604329e-05
CASSAPGGLLNTEAFF	5.707241347822117e-05
CASSGTDQPQHF	5.707241347822117e-05
CASSFGAGELFF	5.136517213039905e-05
CSATPGSGVKPQHF	5.136517213039905e-05
CASSWAPGDHEQYF	5.136517213039905e-05
CASSSLVGANTGELFF	5.136517213039905e-05
CASSLLGGANIQYF	4.5657930782576936e-05
CASSQGAGQPQHF	4.5657930782576936e-05
CASRGLAGSTDTQYF	4.5657930782576936e-05
CASSLVGPSGRMAYEQFF	4.5657930782576936e-05
CAWSPDRINQPQHF	4.5657930782576936e-05
CASSSGQPNTEAFF	4.5657930782576936e-05
CASLGQDSPYEQYF	4.5657930782576936e-05
CASSNLGGGNGYTF	4.5657930782576936e-05
CASSSGDEAGELFF	4.5657930782576936e-05
CSVGLDGGYTF	4.5657930782576936e-05
CASLLSGGHNTEAFF	4.5657930782576936e-05
CASRYDASYEQYF	3.995068943475482e-05
CASRTGSTEAFF	3.995068943475482e-05
CASSIWAGQYGYTF	3.995068943475482e-05
CASSITGGGELFF	3.995068943475482e-05
CSVWGGYEQYF	3.995068943475482e-05
CASSTRDRTHYEQYF	3.995068943475482e-05
CASSLKREGLGIF	3.995068943475482e-05
CSASRWEGQQYF	3.995068943475482e-05
CATDRFTGELFF	3.995068943475482e-05
CASSWGGALSSYNEQFF	3.995068943475482e-05
CASSTGEHTGELFF	3.995068943475482e-05
CASSIGPGGPYEQYF	3.42434480869327e-05
CASSLSGGDWGETQYF	3.42434480869327e-05
CASSQWNLISGASTDTQYF	3.42434480869327e-05
CASSQAGTPSGYTF	3.42434480869327e-05
CASSFGGSNQPQHF	3.42434480869327e-05
CSFLDGGTEAFF	3.42434480869327e-05
CASTLDRAHYGYTF	3.42434480869327e-05
CASSSGSINEQYF	3.42434480869327e-05
CARAVTDISNYGYTF	3.42434480869327e-05
CASSLEQNTEAFF	3.42434480869327e-05
CASEIGDSSYEQYF	3.42434480869327e-05
CASSYISGGELFF	3.42434480869327e-05
CSARTGDTEAFF	3.42434480869327e-05
CSTGRAGPNPHYEQYF	3.42434480869327e-05
CASSFGGSYNEQFF	3.42434480869327e-05
CSARGSGYTF	3.42434480869327e-05
CSVVYYLSTDTQYF	3.42434480869327e-05
CASSQSGGAGANVLTF	3.42434480869327e-05
CASSLRGQGYGYTF	2.8536206739110585e-05
CASSIVGEGRETQYF	2.8536206739110585e-05
CASSQIMGASGSRGTDTQYF	2.8536206739110585e-05
CASSYSSTGYYYGYTF	2.8536206739110585e-05
CSARESTEAFF	2.8536206739110585e-05
CAWSAGLSGEKLFF	2.8536206739110585e-05
