TCR	Abundance
CATSRGQGYGYTF	0.0070591609497948
CASSSQDRTAGYTF	0.0045380320391538
CAISGRVGEQYF	0.0034139323597304
CASSLGTSHTGELFF	0.0028310658592886
CASSQEGGGRYYGYTF	0.0027061658949082
CASSQDEAPRCF	0.0026737844226614
CASSPSSGGADTQYF	0.0026691584980547
CASSSGNTGELFF	0.0024424881923274
CASRTDTEVSEQYF	0.0021695586405332
CASRYRQGPSYEQYF	0.0021695586405332
CASSPSPGRTGELFF	0.002086291997613
CASSEGQGVYEQYF	0.0020169031285128
CASSQDRLTGGYTF	0.0020169031285128
CASSQDRLTGTQYF	0.0019613920332326
CASSITGSWYEQYF	0.0019613920332326
CASRDPNQPQHF	0.0017624772751453
CASSLGDRVGYGYTF	0.0017485995013253
CASRTSGGTANQPQHF	0.0016607069337983
CASSPTSGNLGNEQFF	0.0016051958385182
CASTAGPRPSNYGYTF	0.0013600218343641
CASSLTGGANTGELFF	0.0012628774176238
CASSLLGGYEQYF	0.0012073663223436
CASSPFDNTHGEKLFF	0.0011564811516701
CASSEETKRVNEKLFF	0.0010454589611098
CASSQDLFTGGYTF	0.0009991997150430442
CASSPSGEGDEQFF	0.0009344367705495136
CASSSDRDSGYTF	0.0009020552983027484
CASTPGGGSYEQYF	0.0008650479014493022
CASKGLAHQETQYF	0.0008234145799891754
CSARAGTHPDEAFF	0.000772529409315687
CASSLRDGYGYTF	0.000754025710888964
CASSLGADQPQHF	0.0007493997862822832
CASSSSGDPGNTIYF	0.0007216442386421986
CASRESNTEAFF	0.0007031405402154755
CASSRGFPGNTIYF	0.0006985146156087949
CASSPEGDQPQHF	0.0006661331433620295
CASGTSGTSYEQYF	0.0006661331433620295
CASTHTVYEQYF	0.000656881294148668
CASRESNTEAFF	0.000656881294148668
CASSLVEGPYNSPLHF	0.0006244998219019027
CASSYGGHFVNYGYTF	0.0006198738972952219
CASLFDRSGNTIYF	0.0006152479726885411
CASSPKQDGYTF	0.0006059961234751797
CASSRTGGFTDTQYF	0.0005967442742618181
CASSQETGVYTQYF	0.0005874924250484565
CASSLARGGELFF	0.0005689887266217335
CASSLWTSPDTQYF	0.0005504850281950104
CASSPDEYGYTF	0.0005319813297682874
CASRAYRGRYGYTF	0.0005273554051616067
CASSLATGLLGGQYF	0.0005181035559482451
CASSHSYEQYF	0.0005088517067348837
CASSLGTGVRNEQFF	0.00047184430988143753
CSVSPGDTEAFF	0.0004533406114547145
CASTGRAQEQFF	0.0004533406114547145
CSARQRGNSYEQYF	0.0004533406114547145
CASSPDRGNEKLFF	0.00044408876224135297
CASSFIARVEQYF	0.00044408876224135297
CASVKGDEQFF	0.00043483691302799145
CAISETGGGDQPQHF	0.0004209591392079492
CSVVGQDQETQYF	0.0004117072899945877
CASSEAQGNYQPQHF	0.0004070813653879069
CASSYAPDRAEQYF	0.00037932581774782233
CASRRTGEGYTF	0.0003654480439277801
CASSDQPQHF	0.0003654480439277801
CASSPERWGYTF	0.0003654480439277801
CASSAGLAGASDTQYF	0.0003608221193210993
CSARLPQGDTEAFF	0.00035619619471441856
CSAGQGDTEAFF	0.00035157027010773777
CASSQDWQGSSYNSPLHF	0.00034231842089437625
CASSTQGANYGYTF	0.00034231842089437625
CASSLGDRVGYGYTF	0.0003376924962876955
CASSLDGGRNYNEQFF	0.0003238147224676532
CSAGGGRNYEQYF	0.0003191887978609725
CASSRNEKLFF	0.0003145628732542917
CASSDWEGAYEQYF	0.00030068509943424943
CANTGTSGYNEQFF	0.00029605917482756865
CASSPGVQLWEKLFF	0.00029605917482756865
CASSLTPNTEAFF	0.0002914332502208879
CASSPGPFNSPLHF	0.0002868073256142071
CASSLGGDGYTF	0.0002775554764008456
CASSPTQGDYEQYF	0.0002729295517941649
CALTWANSNQPQHF	0.0002729295517941649
CASSRQGANTEAFF	0.0002729295517941649
CASSDWSGYYGYTF	0.0002683036271874841
CASRHATMTGYTF	0.0002636777025808033
CASSRDDEKLFF	0.0002636777025808033
CASSLTGFDEQYF	0.00025905177797412257
CASSLGRNNSPLHF	0.00025905177797412257
CASSSTGTGQPQHF	0.00025905177797412257
CASSQARAHQFF	0.00025442585336744183
CASSYRPFGQGGNGYTF	0.00025442585336744183
CASSPNSIRGNTIYF	0.00025442585336744183
CASSSQDRTAGYTF	0.00024979992876076105
CASTRDSAREQFF	0.00024979992876076105
CASSTGQGSNTEAFF	0.0002451740041540803
CASSGTGVRGYTF	0.0002451740041540803
CAWSGETESTDTQYF	0.0002451740041540803
CSARGEVYEQYF	0.00024054807954739955
CASSQEFTEPYGYTF	0.00024054807954739955
CASSPGSNYGYTF	0.00024054807954739955
