TCR	Abundance
CASRGTSGYNEQFF	0.0003568256185610058
CASSLDEKLFF	0.0002733132397488555
CASSFTDTQYF	0.00022016899868657804
CASSFLGVGEQYF	0.0001973928953741734
CASSLDEKLFF	0.0001898008609367052
CASSQVGTNSGANVLTF	0.000182208826499237
CASRGLSQETQYF	0.0001746167920617688
CSARTGDTEAFF	0.0001746167920617688
CASSNGVANEQYF	0.00015184068874936417
CASSKTATDTQYF	0.00015184068874936417
CASSFLGGGQGYTF	0.00014424865431189596
CASSFADTQYF	0.00012147255099949132
CSVGLDGGYTF	0.00011388051656202312
CASSLSASGMVGNQPQHF	0.00010628848212455492
CASSLQGANGYTF	9.869644768708672e-05
CASSLRVDGANVLTF	9.869644768708672e-05
CSARDRAGINYGYTF	9.11044132496185e-05
CASSQDLGWLSTDTQYF	8.351237881215029e-05
CASSADPLYGYTF	8.351237881215029e-05
CASSLEENTEAFF	7.592034437468208e-05
CASSHRNTEAFF	7.592034437468208e-05
CASSEASPVNEQFF	7.592034437468208e-05
CASSTTGGSYNEQFF	7.592034437468208e-05
CASSQATHQPQHF	7.592034437468208e-05
CASSLGVVGGYTF	7.592034437468208e-05
CASSVGTVQETQYF	7.592034437468208e-05
CASSSSGRGELFF	6.832830993721387e-05
CASSVGPPDTQYF	6.832830993721387e-05
CSARGQGVSDGYTF	6.832830993721387e-05
CASSSDTGELFF	6.832830993721387e-05
CATGWVTYGYTF	6.832830993721387e-05
CATTSATAEAFF	6.832830993721387e-05
CASSEGTLGRVQYF	6.073627549974567e-05
CASSQEDRGSGANVLTF	6.073627549974567e-05
CASSQEGVGTEAFF	6.073627549974567e-05
CASSLEETQYF	6.073627549974567e-05
CASSPWTGGEQYF	6.073627549974567e-05
CASSQDSGYTF	6.073627549974567e-05
CASSEAPDRPYGYTF	6.073627549974567e-05
CASSLGYEQYF	6.073627549974567e-05
CASSTGEHTGELFF	6.073627549974567e-05
CASSFQETQYF	6.073627549974567e-05
CSARAGTNHYEQYF	6.073627549974567e-05
CAWRGQGKDTIYF	6.073627549974567e-05
CASSSADTQYF	6.073627549974567e-05
CASSDSTSGSNEQFF	6.073627549974567e-05
CASSVDGAGQPQHF	5.314424106227746e-05
CSARGSGYTF	5.314424106227746e-05
CASRGLAGSTDTQYF	5.314424106227746e-05
CASSESVGTDPYF	5.314424106227746e-05
CASSSHPTANYGYTF	5.314424106227746e-05
CASSPEGLSYEQYF	5.314424106227746e-05
CASSSGTVLNTEAFF	5.314424106227746e-05
CATSDQTGHTGELFF	5.314424106227746e-05
CASSLDGNTEAFF	5.314424106227746e-05
CASSLDSTYGYTF	5.314424106227746e-05
CAWRVTGQNGYTF	5.314424106227746e-05
CASSDSSSGANVLTF	5.314424106227746e-05
CASSPGTGAYEQYF	5.314424106227746e-05
CASGTDTDTQYF	5.314424106227746e-05
CASSLSYEQYF	5.314424106227746e-05
CASSQGGGQPQHF	5.314424106227746e-05
CASSPMGLAGGPGGIQYF	5.314424106227746e-05
CASSLGLATTYEQYF	5.314424106227746e-05
CASSDVSGSDTQYF	5.314424106227746e-05
CASSLLNTEAFF	5.314424106227746e-05
CASSVDGAGQPQHF	5.314424106227746e-05
CASSSSYEQYF	5.314424106227746e-05
CASSINSNQPQHF	5.314424106227746e-05
CASSLGTDTQYF	4.555220662480925e-05
CASSPLGAGLKEQYF	4.555220662480925e-05
CASSGKGRNTGELFF	4.555220662480925e-05
CASSFGGSNQPQHF	4.555220662480925e-05
CASSFTGNSGANVLTF	4.555220662480925e-05
CASSISGTGGEKLFF	4.555220662480925e-05
CASSVGDYNEQFF	4.555220662480925e-05
CASTPYSGTENTGELFF	4.555220662480925e-05
CASSVTGLSTDTQYF	4.555220662480925e-05
CASSFTGGGYTF	4.555220662480925e-05
CASSEGTGLNGYTF	4.555220662480925e-05
CSARDGTEVYEQYF	4.555220662480925e-05
CASSLVLEGYGYTF	4.555220662480925e-05
CASSVGDSYGYTF	4.555220662480925e-05
CASSAGTGYEQYF	4.555220662480925e-05
CASSLEQNTEAFF	4.555220662480925e-05
CASTPPDRGYEQYF	4.555220662480925e-05
CASSRGTLGNQPQHF	4.555220662480925e-05
CASSSRDTLTYEQYF	4.555220662480925e-05
CASSLAGGQPQHF	4.555220662480925e-05
CASSVSAAYQPQHF	4.555220662480925e-05
CSADGSGGGQETQYF	4.555220662480925e-05
CSALPGQGYGYTF	4.555220662480925e-05
CASSLAGVLEQYF	4.555220662480925e-05
CASSLTQGFGNTIYF	4.555220662480925e-05
CASSLGGRSSGAFF	4.555220662480925e-05
CASSPHGTSGSNEQFF	4.555220662480925e-05
CASSQGEPQHF	4.555220662480925e-05
CASSEEPARYGYTF	4.555220662480925e-05
CASSYSYEQYF	4.555220662480925e-05
CASSLGYSGYTF	4.555220662480925e-05
