TCR	Abundance
CASSFSPKAGPHEQYF	0.0469807219410663
CASSFGHVLPYEQYF	0.0244160770786648
CASSAGTTYEQYF	0.0212184538946378
CASSSWGTVSYEQYF	0.0202465778717761
CATSVGLVNNEQFF	0.0169902057053654
CASSLRGQANEKLFF	0.0157061208046932
CASSLEASSTDTQYF	0.0131262012068719
CASISGPEAFF	0.0128962409043986
CASSQGIGYEQYF	0.0106688152008795
CASSFPAGGIYEQYF	0.0099067569722453
CASSQDPSSWEEQFF	0.009517335146159
CASTSTGQGAKTQYF	0.0092739465048551
CSAEQGVIEAFF	0.0088022761034317
CASSLNGVRPQHF	0.0087888477646012
CASSYRTSPRTDTGELFF	0.008659600003357
CASSLGQAYEQYF	0.0067141694152797
CASSPGTAIAKNIQYF	0.0057624359006638
CASSSVTSVNEQFF	0.0054888334969912
CSARVLQGAGQPQHF	0.0053344076004397
CASSVEGDVGTEAFF	0.0047855242507406
CASSYNTDRAQQPQHF	0.0044347088987922
CASSVGGSSYEQYF	0.0041963558845498
CASSIRQDEFGEKLFF	0.0039731097514918
CASTMTGTLYGYTF	0.0038287551090632
CASLGGDGANVLTF	0.0037582563302028
CASSSPRRRGSHEKLFF	0.003728042567834
CASSDTSAKETQYF	0.0036206158571896
CASSVGGDWQETQYF	0.0035383672818524
CASSFRQGFQETQYF	0.0034661899606381
CASSEDTGGGYGYTF	0.003373870131178
CASRNHGHPREQYF	0.0031371956592894
CASSPGTSKFNEKLFF	0.0031002677275054
CAWSGDPTQLGGYTF	0.0029005211874008
CASSPNRPYRGRNYGYTF	0.0028787001368012
CASSPPGGTDEKLFF	0.0027209171555421
CASSRPGTRVSYEQYF	0.0027192386131883
CATSDLRQGDGYTF	0.0026789535966966
CSVETYGYTF	0.0026403471225587
CASSQGGGRTEAFF	0.0025950264790056
CASSSSGTSPRGEQFF	0.002581598140175
CASSSRTGGLSNQPQHF	0.0025782410554674
CASSLERESTDTQYF	0.0024154224471468
CATSGDRVWGEQFF	0.0023348524141635
CASSFRKNYGYTF	0.0021837836023197
CASSLTGGNTEAFF	0.002143498585828
CASSFSGRGEQYF	0.002125034619936
CASSFDRAIAKNIQYF	0.0021166419081669
CSVWTSGLNEQFF	0.0020797139763829
CASSVLGASYEQYF	0.0020746783493214
CASSLFQGSSYGYTF	0.0019286451645391
CASSVGTVAVYEQYF	0.0019034670292318
CASSEGTARNTIYF	0.0018866816056936
CASSRDSNYGYTF	0.0018228969962484
CASGLEFGNTIYF	0.0017876476068182
CASSLVDRTVYGYTF	0.0016835779808814
CASSSDRPVGKLFF	0.0016701496420508
CASSFGTGAYNEQFF	0.0016617569302817
CASSYSGSGNTIYF	0.0016449715067435
CASSLMSGAYEQYF	0.0016365787949744
CASSHLPGQGVYEQYF	0.0016281860832053
CATSDGNDRAQHF	0.0015828654396522
CASTSADGGSYEQYF	0.001537544796099
CASSLPQGMVPGNTIYF	0.0014972597796073
CASSPTPTGGNEKLFF	0.0014888670678382
CASSVNRGGSNQPQHF	0.0014704031019462
CASSQGPYSGNTIYF	0.0014603318478233
CASREGPYEQYF	0.0012991917818566
CASALDSNQPQHF	0.0012941561547951
CASRSGWSLFF	0.0012622638500725
CASMGWGPHQPQHF	0.0012370857147652
CASSLGNRGRPVNTEAFF	0.0011951221559197
CASSLGDHESAFF	0.0011783367323816
CASSEFGGTNEKLFF	0.0011514800547204
CASSETGGNQPQHF	0.0011397302582437
CASSLENMNTEAFF	0.001117909207644
CSAREGSLNYGYTF	0.0011061594111673
CASSSSDRGQYTEAFF	0.0010843383605676
CASSLKLAGYYEQYF	0.001062517309968
CASKTGQGLYEQYF	0.0010524460558451
CASSLVGQGHQPQHF	0.0010507675134912
CASTIGRGLYEQYF	0.0010490889711374
CASSLVSGHGYEQYF	0.0010205537511225
CASSLQGPYSSYEQYF	0.0009920185311075862
CASSLYSPNEKLFF	0.0009869829040461263
CASSLPPTYEQYF	0.0009836258193384865
CASSSRWGGTNEKLFF	0.0009802687346308469
CASSFQGVTGELFF	0.0009584476840311872
CASSPSGGSSPLHF	0.0009450193452006278
CASSLGTPTYEQYF	0.0009131270404780488
CASSIATRGYEQYF	0.0008996987016474893
CASSVWVNTEAFF	0.0008896274475245696
CASSQALAGNYGYTF	0.0008845918204631099
CASSSDRALAKNIQYF	0.0008426282616176113
CASSRLWYRGRNYGYTF	0.0008409497192637913
CSVLQGGEAFF	0.0008224857533717719
CASSLAGTIYEQYF	0.0008157715839564922
CASSSVGGSNSPLHF	0.0008090574145412124
CATSGGNSIYEQYF	0.0008040217874797526
CASSLEGQGLFSPLHF	0.0007989861604182927
CASSPGNYGYTF	0.0007587011439266141
