TCR	Abundance
CASSLGTVHNEKLFF	0.21635657551391013
CASSGNRGGSYEQYF	0.02340407692496462
CASSEAALSYEQYF	0.012104393491971304
CASSQDPGAVYGYTF	0.006118659457337075
CASNWGYGQRHYGYTF	0.005645240451864637
CASNEGGYYGYTF	0.004361998871156411
CASSQGQGDSSYEQYF	0.004136025652561575
CAISAGTGVAYEQYF	0.0037617894624904905
CASSITGVGEQYF	0.003684079215371905
CATSGYDRGLLYEQYF	0.0036646516535922585
CASSLGGSLSYEQYF	0.0036165940007689226
CASSAFGGSSGANVLTF	0.003531726230889414
CASGSPLAGGSANEQYF	0.003401868317941251
CASSDPLHDPTYEQYF	0.0033936882919287682
CASSLDRANQPQHF	0.0029846869913046324
CASSLGGRTSMNTEAFF	0.002954011893757822
CASSVGQGDYGYTF	0.0027566687662066765
CASSFGTSGEQYF	0.002746443733691073
CASIEENTEAFF	0.0027454212304395126
CSAREQREPYEQYF	0.0024857054045431867
CASSESMWDSNQPQHF	0.0024315127322104882
CASTKSPPGTVNQPQHF	0.002269957218463955
CASSPVGASSYNSPLHF	0.0022474621469296273
CASSRDGNTGELFF	0.0021462343250251534
CASSSQGYNEQFF	0.0021216942469877054
CASSLGGGLYEQYF	0.0020163764120769904
CASSLAGTGGEQYF	0.001855843401582017
CASSLEAERRETQYF	0.0017730206382056296
CSAPTSGNPYEQYF	0.001639072712251225
CAWSDGGEQYF	0.0016257801699809406
CASSLEQGARSTEAFF	0.0016237351634778199
CASIRHSGNTIYF	0.0016063526082012941
CASSSPLAGGNEQFF	0.0015674974846420012
CASSIIGLTSYNEQFF	0.001530687367585829
CATSRDRDPVGEQYF	0.001476494695253131
CASSIAGWQAGDGYTF	0.0014519546172156827
CASSMGTSSEQYF	0.001434572061939157
CASSILGDTGNYGYTF	0.001377311879851778
CASSQESTGLAGYTF	0.0013711768603424158
CASSELAGGSTEAFF	0.0012863090904629076
CASSEGPAGGTEAFF	0.0012648365221801406
CASRNTEAFF	0.0012249588953692873
CASSLGQARYEQYF	0.0011779237457975116
CASSGGQGTGNTIYF	0.0011533836677600634
CASRGITNYGYTF	0.0011360011124835377
CASSDSTGAFF	0.001133956105980417
CASSLTFHSGNTIYF	0.0011053260149367274
CASSYGQGATISYEQYF	0.0010787409303961587
CASSLVARDLRGYTF	0.0010235257548119002
CASSLTGHYGYTF	0.0010184132385540987
CASGQSGANVLTF	0.0010000081800260125
CSAREGHLKTEAFF	0.0009979631735228917
CASSLDSGALEQYF	0.0009611530564667196
CASSSGQTYYGYTF	0.0009509280239511161
CASSFSKNTEAFF	0.0009366129784292714
CASKGLGIWVSDTEAFF	0.000929455455668349
CASSQGPNYGYTF	0.0009243429394105474
CASNAGTGMYEQYF	0.0009161629133980646
CASSGISGDGFQPQHF	0.0009049153776309009
CSANRDRGTEAFF	0.0009038928743793405
CASSQANSYEQYF	0.0008936678418637371
CASRGRNTEAFF	0.0008865103191028148
CASSPGTGRRYGYTF	0.0008670827573231683
CASSSAEGDVQPQHF	0.0008425426792857202
CASSSTGQSYGYTF	0.0008333401500216771
CASTRGTGVNYGYTF	0.0008251601240091943
CASSGTALPSGNTIYF	0.0008169800979967116
CSADGTSGSGYEQYF	0.0008128900849904703
CASSITLDRTNYGYTF	0.0008118675817389099
CATSDSGEGQPQHF	0.0008108450784873496
CASSADWTGGRAPQHF	0.0008026650524748668
CASSGAGGGRNTIYF	0.0007883500069530221
CASSKGGQGHEQYF	0.0007852824971983411
CASSESSGQLGGYTF	0.0007801699809405393
CASMNGAVSYEQYF	0.0007760799679342981
CSASGDRDTEAFF	0.000773012458179617
CACYHQGPPNYGYTF	0.0007566524061546516
CSAQRGAGEKLFF	0.0007556299029030912
CASSEDAGEMGKQYF	0.0007515398898968499
CASTLGGYGNQPQHF	0.0007484723801421689
CASSLSSVGEAFF	0.0007433598638843671
CASSLGQASYEQYF	0.0007423373606328069
CSGHSGRDEQYF	0.0007413148573812465
CASSLGQSSYEQYF	0.0007402923541296861
CASSVSSPGYYGYTF	0.0007402923541296861
CASSGLSGRDYGYTF	0.0007362023411234447
CASSDDRGQGYTF	0.0007351798378718845
CASSLLGVSEKLFF	0.0007341573346203241
CASRGTGYGYTF	0.0007331348313687637
CASSLWARKSNYGYTF	0.000724954805356281
CASSIEDRGRNQPQHF	0.0006942797078094709
CASMRIYSNQPQHF	0.0006932572045579105
CASSRQGAGTEAFF	0.0006871221850485485
CASSVDGGSQPQHF	0.0006871221850485485
CASDRLSEGTEAFF	0.0006809871655391864
CASSRDSEAFF	0.000679964662287626
CASSIIAGSNNEQFF	0.0006789421590360658
CASSLLGRTEAFF	0.000676897152532945
CASSIGYSGGVDEQYF	0.0006758746492813848
CASRGTGAYGYTF	0.0006717846362751434
