TCR	Abundance
CASSPSGRANGEQYF	0.027469482025846332
CASSITPRGTNTGELFF	0.009036147641601062
CASSLDRDSIYEQYF	0.0036470034263119196
CASSLGRVEYEKLFF	0.002617787735450887
CASSYGSGGPYEQYF	0.0024865932452126723
CATRQTQGAYGYTF	0.0024062493325861687
CASSRQGGSNQPQHF	0.0023187863390940256
CASSDQGKPNEKLFF	0.0022262382878407115
CASSLRDSRNTEAFF	0.0021692856409155953
CASSPGGYNEQFF	0.0019272368914838504
CASSLEQAARTDTQYF	0.001875369302319905
CASSSEGANQPQHF	0.0015672148019929358
CASSEAVWPGGGNTIYF	0.0015651807788884674
CASSLGGATEAFF	0.0013943228381131181
CASSLSQRQGISTDTQYF	0.001342455248949173
CASSTSGANYGYTF	0.001316012948591083
CASSQGNTGELFF	0.0011787163890394632
CASSHRSGNTIYF	0.0011654952388604183
CASSHGTSGEQFF	0.0009865012056671952
CSEGQGGDYTF	0.0009814161479060242
CASSAWTGGGNSPLHF	0.000967177986174745
CASSPDRGGYGYTF	0.000958024882204637
CASSAGTSGEQYF	0.0009285315471898446
CASALDGKVYGYTF	0.0008695448771602597
CASSDSTGGGYTF	0.000848187634563341
CASSYGSTEAFF	0.0008451365999066384
CASSPRRRNEQYF	0.0008420855652499356
CASSEAGLTGYGYTF	0.0008359834959365303
CASSLPQETQYF	0.0008115752186829091
CASSEGPGEDYEQYF	0.0007912349876382246
CASSEHLKTGYTF	0.0007800478605636482
CASSFGTSSEQYF	0.0007800478605636482
CASSDGFGNNSYEQYF	0.0007749628028024771
CASSVEGGRGYNEQFF	0.0007597076295189637
CASSSFGANQPQHF	0.0007597076295189637
CASSYTQTGTSVSGELFF	0.0007190271674295948
CASSLQQNTEAFF	0.0007119080865639553
CASSYSGAGASTGELFF	0.0007098740634594868
CASRGQYNSPLHF	0.0006966529132804419
CSARSGEEDGYTF	0.0006946188901759736
CASSLDPTGGFTEAFF	0.0006722446360268206
CASSSTGEIQPQHF	0.0006661425667134153
CASSEVGGNEQYF	0.0006366492316986228
CASSAGTSGPQYF	0.0006335981970419202
CASSPSPGQSYEQYF	0.000595968769609254
CASSLWGNEQFF	0.0005939347465047856
CASSLRRNSNQPQHF	0.0005888496887436145
CATRNGVFNQPQHF	0.0005756285385645696
CASRSTGTGSYEQYF	0.000559356353728822
CASSQAYSNQPQHF	0.000554271295967651
CASSEVDGGGNTIYF	0.0005522372728631825
CASTQRGGNYGYTF	0.0005491862382064798
CASSPLSYEQYF	0.0005451181919975429
CASSENINYGYTF	0.0005451181919975429
CASSLWDSNQPQHF	0.0005379991111319033
CASSYSSVRDYEQYF	0.0005349480764752007
CASSPDRVYGYTF	0.0005247779609528584
CASSEDSTGELFF	0.0005146078454305162
CASSKEQGNQPQHF	0.0005125738223260478
CASSFQGVFYEQYF	0.0005125738223260478
CASSSSLRDRAQPQHF	0.0005105397992215794
CASSLSGGAREKLFF	0.0005074887645648767
CASREGQLGQPQHF	0.0005013866952514713
CASSYMGLANYGYTF	0.0004942676143858318
CASNADSAGANVLTF	0.0004942676143858318
CASSFGGRGYGYTF	0.0004912165797291291
CASRTAGPLYEQYF	0.0004891825566246606
CASSVYGNVYEQYF	0.00048816554507242647
CASRISLTSGGNQPQHF	0.00048816554507242647
CASSKQTGASGNTIYF	0.00048816554507242647
CASSLFAGEGYEQYF	0.00048714853352019224
CATQTGSFGYTF	0.00048613152196795806
CASRPQTGKNSPLHF	0.00048613152196795806
CASSERTGPNYGYTF	0.0004851145104157238
CASSLQGLAGSYEQYF	0.0004851145104157238
CASSLTGPYEQYF	0.0004820634757590211
CASSEQGKGYTIYF	0.00047799542955008424
CASSLSIGGSPYEQYF	0.00047799542955008424
CASRREGHIYEQYF	0.00047392738334114736
CASSYSGQGSYGYTF	0.00047291037178891313
CASRLMGQGPGYGYTF	0.00046884232557997625
CASSAGSGNTIYF	0.000467825314027742
CASSAKPGQGGEQYF	0.000467825314027742
CASSLSWGEGYEQYF	0.00046477427937103937
CASSEADGSYEQYF	0.00046477427937103937
CASRDSENYGYTF	0.00046375726781880514
CASSLRGYTF	0.00046274025626657096
CASSLGTGMQPQHF	0.0004617232447143367
CASRLAGDNEQYF	0.00045968922160986826
CASSLSSGHEQYF	0.00045968922160986826
CASSRGQSNYGYTF	0.00045765519850539984
CASSYTGDRAEGYTF	0.00045765519850539984
CASSLEEDGYTF	0.0004566381869531656
CASSEWGGRYGYTF	0.00045257014074422873
CASSPYPTSGSYEQYF	0.00045257014074422873
CASSPGAPQYF	0.00045257014074422873
CASSLQEYSNQPQHF	0.0004515531291919945
CASSLFGAYEQYF	0.0004515531291919945
CASSIPTGAEKLFF	0.00045053611763976026
CASSEGDYNEQFF	0.0004474850829830576
