TCR	Abundance
CASSDGSWYEQYF	0.1280748940533568
CSARDYDAGQFF	0.034358654055472705
CASRGRRYEQYF	0.031963029046571764
CASSIGGNSPLHF	0.010402403966463284
CASTSETYEQYF	0.009084047273666842
CASRVQGSYEQYF	0.006885768868471541
CASSTGTSGRPYEQYF	0.006764716054858287
CASRIPGLAGNEQFF	0.005346668809674459
CSARDPTRDRYYEQYF	0.005174753469332948
CASIKTREAFF	0.004096467902693883
CASSLFGTSVTSYNEQFF	0.003995760099771932
CAAGDGGGGNTIYF	0.0033579440145995797
CASSSLGLAYHEQYF	0.0031372006485989408
CASTTLWGGQRADTQYF	0.003113803886303942
CASSPGGSNQPQHF	0.00309956237882003
CASRRQGARGNTIYF	0.003067010361713945
CASIPSAGGASPLHF	0.002413935518523115
CSATTGTGGPYEQYF	0.002367141993933118
CASSGTSGESLDTQYF	0.0020568805808907453
CASSSTKGAITYEQYF	0.0020365355701994423
CASSQERGPTDTQYF	0.0019856730434711844
CSARPLEGPNEQFF	0.0018768272362727127
CASSSPGLAGYEQYF	0.0018615684782542353
CASSVFRDSYEQYF	0.0018585167266505398
CSVQNRDTYAYEQYF	0.0018574994761159746
CASSPTAGSTYEQYF	0.0018361372148901064
CASSYITGKGNQPQHF	0.0017974816945766304
CASSLRQEVTYEQYF	0.001780188435489023
CASSLAGGSSYEQYF	0.00176187792586685
CASSETNYGYTF	0.0017527226710557637
CSARRETEDYEQYF	0.0017517054205211985
CASSYSGRSNEQYF	0.001736446662502721
CASSYSPGQTTVYTF	0.0017110153991385922
CASSPIDGTSGTDTQYF	0.001709998148604027
CASSVTGQREQYF	0.001708980898069462
CASSETGQGANEQYF	0.0016988083927238103
CASSTQGSYGYTF	0.001677446131497942
CASRTRDSGRNYEQYF	0.001677446131497942
CASSYAGSYYEQYF	0.0016754116304288117
CASSSPEGGRYEQYF	0.0016662563756177254
CASRKRLAGNYEQYF	0.0016540493692029435
CASSLGQPAFYEQYF	0.0016540493692029435
CASSDRGPYEQYF	0.001630652606907945
CASSYTRGTGSYEQYF	0.001624549103700554
CASSPGQNPYGYTF	0.0016204801015622934
CASSAGTYEQYF	0.00159810058980186
CASSRGLAAYEQYF	0.001591997086594469
CASSTEPNTEAFF	0.0015899625855253386
CASSPPRQGVNEQFF	0.0015767383285759918
CASSLIGQRYEQYF	0.0015574105684192537
CASSLRATTYEQYF	0.0015421518104007763
CASSSGEVSYEQYF	0.0015370655577279506
CASIGLLRDGYTF	0.0015350310566588203
CAWSQQGAYGYTF	0.0015065480416909958
CASSRSGRADEQYF	0.0015014617890181702
CAIEGQDTYEQYF	0.0014892547826033883
CASSRTLILVLGEQFF	0.0014892547826033883
CASSVPLEREGPGTGELFF	0.0014597545171009987
CASKFGQGEYEQYF	0.0014567027654973032
CASSDLDRLSYEQYF	0.0014526337633590427
CAWSTGFVEQYF	0.0014505992622899123
CASSFNVRGRSTEAFF	0.001448564761220782
CASSERKDSEQYF	0.0014434785085479563
CASSPEASMKQYF	0.0014404267569442608
CASSLLGQNPSYGYTF	0.0014363577548060001
CASSYYPTPGAGELFF	0.0014292370010640441
CASSSGTAAYEQYF	0.0014129609925110016
CASRRETSGTYEQYF	0.0013977022344925242
CASSSAYEQYF	0.0013956677334233938
CASSASGGQPNSPLHF	0.0013956677334233938
CAWSADRVYGYTF	0.001384477977543177
CASSEDRGIGNTIYF	0.001384477977543177
CASSFLDVYYGYTF	0.001382443476474047
CASSARTGGYGYTF	0.0013712537205938303
CASSPDRDYEQYF	0.0013661674679210044
CASSEAGGRDYGYTF	0.0013468397077642665
CASSGGEDGPYEQYF	0.0013427707056260058
CSALPGGVSYEQYF	0.0013387017034877451
CASWRAMNTEAFF	0.0013387017034877451
CASRSGAGGAYEQYF	0.00133768445295318
CATSDLRAGVYGYTF	0.00133768445295318
CASTGPGPRYEQYF	0.0013336154508149195
CASSSGYEQYF	0.0013214084444001376
CASSLIYPNSGEQYF	0.0013203911938655724
CASREGYLSGNTIYF	0.001312253189589051
CASSSTGFPYEQYF	0.0013092014379853557
CASSLRGAYEQYF	0.0013041151853125299
CASSRPFGRNNSPLHF	0.0013030979347779647
CSARDLGGNSYEQYF	0.0013020806842433995
CASSRAAANYGYTF	0.0012929254294323132
CASSYSSWVYEQYF	0.0012888564272940525
CASSQPGHLWEQYF	0.0012878391767594873
CASSNTGTSAKNEQFF	0.0012807184230175313
CASSIGGTVSYEQYF	0.0012776666714138358
CASGGRAYYEQYF	0.001266476915533619
CASSLPQPGGYEQYF	0.0012624079133953586
CSAWRRAGGEQYF	0.0012603734123262282
CASSLSQGSYEQYF	0.0012542699091188372
CASSLAGLAGEGEQYF	0.001253252658584272
CSAREAGANYEQYF	0.0012522354080497069
