TCR	Abundance
CASSFGTGDYGYTF	0.5640620232091332
CASSFQGALGYTF	0.0792092465722559
CASSYSFSNQPQHF	0.03845356563925544
CASSLGQTEAFF	0.009393866433536721
CASSTNRGLDSPLHF	0.007206341889871851
CASSRTFPPYEQYF	0.005016242273171473
CASKDTGELFF	0.004180631073148812
CASSLEYSGTPYEQYF	0.0034853613535613904
CASSVTSGISSYEQYF	0.0034325723563334567
CASSFRGQGDEQFF	0.0014832420684531666
CASSPVGYEQYF	0.0014574913380980769
CASSRGTGDLVGELFF	0.0013223000037338559
CASSETTGGTDTQYF	0.0012115718632069701
CSAHQVYEQYF	0.0011780959137453536
CASSYGLAGDLVHNEQFF	0.0011510576468725094
CASSLSSGRSAYEQYF	0.0011201567704464017
CASSTYRGRDSPLHF	0.0009502019501028098
CSAPTGDGYEQYF	0.0008587868573422414
CASSESPGDSYNEQFF	0.0008317485904693972
CASSFGGGIGYTF	0.0008021352505610441
CASSFDDRVDTEAFF	0.0007519213263686191
CASSLEAGGYEQFF	0.0007184453769070025
CASSNFNYGYTF	0.0005935543346848174
CASSLEGQGGTEAFF	0.0005626534582587098
CASRYQGNGELFF	0.0005356151913858657
CASSLGVRGGYEQYF	0.0005266024357615843
CATSREAGGVDEQYF	0.0005150146071017939
CASSEGTGGSYEQYF	0.0005085769245130215
CASSLESGRVHEQFF	0.0004570754638028421
CASSYYQKGAKNIQYF	0.00043518734300101585
CASSVGTSGSYEQYF	0.0004171618317524531
CSVVGTGGYEQYF	0.00041072414916368065
CASSSWQGYNEQFF	0.0004055740030926627
CASSFLGQGIYEQYF	0.0003965612474683813
CSASSVSLASNQPQHF	0.00039398617443287237
CASSILPGQASYGYTF	0.00038368588229083646
CASRLDSNQPQHF	0.00037982327273757303
CASSFGDSGNTIYF	0.0003733855901488006
CASSLAPPGQGGSPLHF	0.0003617977614890102
CASRSGLSSYEQYF	0.00036051022497125574
CASSQDILLGQPSSGNTIYF	0.0003579351519357468
CSATPTSGSDYEQYF	0.0003540725423824833
CASSLFGQGYEQYF	0.0003489223963114654
CASRTGGGDTEAFF	0.0003450597867582019
CASSDGTGGTYEQYF	0.00033218442158065707
CASSFLGGPVEQFF	0.00033218442158065707
CASSYSFLAGGSNTGELFF	0.00032832181202739364
CASSQKLAGGQYF	0.00032445920247413016
CASSPNQWTQYF	0.0003154464468498488
CASSDSPPASYNEQFF	0.0003115838372965853
CASSSSDSNQPQHF	0.0003051461547078129
CASSASDPYEQYF	0.0002909832530125136
CASSEATGGNSPLHF	0.0002896957164947591
CASSLRQDHYEQYF	0.0002871206434592501
CASSLILAGYNEQFF	0.00028197049738823215
CASSHHAYEQYF	0.0002806829608704777
CASSSVRGHEQYF	0.0002793954243527232
CASSLYRGYGYTF	0.0002781078878349687
CASSYGGAGAYEQYF	0.00027553281479945977
CASSQAGSAGDEQYF	0.0002639449861396694
CSAGAPQGYEQYF	0.000254932230515388
CASSPEAREQYF	0.00025364469399763353
CASSLSLGNSPLHF	0.0002459194748911066
CASSELGDTNQPQHF	0.0002459194748911066
CASSFDYEQYF	0.00024076932882008867
CATSRGRSSYNSPLHF	0.00024076932882008867
CASSYFELAGEYEQYF	0.00023948179230233417
CASRVEGAGNTIYF	0.0002381942557845797
CASSQAETYNEQFF	0.00023690671926682522
CASSFRDRGGYGYTF	0.00023046903667805279
CASSLRQATNTEAFF	0.00023046903667805279
CASSVREEANVLTF	0.00022660642712478933
CASSYTSGSSYEQYF	0.00022274381757152588
CASSEAEGGGGNTIYF	0.00022145628105377138
CASALKAYEQYF	0.0002201687445360169
CASSWDREEYEQYF	0.0002047183063229631
CASSYGTGGYEQYF	0.0002047183063229631
CATSRDTGGADTQYF	0.00020085569676969964
CASSLSGANYGYTF	0.00019956816025194513
CASSFQGADYGYTF	0.00019699308721643618
CASSFDREDYEQYF	0.00019570555069868168
CASSAYDTYEQYF	0.0001944180141809272
CASSLENYGYTF	0.00018926786810990928
CASSTGGAGNYGYTF	0.00018798033159215478
CASSGQSSYEQYF	0.00018798033159215478
CASRSGDGPSVGVFF	0.00018540525855664582
CASSEVEGIYEQYF	0.00018540525855664582
CASSLYLYEQYF	0.00018411772203889132
CASSGPAGSSYEQYF	0.0001789675759678734
CASSGGAGTQYEQYF	0.0001776800394501189
CASRVGTGGGYGYTF	0.00017381742989685544
CASTTHGGYGYTF	0.00017381742989685544
CASRIDWDEQYF	0.00017252989337910096
CASSPGTGTYGYTF	0.00016995482034359199
CASTGANYGYTF	0.0001686672838258375
CASSLGSYGYTF	0.00016737974730808303
CASSSTWTGGYEQYF	0.00016737974730808303
CASSYSEREGQETQYF	0.00016609221079032853
CASSPPDYGYTF	0.00016609221079032853
CASSEGMEVVGYTF	0.00016609221079032853
