TCR	Abundance
CSARPEGAGDGYTF	0.1810565322725859
CSVGAPGTGVRYEAFF	0.07985377891273387
CSVDRRGSGTGELFF	0.05678600075299972
CAISDLGNEQFF	0.013503863215963594
CAWVLNTEAFF	0.01058496619686032
CASSFLPRGQGDTQYF	0.0089879110805546
CATGTGDSNQPQHF	0.008596064757976068
CSAPAAPGVSVHEQYF	0.007993460361112476
CASSRRGAANEQFF	0.007552505361030627
CAGLAASYNEQFF	0.00720465222871548
CASSSSPTYEQYF	0.006250102309744799
CSAKTGSYGYTF	0.0044924208941053215
CASSHRDRNYEQYF	0.0035900489449819115
CAWSSGSVADTQYF	0.0033138126340257657
CASGTGINEKLFF	0.003111239339324592
CASRQDRASSYEQYF	0.0029680056966065902
CASSLSGGAHGYTF	0.002682561508618573
CASSQVLTGIYEQYF	0.0020114095827399366
CASSQTGSEQYF	0.002000155510812094
CASSQTFGTGLYEQYF	0.001951046833308779
CASSLWGNYGYTF	0.0019111460328373358
CSVEAPGPGFRYEQYF	0.0017689354875673198
CASSYTHLDYEQYF	0.0017505197335035767
CASSQDYGRGESYEQYF	0.0015121380281229026
CASNEARGYEQYF	0.001511114930674917
CASRGEGHTEAFF	0.0014599600582756306
CSALAFVRAQTRAKNIQYF	0.0014466597914518163
CASSIGRGTSYEQYF	0.0013965280165005155
CSASPGIGDTEAFF	0.0013781122624367725
CASSSRGLAGVEETQYF	0.0013658350930609439
CASSFGGANSPLHF	0.0013648119956129582
CASSFLASSYEQYF	0.0013157033181096433
CASRHNPRGNNEQFF	0.0012543174712304997
CASSASGTAYGYTF	0.0011663310907037273
CSATPQGQHYGYTF	0.0009791042577223395
CASSQSITGNGYTF	0.0009351110674589533
CASSLTGGNTIYF	0.0008737252205798097
CASSESIAGGGNQPQHF	0.0008675866358918954
CASSLGGRGSNQPQHF	0.0008389399073482952
CASSENNEKLFF	0.0007622075987493657
CASSWTGYEQYF	0.0007581152089574227
CASSSFTGDSNQPQHF	0.0007110527263500794
CASSSDREHTDTQYF	0.0006936600697343221
CASSLTSVPDTQYF	0.000663990243742736
CASSYGGWVSGNTIYF	0.0006619440488467646
CASSSVGAFSSEQYF	0.0006517130743669073
CAWSVGGSNQPQHF	0.0006384128075430928
CAWIFNTEAFF	0.000555541914256249
CAWNKGPYEQYF	0.000537126160192506
CSARGEGYAYEQYF	0.0005238258933686915
CASSLGGATNEKLFF	0.0005115487239928629
CASSLTDVAYEQYF	0.000496202262273077
CASSQEARDYGYTF	0.0004910867750331484
CASSIGTAGEQYF	0.00047164792352141955
CASSEWNNQPQHF	0.00042663163581004764
CASSQSPTGFNQPQHF	0.00041640066133019036
CSARDFKDRGVGYTF	0.00040719278429831885
CASTESVLTFPEQYF	0.0004051465894023474
CASSLSASDLDEQYF	0.0003979849072664473
CSASPDRYGYTF	0.00039696180981846157
CASSPSRGIYEQYF	0.0003898001276825615
CASRGDSYEQYF	0.00038673083533860434
CASSLREGADEQYF	0.00038366154299464717
CASGGHRGKYTEAFF	0.00038366154299464717
CAWSVGPGSYQPQHF	0.0003785460557547185
CAWGLMTVSGNTIYF	0.0003785460557547185
CASSQDGGVDNEQFF	0.00037138437361881844
CASMELAGGEQYF	0.00036831508127486127
CASTSNPNTGELFF	0.0003652457889309041
CASSNPGQVYGYTF	0.00035092242465910393
CASRNPTGDTGELFF	0.0003498993272111182
CASSEDTSTNEKLFF	0.00034785313231514676
CASTGGTPRVGNTIYF	0.00034683003486716104
CSADIGGANYGYTF	0.0003406914501792467
CASSPGQGEKLFF	0.0003406914501792467
CASSQEGQGFYEQYF	0.00033557596293931803
CATHSQRQINQPQHF	0.0003212525986675179
CASSFGDWEQYF	0.0003192064037715464
CASSMSLIGRDSNQPQHF	0.00031613711142758924
CASSGSGGYNEQFF	0.0003140909165316178
CASSVTAGELSYEQYF	0.00031204472163564635
CASSPTTGSYVSTGELFF	0.00031204472163564635
CASSVEGLVNQPQHF	0.00030692923439571774
CASSSTGGRSQPQHF	0.000305906136947732
CASGLETSGSGDTQYF	0.0002987444548118319
CASSHTLSGLASYEQYF	0.00029669825991586045
CASSQSPRTGVDLDGYTF	0.000294652065019889
CSAGVDWGEQYF	0.000294652065019889
CASSPDRIGSYEQYF	0.0002936289675719033
CASSYKENTEAFF	0.00029158277267593184
CASTLAGGYNEQFF	0.00028851348033197467
CASSIGQTPTYEQYF	0.0002854441879880175
CASIQSGQSYEQYF	0.00028032870074808883
CASSAGTGGLYGYTF	0.00027725940840413166
CSASSVWNQPQHF	0.00027623631095614594
CSAILLLEQYF	0.0002700977262682316
CASTTPAGGPSGNTIYF	0.0002690746288202459
CASSFRDGHYEQYF	0.0002690746288202459
CASSLDGKGYTF	0.00026702843392427443
CAWSVGGYGYTF	0.000264982239028303
