TCR	Abundance
CASIDTGGAYSNQPQHF	0.0162492483816598
CASIPGHRTDTQYF	0.013283609973120393
CASKGSSGRQETQYF	0.006188537016373795
CASSLMLRAGTEAFF	0.005687287977271266
CASSFDLTGGEFNQPQHF	0.003761919977785786
CAWRGLANEQYF	0.0031279573438088596
CASRPASGSQETQYF	0.0029350121943376214
CASMLNRDPNTDTQYF	0.002813528211337212
CASSFQGLYQETQYF	0.0019713073207881554
CASSQEQGANEKLFF	0.001961098582720894
CASSEPGIGETQYF	0.001919242756645123
CASSDDRGNYSPLHF	0.001881470425796256
CASSQETDPFSYEQYF	0.0018334893568801279
CASSSTPSNYGYTF	0.001810009259325427
CASSFHRVTNYGYTF	0.0016487111978626986
CASRDINNEQFF	0.0015537699338371686
CSVEPDRGRTETQYF	0.0014629121650385432
CASSYSMRQGWSNYGYTF	0.0014057432318618798
CASSLGGSDSYEQYF	0.0012903844917018274
CASSLSSYNEQFF	0.0012505704132395083
CSASPGTVPFYEQYF	0.0011392951683063602
CSARVMDMGNSPLHF	0.0011045854588776717
CASSYPPYSNQPQHF	0.0010280199233732121
CASSPPDRDYEQYF	0.0009984145829781542
CASITRLASGVEQYF	0.0009575796307091091
CASMEVMNTEAFF	0.000901431571339172
CASSEWFLAGNTIYF	0.0008585548714566746
CASSPQADFYNSPLHF	0.0008177199191876295
CASSDAGASFNEQFF	0.0008095529287338204
CASSFGGDTEAFF	0.0008085320549270943
CASSLDRNYGYTF	0.0007646344812378708
CSAEERESYNEQFF	0.0007574883645907879
CASSTGTSRSYDEQFF	0.0007534048693638833
CASSPRLAGGHEQFF	0.0007421752574898959
CASSSRTGFYEQYF	0.0007401335098764436
CATSRDLGLHSGNTIYF	0.0007105281694813859
CSVTTSGKCGEQFF	0.000695215062380494
CASSLIPVASAYF	0.0006911315671535895
CASSALTSGRTDTQYF	0.0006819437028930543
CASSSTHTVSGANVLTF	0.0006799019552796021
CASRSAQGNQETQYF	0.0006737767124392452
CASSHDDSPLHF	0.0006717349648257929
CASYPPLTSGGGYEQYF	0.0006676514695988884
CAIQLGEGLNEQFF	0.0005972111769347856
CASSPKREASYEQYF	0.0005910859340944287
CASSPNLYTDNEQFF	0.0005757728269935368
CSARDLSFERAGRDEQFF	0.0005727102055733585
CASTLDSYSNQPQHF	0.0005339170009177655
CASSLEGQYTEAFF	0.0005155412723966953
CASSEPGLNTEAFF	0.0005043116605227078
CASSPRQGGSTDTQYF	0.0004767480677411023
CASSFFSYSGEQYF	0.0004736854463209239
CASSWFDLAYNEQFF	0.00047062282490074555
CASNYERGKAGLNQPQHF	0.00045428884399312746
CASSFRLSYEQYF	0.00045020534876622295
CASSLDRGYNEQFF	0.0004236626297913436
CASSDPRGPNQPQHF	0.0004236626297913436
CASSLWGATYEQYF	0.0004165165131442607
CASSLTGWNEQFF	0.0004093703964971778
CSTRQINNEQFF	0.00040426602746354714
CASSFIATLGAFF	0.0003971199108164642
CASSSLGQGGEQYF	0.0003838485513290246
CASSYQIDQPQHF	0.0003807859299088462
CASREGGSSYNSPLHF	0.00037670243468194167
CASSRDSAGDEQFF	0.0003746606870684894
CASSLSPPPGSYEQYF	0.00036649369661468034
CASSPRQERSYNSPLHF	0.00036241020138777583
CASSVGSDQPQHF	0.0003542432109339668
CSAWDRDTGELFF	0.0003532223371272407
CATSGRTSGIYEQYF	0.00034913884190033615
CSAIPGTNPKQFF	0.00034913884190033615
CASRGGQERQETQYF	0.00034505534667343164
CASSYSPGFGYTF	0.0003430135990599794
CASSLWAANNQPQHF	0.00033995097763980103
CASSFPGRGRTQSSPLHF	0.0003368883562196226
CASSGEQTNSPLHF	0.00033076311337926586
CASSHGLAGEYEQYF	0.00033076311337926586
CASSQFGTGAGNTIYF	0.00032770049195908745
CASISNSGRRTGELFF	0.0003256587443456352
CASSSRTSGIQEQYF	0.0003154500062783739
CASKDPGARNYGYTF	0.00031034563724474326
CASNASGRFQGELFF	0.00030626214201783875
CASSLGAGGGYEQYF	0.0002970742777573036
CASSLDSYTEAFF	0.00028890728730349456
CASAGYSGNTIYF	0.0002878864134967684
CASSAALAGVFSGELFF	0.0002878864134967684
CASSLQNTEAFF	0.00028176117065641164
CASSEGYQSGPLHF	0.00028074029684968554
CASSLRGLGPGLNTEAFF	0.0002797194230429594
CASSEFGTGLNQPQHF	0.0002786985492362333
CASSDRVRYEQYF	0.0002746150540093287
CSASGLARQETQYF	0.00027155243258915036
CASSLGGAIYEQYF	0.00027155243258915036
CASSGPGTSGRGRGYVETQYF	0.0002664480635555197
CASSPRLAGAYEQYF	0.00026440631594206745
CASSVRGGNQPQHF	0.0002623645683286152
CASSLDRGIDEQYF	0.00026032282071516294
CASSLGSGRFHEQFF	0.0002593019469084368
CASRSRRPSNYGYTF	0.00025726019929498453
CASSYRGTNVLTF	0.00025419757787480617
