TCR	Abundance
CASTSWGSSNSPLHF	0.0574399345752961
CASSQVRRGPKNTEAFF	0.04337423052086728
CASSWTSGNHEQYF	0.029235652415066305
CASTPWDRTNSPLHF	0.019437128924318273
CASEVGTGSAEAFF	0.018869318607376877
CASSPWRATNEKLFF	0.013304575073430728
CSATDHNQPQHF	0.010168966585223167
CASIGMLTWTQYF	0.0073238421629018445
CASSEGTSGSYEQYF	0.006973641860474532
CASSPTSGGTYEQYF	0.005819802713748702
CASSLARYYEQYF	0.0054392382232496565
CASRGTENGEQFF	0.005188227601856669
CASSFYNLRYNEQFF	0.004636611518553531
CASSLQGTYSNQPQHF	0.004327908939824252
CASSGGQGGDEQFF	0.0040920804124671304
CASSKSGSRDEQFF	0.0036264961953672344
CASSRDGFYEQYF	0.0035809499132596363
CSARLRDTEAFF	0.0027843960461778573
CAWSVNLHNQPQHF	0.002758080416515689
CASSSDSHRGRYEKLFF	0.002758080416515689
CASSHRLEQYF	0.0027084855759985263
CASSQNLWRPEAFF	0.0025080819347250926
CASSEVGGSGANVLTF	0.0024230622081242424
CATSSGGYPYEQYF	0.002405855834883594
CASSQDRALGVEYF	0.0017803535606059073
CASSLSGFQPQHF	0.001621447643030508
CASRGRGTNEKLFF	0.0016173990846209435
CASSYTAGGYGYTF	0.0016153748054161614
CASSGTGVSPLHF	0.0015920955945611665
CASSRTTGQLPETQYF	0.0013957405116972973
CSARPGRTATTGELFF	0.0013947283720949063
CASSPYTRTTYYNEQFF	0.0013279271583370952
CAWSVGQGGDTEAFF	0.001326915018734704
CASNWGGEDTF	0.001235822454519507
CASSSLPVGSGNTIYF	0.0011690212407616959
CASCKWGGANEKLFF	0.0011356206338827902
CATSDSGLAGVNEQFF	0.0011022200270038847
CASSLRGQAPQPQHF	0.0010991836081967114
CASSSGTDYEQYF	0.001081977234956063
CASRHSTGSQHF	0.0010475644884747665
CASSPRPNTGELFF	0.0009716540182954354
CASSLVPRLSSYEQYF	0.0009595083430667425
CAWGGLTGNTGELFF	0.0008957435481161045
CASRKRGEAFF	0.000837039451177422
CASSEAYGGGSNQPQHF	0.0008076874027080807
CASSSEPGSYEQYF	0.0008016145650937343
CSAPERVSEQYF	0.0007368376305407052
CASSRRTGRANYGYTF	0.000670036416782894
CASSSITVTGELFF	0.0006538421831446368
CASSHGHLSNQPQHF	0.000643720787120726
CASSHRENQPQHF	0.0006093080406394294
CASSTGTSNSPLHF	0.0005961502258083453
CASTEGTGTSGARETQYF	0.0005850166901820434
CASSHEASTGELFF	0.000579955992170088
CASSDSTTPGHEQFF	0.0005728710149533505
CASSFGPQLAKFF	0.0005556646417127022
CASQTGAYYNSPLHF	0.0005536403625079199
CASSPGLDYEQYF	0.0005394704080744449
CASSLLDRDRGNQPQHF	0.0005242883140385787
CASSLETDNEKLFF	0.0005192276160266233
CASSYSTSGSWNEQFF	0.0005111304992074947
CASSQDWLAGGTDTQYF	0.000503033382388366
CASSYSRQPGNTIYF	0.0005010091031835839
CASSEYIGTPPHEQYF	0.0005010091031835839
CASSSGTGGGSYEQYF	0.0004929119863644552
CASRHTGTEKLFF	0.0004918998467620642
CASSFWTGLAGDPGETQYF	0.0004878512883524999
CASKGGGREKLFF	0.0004858270091477177
CASRSGFAEAFF	0.0004736813339190248
CASSLPLAGGIGEQYF	0.0004686206359070694
CASSLRGEQYF	0.00045951137948554966
CSARRGEGNYGYTF	0.00045141426266642103
CASSDSGNTGELFF	0.00045040212306402997
CALGAGGPYEQYF	0.0004483778438592478
CASSLGATGFYEQYF	0.0004352200290281638
CASGFWPNEKLFF	0.0004352200290281638
CASSQEVGRGDYQPQHF	0.00043218361022099054
CASSDLGQGRSYNEQFF	0.0004301593310162084
CASSYDGDEAFF	0.0004170015161851244
CASSAAGRGYGYTF	0.0004149772369803422
CASSLDLYEQYF	0.00041396509737795116
CASSLRDYEQYF	0.000411940818173169
CASLRPGQGATNEKLFF	0.0004078922597636047
CSATPGHSYEQYF	0.00040586798055882253
CASTRWSATNEKLFF	0.0004018194221492582
CASSYRSGIWDEQYF	0.00039979514294447607
CASSRTSGATYEQYF	0.0003825887697038277
CATSRDSGQGSPYEQYF	0.00037955235089665447
CASSKASSSNEQFF	0.000373479513282308
CAWSTADPNEQYF	0.00036740667566796155
CASSQVRGRNSPLHF	0.00036740667566796155
CASSISGSYEQYF	0.00036639453606557044
CASSGTGGYGYTF	0.0003643702568607883
CASSLGSWEQYF	0.0003582974192464418
CAWSHGSEAEAFF	0.0003562731400416597
CASSRFESYNEQFF	0.0003410910460057935
CASSYSVSHSGEAFF	0.0003400789064034024
CASTIQGHEQYF	0.0003390667668010113
CASSSGTGDSPLHF	0.0003370424875962292
CASSLTGTSGSLPAGEQYF	0.0003319817895842738
