TCR	Abundance
CASIRQGSNEAFF	0.0626556596602602
CASSQGLAEQYF	0.01598709523386828
CASNDRGPGNEQFF	0.014801505556048701
CSASFSTGYSYNSPLHF	0.014185243795805135
CASSSSGGEADTQYF	0.013822016665595351
CSARLAGGQETQYF	0.013781204628493127
CASSKERGGYNEQFF	0.012497666061628217
CASSLWGTGVSYEQYF	0.009579605408819277
CASTPRGGSDNEQFF	0.008040991610065473
CASSLGGRGSNTEAFF	0.0073053546412979046
CATSRGGEQYF	0.007293111030167237
CASSLNSGGIGNEQFF	0.006847239524825452
CASSDSGAIHNEQFF	0.006486052996470779
CASSLNGQGARSYNSPLHF	0.005749395726775655
CASSFKPGQGAGGANVLTF	0.0052331234574325355
CASSINRGTVYSNQPQHF	0.004861733919802306
CASSFRDTQYF	0.004696445169538304
CASSRTLTDEQYF	0.00433525864118363
CASSYTSGGYNEQFF	0.00422710674286274
CSARSGGDTYEQYF	0.003992437529524958
CATSASGTGDYEAFF	0.0038934683395520676
CASSLWSGGTYEQYF	0.0036863472512582863
CASRGSAGGPGNEQFF	0.003672063038272508
CSARDQTGPDNQPQHF	0.0035659517418067284
CATDKNSGNTIYF	0.003043557666898275
CATLEHRQGMSPLHF	0.0029252027593018285
CASSSRPGQGAYSPLHF	0.0028425583841698273
CASSLVQVNTGELFF	0.002641559101441379
CASSRRFKETQYF	0.002628295189383157
CASRDRENTEAFF	0.002488513962308043
CASSLARDRGMTGELFF	0.002282413174941817
CASSPRDRGEKLFF	0.002258946253608039
CASSYGRGAYSYEQYF	0.0021814033831138156
CASSYTGTSGTDTQYF	0.0020691702810827026
CASSDTIGTGNEKLFF	0.0020089725263569237
CASSPRLAGAYNEQFF	0.001970201091109812
CATQGNTEAFF	0.001963058984616923
CASSFSVDHTRGEQYF	0.0018977597252533662
CATSRDRGSYNEQFF	0.0017804251185844753
CASSFRGQGNHEQYF	0.0017253288684964743
CASSRDSLPNEKLFF	0.0016824762295391403
CASSYLGGGETQYF	0.0015855476414213608
CASSQDGSSTDTQYF	0.0015794258358560274
CASSPMTRNFEETQYF	0.0015784055349284717
CASSPPEGTNQPQHF	0.0015641213219426938
CASRGGEAWDSPLHF	0.0015375934978262488
CASSFSESGAITYEQYF	0.0015212686829853598
CASRLGNTEAFF	0.0015100453727822484
CASNLQGIGGYGYTF	0.0014671927338249142
CASSIVSGSNQPQHF	0.0014569897245493586
CASSTGSMETDTQYF	0.0014069949790991355
CASNPSPYRTGPGELFF	0.001386588960548024
CASSQEGQGSNGYTF	0.001345776923445801
CASRAVFSGWIEDTQYF	0.001329452108604912
CASSLTGESPLHF	0.0012712949557342442
CASGFGTGDYEQYF	0.001197833288950243
CASSYSPTGANVLTF	0.0011621227564857979
CASTPKTVYGYTF	0.0010437678488893515
CASSFSKGPDTQYF	0.0010437678488893515
CASSGRGGFSTDTQYF	0.0010427475479617958
CASSSRGLGNTIYF	0.000996834006221795
CASSLLAGSYNEQFF	0.0009652046774675723
CASSLLSAGAGNEQFF	0.0009294941450031272
CASSERPDGLSYEQYF	0.0009284738440755717
CASRWDSSDYGYTF	0.0009182708348000159
CASSQDRTSHITDTQYF	0.0009172505338724603
CASSDGVLDAYGYTF	0.000884600904190682
CASSERGTGGTDTQYF	0.0008458294689435703
CASSLTSTDTQYF	0.0008284843531751254
CASSQDSALAEKLFF	0.0008090986355515696
CASSLTGSADTQYF	0.000808078334624014
CASSLTGQAIYEQYF	0.0008029768299862362
CSATPGGTGNTIYF	0.000786652015145347
CASSPDTGGHQPQHF	0.0007580835891737909
CASSLALNLYEQYF	0.000738697871550235
CGTAAQGWGTDTQYF	0.0007335963669124571
CSARVIGNTYEQYF	0.0007121700474337901
CASREGQGADGYTF	0.0006805407186795673
CASSPPSEQYF	0.0006754392140417895
CASSLRSTGNTEAFF	0.0006611550010560115
CASSLGLGDTDTQYF	0.0006591143992009003
CATRGDAANSYEQYF	0.000655033195490678
CASSPLLRGIQETQYF	0.0006519722927080113
CASSYHQSSGNTIYF	0.0006468707880702334
CASSSLGTDTDTQYF	0.0006274850704466776
CASSYSGGEGYTF	0.0006254444685915664
CASRPGQGINTIYF	0.0006223835658088996
CASSPAPAGFYEQYF	0.0006152414593160107
CASRETQGEQYF	0.0005978963435475659
CASEGTGNTIYF	0.0005948354407648992
CASSIRTSSYEQYF	0.0005938151398373437
CASRSGGAGEQYF	0.0005876933342720102
CASSQTIYGYTF	0.0005866730333444546
CASSSGQYSYNSPLHF	0.0005836121305617879
CSAPGRATDTQYF	0.0005764700240688989
CASSEETGSNQPQHF	0.0005591249083004541
CASSYRAVLYEQYF	0.0005540234036626763
CASSLSPGSYYGYTF	0.0005489218990248984
CSAPNGQGDVNEQFF	0.0005448406953146762
CSALATGYSEQYF	0.0005172925702706757
