TCR	Abundance
CASSLEELRRPEQYF	0.04463886013616301
CATSWDTGELFF	0.024591176750602118
CASRTGTGNLYEQYF	0.024442292772746333
CASSLPDEQYF	0.024128319758220523
CATQPGQKNQPQHF	0.019222238202210775
CASSNWESRDNYGYTF	0.0158343680938597
CASSSPRVGNTIYF	0.01545557484407695
CASSLEYLAGEYEQYF	0.014340464234422381
CASSLGGQEGGYGYTF	0.01420373405067727
CASSYSDRRLVAQHF	0.014051811624293814
CASSLASGYTF	0.01239484436053825
CASSLRTSGFYEQYF	0.011594719581585382
CAWLLGGADGYTF	0.010156520611821996
CASIWLKREFDNEQFF	0.009778740178215135
CATSRSPGGRQYEQYF	0.008920884877236551
CSARERGFSGRAYEQYF	0.008785167509667331
CASSDGHGSNTEAFF	0.008776052164084324
CAWVLNTEAFF	0.007971876120427894
CASRPRGANTGELFF	0.007503955047166849
CASRRTGGTYEQYF	0.006936777988668613
CASSFGPGAYPEQYF	0.006535702783016288
CAWSPDTEAFF	0.006438472430130876
CASSYTSSGSETQYF	0.005435784416000065
CASSLSEISYEQYF	0.005172452210268741
CASNPGQGRVGLFF	0.005102567894132351
CASKDGRSSYNEQFF	0.0050134400706540565
CAWSGGTEAFF	0.004160648850554922
CATSDWSAGNTIYF	0.004005687975643797
CASSLEQMRDEKLFF	0.0036005615052879135
CASSLDTGELFF	0.0033463446451395965
CASSYTTSGTDTQYF	0.0031964478511079196
CASSHDRRQGGLSGRSYEQFF	0.003111371292333184
CASSQDDPGQGYGNTIYF	0.0028976670792204558
CASKEGRDYEQYF	0.002795372645455595
CSAEDVGDYGYTF	0.0025452070500108373
CASSLASDSNQETQYF	0.0025431814176590578
CASSLWRERLHSGNTIYF	0.0023942974398032707
CAISERPLNYGYTF	0.0022839004766312923
CASSYVPQGSGGYTF	0.0022757979472241745
CASSPVGRAHEQYF	0.002274785131048285
CASSDEGLAGGYEQFF	0.002271746682520616
CASSLHPQETQYF	0.0021512215575897405
CASSYSTGPYEQYF	0.002072221895870343
CSVELGAGRQETQYF	0.0020651321826391155
CASRDSFSGSVYNEQFF	0.0020408245944177625
CAWRDIEGRPYEQYF	0.0019749915429849315
CASSPPGQGNYEQYF	0.0019365045283011224
CASSLGAGWDSPLHF	0.0019294148150698943
CASSLHDRGYRTEAFF	0.0018909278003860855
CASSPAGTGFYEQYF	0.0017167234181330556
CASSSIAGYEQYF	0.0016448134696448863
CASSYSGNSDEQFF	0.0016265827784788715
CSARYRPGTRGSYEQYF	0.00156277535939782
CASSYSSGELAGGTDTQYF	0.0015445446682318053
CASSLEGLAGAEDTQYF	0.0015040320211962169
CASSENYFGTHGEQYF	0.0014473143153463932
CAISTGDSNQPQHF	0.0013845197124412313
CASRLAGAGGELFF	0.0013733787345064446
CASSLMGYGSYEQYF	0.0013014687860182753
CAWFLNTEAFF	0.0012406998154648927
CSAQVSGRVTEAFF	0.001023957153824495
CATSRAETTYEQYF	0.0010138289920655981
CATSREDGQTYEQYF	0.0010077520950102599
CASSPLGDSDEEKLFF	0.0009996495656031423
CASSLGGTTEAFF	0.0009874957714924657
CASGQGSSYEQYF	0.000986482955316576
CASSLLPLAGASSYEQYF	0.0009804060582612377
CSARDLVGGIDEQFF	0.0009601497347434435
CASSFLDREETQYF	0.0009216627200596346
CASSLRLSRMNTEAFF	0.000906470477421289
CSGAGYDYGYTF	0.0008872269700793845
CASRPLALAGGPGDTQYF	0.0008760859921445978
CASSLEQAATNEKLFF	0.0008669706465615904
CASAGRGSSYEQYF	0.0008588681171544727
CASAIGTGETDTQYF	0.000843675874516127
CAWLVNTEAFF	0.0008355733451090094
CATSDLQRNTDTQYF	0.0008102529407117666
CATSTVAGEEQFF	0.0008102529407117666
CASSSLRFSGTRETTGELFF	0.000802150411304649
CASRTLSEAAYEQYF	0.0008001247789528696
CASSLDRAYEQYF	0.0007899966171939725
CAISESRLAGESLYEQYF	0.0007616377642690607
CASSQDLFGSGSSTDTQYF	0.0007585993157413916
CASSQGQHSNQPQHF	0.0007555608672137224
CSVLGASGANVLTF	0.0007504967863342739
CAWSGLAGAYEQYF	0.0007434070731030459
CASSHIAQGTYEQYF	0.0007272020142888106
CASSLALGADGYTF	0.0006897278157808914
CASSPTLDMTSFEQYF	0.0006735227569666561
CASKKENPSYEQYF	0.0006583305143283105
CASSPGTDISYEQYF	0.000656304881976531
CASSLPGSNEQFF	0.0006532664334488619
CASSQGRQTDTQYF	0.0006492151687453031
CASSYLGGTKNIQYF	0.0006330101099310678
CAWYTNTEAFF	0.0006168050511168324
CASRGDRGRSSYEQYF	0.000614779418765053
CASSLEFLAGVLYEQFF	0.0006117409702373839
CASSQDSASGRDEQYF	0.0005995871761267074
CATSEASGQTYEQYF	0.0005985743599508177
CATGVGNTEAFF	0.0005965487275990382
