TCR	Abundance
CATSDRASGQETQYF	0.006032936399881757
CASSPGTPRDEAFF	0.005928043406627754
CASSLRARYEQYF	0.004039969528055697
CASSLEASGMEQYF	0.0030969921139540526
CASSLVTNGYTF	0.001853109547487389
CASSPGAYGYTF	0.0012661325953387248
CASSYSRVWDTEAFF	0.0011474657746877314
CASSPSPSSYEQYF	0.001143227673950196
CASSYSGAGNQPQHF	0.0009811203207394639
CASRVRVFNQPQHF	0.0009694655437112413
CASSSLRDEELGGYGYTF	0.0008847035289605317
CASSEDRGRDYGYTF	0.0008423225215851768
CASSLTVDYGYTF	0.0008264296438194187
CASSYGASPADYTF	0.0008190129675287317
CASSYPAGWSRGNEQFF	0.0007861676868128317
CASSLSLNQPQHF	0.0007533224060969318
CASSQGQGGGYGYTF	0.0006971675713245865
CASSERQFLIPDTEAFF	0.0006537270387648479
CASSQVLSPDGLPNTEAFF	0.0006516079883960802
CASSSRGSGKAFF	0.0006304174847084027
CASSEEGGRGREQYF	0.0006145246069426448
CASSENPLVYGYTF	0.0006092269810207254
CASSGDSNQPQHF	0.0006071079306519576
CASTLPRGATDTQYF	0.0005933341032549673
CASSLPRGLGYGYTF	0.0005912150528861996
CASSYLGLTSTDTQYF	0.000588036477333048
CASSGQVNYGYTF	0.0005869769521486641
CASSMWGGRVYEQYF	0.0005785007506735932
CASSQDPGSNQPQHF	0.0005626078729078351
CASSLEVAGYEQYF	0.0005594292973546835
CASRDGRVVYGYTF	0.0005498935706952287
CASSSGQSGNTIYF	0.0005403578440357738
CASHLQGANGYTF	0.0005170482899793286
CASSSGRGTYEQYF	0.0005096316136886415
CASSLSSWGYGGYTF	0.0005043339877667222
CASSLKQGDQPQHF	0.000497976836660419
CASSQSPGTGREKLFF	0.0004926792107384997
CASSVQGLNTEAFF	0.0004916196855541158
CASSSDRGLNTEAFF	0.0004810244337102771
CASSDRGYSNQPQHF	0.00047996490852589323
CATGQGSNQPQHF	0.00047996490852589323
CASRTGTGNQPQHF	0.00047784585815712546
CATSDSSENGYTF	0.00046831013149767066
CASSLVGSYSNQPQHF	0.0004630125055757513
CASSEDPGKVTYGYTF	0.00046195298039136744
CASSDDSNTYGYTF	0.0004608934552069835
CASSLSVVEQYF	0.00045983393002259966
CASSTGNQPQHF	0.0004587744048382158
CASSHTSANSYEQYF	0.00044923867817876095
CATSTDRVNYGYTF	0.0004450005774412255
CASSLGQSNQPQHF	0.00044288152707245773
CASSLLGSNQPQHF	0.00044288152707245773
CASSLGPGSNQPQHF	0.0004344053255973868
CASSIGGANYGYTF	0.00043334580041300293
CASSSGIINQPQHF	0.00043122675004423516
CASSLQGDNQPQHF	0.000416393397462861
CASSSAEPNTEAFF	0.0004121552967253255
CASRPGTGGNTIYF	0.0004089767211721739
CASSEVQNYGYTF	0.00040791719598779
CASSERTAYGYTF	0.00040791719598779
CASSLREGNQPQHF	0.00040685767080340615
CATSELRGANYGYTF	0.00040367909525025456
CATSDGGPYGYTF	0.0003983814693283352
CASSGTGGNTIYF	0.00039626241895956743
CAISQDGTEAFF	0.00039626241895956743
CASSLNRGYEQYF	0.00039520289377518357
CASGRDRSGNYGYTF	0.00039520289377518357
CASRRDRGYEQYF	0.0003941433685907997
CATSDTVVGYTF	0.00039308384340641585
CASSKRQNIYEQYF	0.000392024318222032
CASSFTRSYGYTF	0.000392024318222032
CASSVGGTAGRGYTF	0.00038566716711572877
CASDSDYNSPLHF	0.00038566716711572877
CATSSGTAYGYTF	0.0003846076419313449
CASSNLRRDYGYTF	0.000383548116746961
CATGQNSNQPQHF	0.000383548116746961
CASSLGGGYGYTF	0.00038248859156257714
CASRLEKGIYGYTF	0.0003814290663781933
CASSEAAGGPYGYTF	0.0003814290663781933
CASSIPGRSNYGYTF	0.0003803695411938094
CASSLIGKNQPQHF	0.0003803695411938094
CASKTVGYNEQFF	0.0003803695411938094
CASRTLAGNTIYF	0.00037825049082504164
CASTKSSRLSNQPQHF	0.00037825049082504164
CASTSTGYSNQPQHF	0.0003771909656406578
CSAHRPGGDGYTF	0.0003761314404562739
CASSYHGTGVYEQYF	0.00037507191527189006
CASSGTGGYGYTF	0.00037507191527189006
CASRDSYSNQPQHF	0.0003740123900875062
CATSDPQGGNYGYTF	0.0003740123900875062
CASSRDRDGYTF	0.0003740123900875062
CASRIQGAIGYTF	0.00037295286490312234
CASSERDRNYGYTF	0.0003718933397187384
CASSKTGGPNTEAFF	0.000367655238981203
CASSPPGVGNTIYF	0.000367655238981203
CASNRDSNQPQHF	0.000367655238981203
CASSEGTDYGYTF	0.00036447666342805134
CASSAGSSGNTIYF	0.0003634171382436675
CASRRNLRQGKDYGYTF	0.00036129808787489976
CASRNSFTYEQYF	0.00036129808787489976
