TCR	Abundance
CASSLLGRINEKLFF	0.11559186740870131
CASSGLNTEAFF	0.0147966852175326
CASRKGQSVGNQPQHF	0.012966649063655198
CASSRSGVGYTF	0.01146463825811431
CSAPYNTGFFYEQYF	0.010647113783157981
CASRETGRSNQPQHF	0.01024698379168867
CASSLVGGDTEAFF	0.008387496445545761
CASSPGLFWRTGELFF	0.006671202827314458
CASSELGLASGTQYF	0.006472153389933785
CASSSGTDYTF	0.0034701628955599788
CSARTGAGGGNEQYF	0.0034549295202502338
CASIVGREGYTF	0.003064955112320754
CASRPGLGGTIVQYF	0.002301255230125523
CASSSRTSPDTQYF	0.0022768818296299304
CASSYSDNQPQHF	0.002249461754072389
CASSLGQPYSNQPQHF	0.0021550148271519682
CASSGNREGGFEQYF	0.0019600276231872284
CASSGLGIVSNGELFF	0.0018229272453995206
CASSPLTGNTGELFF	0.0018087094284437585
CATSRKDTGELFF	0.0017660559775764715
CATSDLRESGELFF	0.0017041069179835073
CASSVGQVETQYF	0.0016919202177357112
CSARWGVSFYEQYF	0.0016716090506560507
CASSLGQGAYEQYF	0.0016045821992931714
CASSSGGGDTSTDTQYF	0.0015619287484258846
CASSLAGGLEAFF	0.0015538042815940204
CASSSLVTFSGGEQYF	0.0015517731648860545
CASDSMTGLGQPQHF	0.00153349311451436
CASRFDRAGSGNTIYF	0.0014888085469391072
CASSSDGDYGYTF	0.0013506926107974165
CASSGNLNQPQHF	0.001171954340496405
CASSLSAGRGPTGELFF	0.0011039119307795426
CASTIGQGHTGELFF	0.001024698379168867
CASQGGESDTQYF	0.0010013405370272576
CASSFEGNYGYTF	0.000967827111345818
CASSLVLGTGVHEQYF	0.000922126985416582
CASRDTPNTEAFF	0.0008510379006377707
CASSGPDNQPQHF	0.0008307267335581103
CASSIIGGEAFF	0.0008226022667262461
CASSEEEGGTPLHF	0.0007972133078766706
CASSEFGETQYF	0.0007880732826908234
CASSQSGVGYTF	0.0007697932323191291
CASSYSSGEQYF	0.0007565909737173498
CSANSGDSTDTQYF	0.0007139375228500629
CASSLLGLAGEETQYF	0.0006905796807084536
CASSGSNTEAFF	0.0006682373969208271
CASSVAQGRGNQPQHF	0.0006499573465491328
CASSQVYRGQFDEQFF	0.0006458951131332007
CASNEHLNQPQHF	0.0006428484380712516
CASSDEGRGGQPQHF	0.0006306617378234554
CASSSGQGASGNQPQHF	0.0006286306211154893
CASRIQGIGYTF	0.0005951171954340496
CASSEVGRAHEQYF	0.0005839460535402364
CASSYGLDPSSEQYF	0.0005829304951862534
CASSLGSWVEQYF	0.0005758215867083722
CASSFSAGDSYEQYF	0.000563634886460576
CASGRDRGPHEQYF	0.000560588211398627
CASSLSYQSDEQYF	0.0005595726530446439
CASSEVVSTDTQYF	0.0005575415363366779
CASSLSGDTGELFF	0.0005484015111508308
CASSEGSVGGFNEKLFF	0.0005291059024251534
CASSPLTGSYEQYF	0.0005159036438233741
CASGLVQSGQSSYEQYF	0.0005159036438233741
CASSEATGDQPQHF	0.00050777917699151
CASSRLWGVAPLHF	0.0004945769183897306
CASSEVLDAGELFF	0.0004894991266198156
CASSLTAQPQHF	0.0004844213348499005
CASTRDGGNQPQHF	0.00047325019295608724
CASSYSGVTGELFF	0.00046817240118617216
CASSGGVNQPQHF	0.00046817240118617216
CASSVGVTDTQYF	0.0004661412844782061
CASRLAGETGELFF	0.000461063492708291
CASSQTGATTNEKLFF	0.00045801681764634196
CASSREAGGGTYEQYF	0.0004559857009383759
CASCKRGAWETQYF	0.0004509079091684608
CASSSGTGDNSPLHF	0.00044887679246049476
CSKADSGLSSYNEQFF	0.00044786123410651176
CASSQNTGELFF	0.00044278344233659664
CASSQDRGAHEQYF	0.00043872120892066456
CASKDRSSYNEQFF	0.00043770565056668156
CASSFPHGGNTEAFF	0.00043770565056668156
CASSQSGTPSYGYTF	0.0004356745338587155
CASGLVHRWVHEQYF	0.0004265345086728683
CASSLLDDEQYF	0.0004265345086728683
CSALTPDSFVGTQYF	0.0004245033919649023
CASTGYYEQYF	0.00042247227525693624
CASIAGSSGNTIYF	0.0004153633667790551
CSATGIGANVLTF	0.00041231669171710604
CASSSPRTDPNYGYTF	0.000409270016655157
CASSFLGNSGANVLTF	0.0004052077832392249
CASSFYRNTIYF	0.0004052077832392249
CASSLSSGYGYTF	0.0004001299914693098
CASSPHDNEQFF	0.0003991144331153268
CASKLGGNYGYTF	0.0003991144331153268
CASSQGISLNYGYTF	0.00039809887476134376
CASSLGGHTNYTF	0.00039809887476134376
CATSDTGVRQGEQFF	0.0003960677580533777
CASSLSTDGHSGNTIYF	0.00039505219969939473
CASSLTPGGTNYGYTF	0.0003930210829914287
CASGQTSGNTIYF	0.0003859121745135476
