TCR	Abundance
CASSSSSGLNYGYTF	0.1768521894752024
CSVLQGNQPQHF	0.0173439466315102
CASSEGYEQYF	0.009071140042516843
CAARRGVSYNEQFF	0.0062800200294347375
CASSRPSGRPGNEQFF	0.0055751301862473355
CASSGLASTYEQYF	0.005049002032398525
CATSRDRGGRLDGYTF	0.004832659760642161
CASRYSGSYSYNEQFF	0.004289264852709509
CASGGPNTEAFF	0.0031831768999269717
CASSPEEGLTDTQYF	0.0029962896792548074
CASSVGPGASSYEQYF	0.0027129117739964717
CASSLVGVSYEQYF	0.002568683592825562
CASSWTTPFNNEQFF	0.0023807806807367013
CASRGTATNEQFF	0.0023553883953192876
CASSPNKLPNTEAFF	0.0022040503742315025
CATSRDHESSYEQYF	0.0021796737802307854
CASSSNREYINTGELFF	0.0019805982625582625
CASNSGVWQPQHF	0.001727691099800823
CASSEVSGSNQPQHF	0.0017236283341340367
CASTTTGTYSSYNSPLHF	0.0017215969513006437
CASSYGTTYEQYF	0.0016728437632992095
CASSEGTSGSADTQYF	0.001569243238796162
CSALGHPKETQYF	0.0015255685078782106
CASSQGQHSNQPQHF	0.001431109206125432
CASSLFSGTGAYEQYF	0.0013955600065410528
CASSLGQGNQGYTF	0.0013701677211236391
CASSLVYGKGDYNSPLHF	0.0013518852756231013
CATSRDRQGGQPQHF	0.001319383150288812
CASSLGESTDTQYF	0.00125234751678684
CASSPTGQEWDYGYTF	0.0012503161339534469
CASSIRSGTHYEQYF	0.001243206294036571
CASSVRGGELFF	0.0012401592197864813
CASCVEPAGEQYF	0.0011975001802852264
CASSETRSFTGELFF	0.0011639823635342405
CASSRTGEVYGYTF	0.00114062146095022
CASSLGVSNQPQHF	0.001120307632616289
CASSGTNSPLHF	0.0010878055072819997
CASSPTPGLAGVTGELFF	0.00108475843303191
CASSREQSYEQYF	0.0010705387531981584
CASSLIAGAPNEQFF	0.001042099393530655
CASIKGTAQNYEQYF	0.0009720166857785934
CASSSYWGNQPQHF	0.0009689696115285038
CASSPTMSGGNNEQFF	0.0009557656231114487
CASNPLDRQTGELFF	0.0009313890291107316
CASSQNYEQYF	0.0008856829153593872
CASSPLARKRHEQYF	0.0008765416926091183
CASRLDGGYTNTEAFF	0.0008663847784421529
CASSEASGVPYEQYF	0.0008196629732741118
CASSEPEGLAADTQYF	0.0008095060591071464
CASSDSGGSNQPQHF	0.0007942706878566982
CATSSSGEQYF	0.0007881765393565189
CASSEQGLYPPYEQYF	0.0007729411681060707
CASSQAPGIYGYTF	0.0007546587226055329
CASSPGTREYQPQHF	0.0007516116483554432
CSAAPQTQYF	0.0007414547341884778
CASSPLGGTSSYNEQFF	0.0006937172376037402
CASSEGEENEQYF	0.0006845760148534713
CSARSGLAHEQYF	0.0006835603234367747
CASSSRTGHTISGANVLTF	0.0006662935693529335
CASSQDIWGAGNTIYF	0.0006591837294360577
CASSDLHAQGAVYEQYF	0.0006429326667689129
CATKTGVEQYF	0.0006378542096854302
CASSPIYSREDTQYF	0.0006297286783518578
CASSYQQGAPYEQYF	0.0006276972955184647
CASSYNDRPGMNTEAFF	0.0006266816041017682
CASSFRDDPHYGYTF	0.0006256659126850717
CASSLTGTNTGELFF	0.0006236345298516786
CASSFLPYTEAFF	0.0006195717641848924
CASGTDLYGYTF	0.0005951951701841753
CASNPRVGNTEAFF	0.0005657401190999756
CASSEGRGLNTEAFF	0.0005525361306829204
CGTGFGYEQYF	0.0005403478336825619
CASSPGTGRDTQYF	0.0005281595366822034
CASSYPIGPQRGGYTF	0.0005240967710154171
CSALSGTAYEQYF	0.0005240967710154171
CASSLSDTLGGGYTF	0.0005108927825983621
CASSHQTSTTYTDTQYF	0.0005047986340981828
CASSVRVRQPQHF	0.0005037829426814863
CASSPGQGNYGYTF	0.0005037829426814863
CASSAGRSNTEAFF	0.0005037829426814863
CASRGQRYSSYEQYF	0.0004915946456811277
CASSYSWTGTNEQYF	0.0004834691143475554
CASSIGWGSSYNEQFF	0.00047635927443067955
CASSYSRVGRPNTEAFF	0.0004682337430971072
CASSDNNYGYTF	0.0004631552860136245
CASSLVRTGGWDGYTF	0.0004570611375134452
CSVVRGGEGYGYTF	0.00045502975468005214
CASSYVRRGGNQPQHF	0.000452998371846659
CSARDYPPGTGMRNTEAFF	0.00044487284051308667
CASSVEGEDTIYF	0.0004428414576796936
CASSLSFNYEQYF	0.0004408100748463005
CASSPIGTHVGDYEQYF	0.00042659039501254884
CASGTRYPYNEQFF	0.00041541778942888685
CATSDPGQANYGYTF	0.0004133864065954938
CASTKNWEGYNEQFF	0.00041033933234540414
CASSDLEGGVDYSEKLFF	0.0004093236409287076
CATSRETGQGADEQYF	0.000406276566678618
CASSTTLLTYRSNTGELFF	0.000406276566678618
CASSLSVEGYYGYTF	0.00040322949242852836
CASFRGGSTGELFF	0.0004022138010118318
