TCR	Abundance
CATSRVGGETQYF	0.08343247238711034
CASSSASYGYTF	0.02726856615031886
CASSMEGAGGNTIYF	0.018543985781707142
CASRTPAGVNTEAFF	0.018315124049244447
CASSLSLRDAYEQYF	0.015082194351032661
CASSLLNPGLAGETGELFF	0.011998746415014978
CASSPSSGRFGEQFF	0.009954454453422515
CSVQKGRGLSGNTIYF	0.005384436165102091
CASTHNQREGYNEQFF	0.0051813471502590676
CASSLRRTSNEQFF	0.004250436589836477
CASNTGTSLYGYTF	0.004059718479450897
CASQGANTEAFF	0.0033576696514910033
CASSGPFSGRQLNEQFF	0.0032123115241160472
CASSLWGGIDSPLHF	0.002558715405281139
CASSIQDGYTF	0.0023968627386295924
CASSLNSGNTIYF	0.0021700628235764696
CASSYGPGVYNEQFF	0.0020164574265632185
CASTGPFEGYNEQFF	0.0019628501739142987
CASSEFGTGDEQYF	0.001758730250366488
CASSLSSTGELFF	0.0017040920890127812
CASRGIAGVYTGELFF	0.001446364912816051
CASRGDTQYF	0.001379355847004901
CASSPDRGRGYTF	0.0011144123098746621
CAWEMTSANSYEQYF	0.0010752377790927592
CASQHYYQPGSGELFF	0.0010546196049970207
CASRPGTGVGNTIYF	0.0007669960763614696
CATSGGIVPTSYNEQFF	0.0007288524542843535
CASSFGGDGYTF	0.0007020488279598935
CASSFPLRQPLDYGYTF	0.0006680288407019252
CSAREAGQGGNTEAFF	0.0006659670232923513
CASNREISYEQYF	0.0005535979744705768
CATYLGIEAFF	0.0005432888874227076
CASSLAGTGDYGYTF	0.0005226707133269691
CSAWTGVLNQPQHF	0.0005216398046221823
CASSEALFSSSSGNTIYF	0.0004834961825450662
CASKPDRAPNSPLHF	0.0004690634606780493
CASSSPQGQPQHF	0.00046597073456368853
CASRGGKGNEKLFF	0.00045772346492539316
CSAWGRGLNLNQPQHF	0.0004515380126966716
CASTLASFGNTIYF	0.0004474143778775239
CASSVASLSYEQYF	0.00043607438212486777
CASTPDSNYGYTF	0.000432981656010507
CASSEVGVGYTF	0.0004175180254387032
CASSLIPGVYNEQFF	0.00041236348191476857
CASTIITARDNLNMNTEAFF	0.0004113325732099817
CASSFDRVGYGYTF	0.00041030166450519475
CASSEFVSVDGYTF	0.00040617802968604706
CASSEQGRNYYEQYF	0.00040102348616211244
CASSEAVGDESGGYTF	0.0003989616687525386
CATSPGTGNQPQHF	0.0003979307600477517
CASSYDYNSPLHF	0.0003700962250185048
CASRLRYTEAFF	0.00036287986408499635
CAWSVSGDQPQHF	0.00036081804667542253
CASGNSNYGYTF	0.00035463259444670097
CASSYGGGNQPQHF	0.00035463259444670097
CSAKDRDRELYEQYF	0.00035257077703712715
CASTNPGQPVERGNQPQHF	0.0003505089596275533
CATPGTGANNYGYTF	0.00034844714221797946
CASQGQGDGYTF	0.00034844714221797946
CASSVDSKGGAWQYF	0.0003443235073988318
CASSLQTGAIYGYTF	0.00033916896387489715
CASSSPQSDSYEQYF	0.00033813805517011027
CASSLGYGYGYTF	0.00033298351164617564
CASRRDSNTEAFF	0.00033298351164617564
CASSLRLSGYTF	0.00032679805941745414
CASSIGLVGEQYF	0.0003216435158935195
CASSTRQAGNTIYF	0.0003206126071887326
CASGENYGYTF	0.00031442715496001107
CASTREVGEQYF	0.0003113344288456503
CASSYSDRSNQPQHF	0.0003103035201408634
CASNWSYSNQPQHF	0.0003072107940265026
CASRSGTSSYNEQFF	0.0003061798853217157
CASSVGAGNNSPLHF	0.00030514897661692875
CASRRTANQPQHF	0.000302056250502568
CASSLEASNQPQHF	0.00030102534179778106
CASSPILAASYNEQFF	0.00030102534179778106
CATLWGQVSNQPQHF	0.00029896352438820725
CASGQSNYGYTF	0.0002958707982738465
CASSPVGGARGYTF	0.00029483988956905956
CASSLGPGGKPQHF	0.0002938089808642726
CASSYSGVTGELFF	0.0002917471634546988
CASSLGQGYYGYTF	0.0002917471634546988
CASSLSLGDVGGRLATHNEQFF	0.0002917471634546988
CASSYPPRGSLVSRYEQYF	0.0002876235286355511
CASSLGQFYGYTF	0.0002845308025211903
CASSLTSMGVYEQYF	0.0002834998938164034
CASTTGQGGSYEQYF	0.0002824689851116165
CASTPSGLAYEQYF	0.00027937625899725573
CASRPWDTEAFF	0.00027731444158768186
CASSSGQGRNQPQHF	0.00027731444158768186
CSARGRGDYEQYF	0.0002742217154733211
CASSPVTPSTDTQYF	0.0002721598980637473
CASSGLTSSYNEQFF	0.0002721598980637473
CASSEIGSSYEQYF	0.00027112898935896035
CASSAWTGDTEAFF	0.0002690671719493865
CASRRSGTVNQPQHF	0.00026700535453981266
CASSGPTSGVGNNEQFF	0.00026700535453981266
CASRGRDRDYGYTF	0.00026700535453981266
CASRGTRGRSEQYF	0.00026597444583502573
CASSLGTTGAGELFF	0.00026597444583502573
