TCR	Abundance
CSARESSYEQYF	0.35033303234498586
CASSFSGTSGGPGSFYEQYF	0.022581292448059034
CASSYSSSGDQPQHF	0.010811010030897376
CASSFAQTGNKNYEQYF	0.009112575784566054
CSASGSDSLTYETQYF	0.007942406801108129
CASSFTRTGTGAYEQYF	0.00718686462281246
CASSYSSEADGYTF	0.006642219041710432
CASKQGAQHGYTF	0.005411647634784425
CASSPQRSRTDTQYF	0.005171061710801387
CASSRRPSGSLLGTDTQYF	0.003967108320996907
CASSFTGTGRLSSTDTQYF	0.0038893018094109024
CASSGLFVDSYEQYF	0.0033784406346554297
CASSFTATGAFSYEQYF	0.0028071770364318754
CASRDAGDRGRNSPLHF	0.0021099897418257094
CASSFPTLRTHTYEQYF	0.0020843954945934714
CASSRDRVGYTF	0.0020321832302397057
CASSESGLDGYTF	0.0018837365962927244
CSAEPHLAKNIQYF	0.0018253817126032215
CASSFSQTGTKPYEQYF	0.0017680505988030082
CASQGANTEAFF	0.00176395551924585
CASSPSGSDTGELFF	0.0013462574044157242
CASSLAWDRGAEAFF	0.0012653795831618518
CASSLTLGGGRASDTQYF	0.001144574736225688
CASSIGAGGIYEQFF	0.0010288887387359719
CASSFTATGTSVYEQYF	0.0009541535368178365
CASSLEQGEYSPLHF	0.0008589429371139108
CASSPFLAGRSYNEQFF	0.0008405150791066994
CASSETENQPQHF	0.000824134760878067
CASLSARSSYNEQFF	0.0007719224965243012
CASSDSGLAGDDF	0.0007197102321705355
CASSLSPPGELFF	0.0006603315785917431
CASSFTATGDPPETQYF	0.000656236499034585
CSARGGGDSYEQYF	0.0006296184819130574
CASSPFTSEQFF	0.0006142619335737145
CASPQGGYGPSYGYTF	0.0005968578454557926
CASSFTGTGLRAYQETQYF	0.0005651209788878174
CASTAAQGARGELFF	0.0005425980413234478
CASITGQGPSYEQYF	0.000529289032762684
CASSPIPGLADYEQYF	0.0004955046264161297
CATSDFRDTGELFF	0.00048219561785536587
CASRQGAYNSPLHF	0.00045045875128739063
CASSLAALSYEQYF	0.0004473874416195221
CASSEGPGEDYEQYF	0.0004402210523944954
CASSGVPLGSPLHF	0.00042486450405515255
CASSDSGSPTTYNEQFF	0.0004166743449408363
CASSVHEQETQYF	0.0004115554954943887
CATSAETGSSYEQYF	0.0003900563278193087
CASSEYEGDPGNTIYF	0.00038800878804072964
CASSEATGGSYGYTF	0.00038800878804072964
CASSSPNSPLHF	0.00036241454080849155
CASSLGQGTGELFF	0.0003511530720263068
CASSFGNNSPLHF	0.00034501045269056963
CASSEAETGELFF	0.0003388678333548325
CASRAQWDYNSPLHF	0.0003347727537976744
CASSDPGQGTPNQPQHF	0.00033272521401909533
CASSQQAGGGGETQYF	0.00033170144412980585
CASSYRAGEGHEQFF	0.0003255588247940687
CASSDPTGYTF	0.0003204399753476211
CSALTGGESQPQHF	0.0003173686656797525
CATSRGDSSYNEQFF	0.00031634489579046294
CASGRQEGIYEQYF	0.00031634489579046294
CASSLSPDRVSEQYF	0.00030303588722969916
CASRSGLAGETDTQYF	0.00030303588722969916
CASSKGGEAYEQYF	0.0003009883474511201
CASMAGNQPQHF	0.000296893267893962
CASSLPAASRLYNEQFF	0.0002917744184475144
CASRKQGPETQYF	0.00029075064855822486
CASSFSQTGVKRAEAFF	0.0002887031087796458
CSARDRPLSSYEQYF	0.0002876793388903563
CSASWGEQYF	0.0002846080292224877
CAWSAGGSDTGELFF	0.0002825604894439087
CASSYSGDRGEQYF	0.00028153671955461916
CASSPSGDYNEQFF	0.000275394100218882
CASSYSGPSYEQYF	0.00027334656044030294
CASSEEVGGNQPQHF	0.0002651564013259868
CASSVEGGTGDEQYF	0.00026413263143669724
CASSPNLRDSSSPLHF	0.0002631088615474077
CASSDQEYNEQFF	0.00024775231320806485
CSAREDYEQYF	0.0002457047734294858
CASNIRAYGYTF	0.0002416096938723277
CSARDSGYTYEQYF	0.00023649084442588008
CASSGLGQGETQYF	0.00023546707453659055
CASSSHGQGEDEQYF	0.00023034822509014293
CAWSAAGLSYNEQFF	0.00022522937564369532
CAAKPGGGLYEQYF	0.00022420560575440578
CASSFSGTGGKAYEQYF	0.00022318183586511627
CASSEEPSGGGGEQYF	0.00022113429608653723
CASTKDISSYEQYF	0.0002201105261972477
CSARGLAGFYEQYF	0.00021908675630795816
CASSLVLAGTYEQYF	0.00021908675630795816
CASSSIKTGSYHEQYF	0.00021294413697222104
CASSPPGQTYEQYF	0.0002119203670829315
CASSSLAHSSYEQYF	0.00021089659719364197
CASSRSGDIYEQYF	0.00020884905741506293
CASSFGGGMNTEAFF	0.0002068015176364839
CASSLAGPRDGEQFF	0.0002068015176364839
CASSQSYGGRLYEQYF	0.00020577774774719435
CASSAGFRVQPQHF	0.0002037302079686153
CASSGGQGGAGELFF	0.0002037302079686153
CASSEAAAEGAYEQYF	0.00020168266819003627
