TCR	Abundance
CATSRDLAGSYEQYF	0.14582568709402918
CATGRGPGTEAFF	0.05990856029743828
CSATDREGNYEQYF	0.03530198790360706
CASSLVLGQGSYEQYF	0.032089296552761847
CASSWDWDTGELFF	0.03156469252205421
CASNSGWGRASIYTF	0.013636654774964188
CASSQVETGEYEQYF	0.012114693081225173
CASSSGHEQYF	0.010834699913277667
CASSIDRNNSPLHF	0.006366415581959721
CASSLVRTEAFF	0.005953645743844799
CASSIRPRWNTEAFF	0.00539752480431558
CSVGDSVNYGYTF	0.005314157497110103
CASTSPEGLDQPQHF	0.004383900349634353
CASTHPPSGGVDEQFF	0.004094148123371414
CATSTIAGETQYF	0.003823712712192672
CATSRQGRGIYEQYF	0.0037006951003406875
CASSEIDSSFNEKLFF	0.003497360204717573
CASSLQALNTEAFF	0.0034719433427646837
CASSYSPRTDTQYF	0.003463809946939759
CASSLPEGLNQPQHF	0.0034434764573774475
CASIPDPYTEAFF	0.0032167580487576747
CANCRAYEQYF	0.0030784903197339565
CASGLSTGLGDEKLFF	0.0027765379997336313
CASSLFGTQYHNEQFF	0.00232208450801597
CSARERLAGGTYEQYF	0.0021461998233019757
CASTPNTEAFF	0.002068932562965192
CASSLDRDAYEQYF	0.0020414823520560716
CASSVGVAGDPQDGYTF	0.0020069154198001423
CATSRLAGEEQYF	0.0019825152323253684
CASSQDRNGMLGYTF	0.0018320474095642634
CASSVVVGGAVDEQFF	0.0017954471283521027
CASSPPRVGSSGNTIYF	0.0017120798211466258
CASSPWGQGERYEQYF	0.0016988630529311234
CASWEGRGETQYF	0.0016886963081499675
CASSPGLTEAFF	0.0016602294227627316
CASSLFPSGPYEQYF	0.0016297291884192642
CASTEQETQYF	0.0015148449723922045
CASSLRETNYGYTF	0.0014406277354897677
CASSLSENTEAFF	0.0014182608969712251
CASSLGAGAHEQYF	0.0013298102173751702
CASSGRTGPYEQYF	0.001313543425725321
CASIKLRTSLYEQYF	0.001306426704378512
CASSQRQGTETQYF	0.0012932099361630096
CASTGTGRYGYTF	0.0011986592096982613
CSAIGGGSYEQYF	0.0011956091862639145
CASSYVGRATNYGYTF	0.001161042254007985
CASSAGPLTEAFF	0.0010878416915836636
CASTPWEGARETQYF	0.0010624248296307744
CASSSLVGFGNQPQHF	0.0010410746655903473
CASSLVAGGETQYF	0.0009363571943444432
CASSLFGQGGNTEAFF	0.0009353405198663276
CASSLGGADGYTF	0.0009211070771727096
CAWGPGGAGNQPQHF	0.0008611232829638908
CASSTTGSPYEQYF	0.0008326563975766547
CASSASRGAVNTEAFF	0.0008296063741423079
CASRSGTGGEKLFF	0.0008255396762298457
CASSETPSYEQYF	0.0008143562569705744
CAISTGGQNTEAFF	0.0008123229080143433
CASSGTPGEQYF	0.0008031728377113031
CASSPAGGLAYEQYF	0.000788939395017685
CASSLNEQYF	0.0007757226268021826
CASSQDEGLAGGYEQYF	0.00075335578828364
CASSWQGVEAFF	0.0007523391138055244
CASSLSTDEKLFF	0.0007452223924587154
CASSEGQGSYGYTF	0.0007381056711119064
CASSPLGTAAEAFF	0.0007177721815495949
CASEPRVSYEQYF	0.0007086221112465547
CASSEETAPGGYGYTF	0.00069133864511859
CASSVDTSSSYEQYF	0.0006476216425596203
CASSAGQETFMNTEAFF	0.0006384715722565802
CASSLTRGELYGYTF	0.0006171214082161531
CASSGRTSGKAQDEQYF	0.0005713710567009523
CATSDSGGTEAFF	0.000560187637441681
CASSAYPGQGAVHEQYF	0.000553070916094872
CSAELMDSTYEQYF	0.0005500208926605253
CSVAPPDRFYEQYF	0.0005490042181824097
CALATGGPVEQYF	0.0005429041713137162
CATSRVTDTGELFF	0.0005266373796638671
CAWSGQGSYEQYF	0.000512403936970249
CASRADETNYGYTF	0.0005103705880140179
CSARGIGGAGQPQHF	0.0005012205177109777
CASSVGLAGLTYNEQFF	0.0004941037963641687
CASSLLQGAGNTIYF	0.0004920704474079376
CASSSPYVSYEQYF	0.000483937051583013
CASRGTGLTEAFF	0.00048190370262678184
CASSEGHHSNQPQHF	0.0004808870281486663
CASPHHGHLHEQYF	0.00047885367919243515
CASRPQDTSFYEQYF	0.00047783700471431954
CASLSGTGTYEQYF	0.0004758036557580884
CASSRTTGSEQYF	0.00047275363232374167
CASSENGVNSPLHF	0.0004605535385863548
CASSYRTVLNSPLHF	0.0004564868406738925
CSASTPMGNYGYTF	0.0004524201427614302
CASSVGVSPNEQFF	0.0004493701193270835
CASSPLGLHEQYF	0.00043615335111158105
CASSDYEAFF	0.0004310699787210032
CASSPEAAEPGELFF	0.0004300533042428876
CSVVEVRLATEAFF	0.00042395325737419414
CASTPLGQGGLYGYTF	0.0004229365828960786
CATSEAGGETQYF	0.00042090323393984745
