TCR	Abundance
CASSLYPGQPQHF	0.042413443200156484
CASQGSNTEAFF	0.033873905814465255
CASSPSTGTAYGYTF	0.011894428415407436
CASSRDRSNNEQFF	0.008572138816894061
CASSRTEGYEQYF	0.004277919050646324
CASHTSRDEQYF	0.0034414885813487213
CASRTGTGGQPQHF	0.003119549448220777
CASTTGTSANYGYTF	0.0021812395064143317
CASTWAGPTEQYF	0.002108905080933053
CASKGTGTLKTQPQHF	0.002054908960503366
CASSLQGAPLHF	0.0018898642150390402
CASSKGTEAFF	0.0018542063996609451
CASSFGRGEQYF	0.001738063801000864
CASSYSPAVGSGGYTF	0.0014986470406050825
CASSFSGEGVSGANVLTF	0.0014049179258969469
CASSWGQRTDTQYF	0.0013529593949174368
CASSRANTDTQYF	0.0011675387549513424
CASSPLGGLTYEQYF	0.0011043734819958595
CASSVGKETQYF	0.0010758472296933835
CASSGGIARELFF	0.0009851744991605132
CASMRFGRSSPNQPQHF	0.0009790617308099827
CASSFSGMTTGKNNEQFF	0.0008843138213767585
CASRTGQANYEQYF	0.0008782010530262278
CATSVATSEPRRFF	0.0008771822583011394
CASNDRVGGDEQYF	0.0008496748007237518
CASSMRHAPYEQYF	0.0008405056481979559
CASSRANSYEQYF	0.0008109606011703914
CAISPPQSLNTGELFF	0.000734550996788759
CASSFQRGAAGNTIYF	0.0006937992077852218
CASTTGQGTDTQYF	0.0006907428236099564
CASTGPNTEAFF	0.0006693481343830994
CAWSESGYTEAFF	0.0006571225976820382
CASSSSPPGQYF	0.0006550850082318614
CASSPTRTGLDEQYF	0.0006530474187816845
CASSLAGTQNTEAFF	0.0006387842926304464
CASSDPALMPGSLHF	0.0006387842926304464
CASSEAGTGYEQYF	0.0006336903190050043
CASSYSETYEQYF	0.0006255399612042969
CASSFSTGGEQYF	0.0006255399612042969
CASTTGGSYEQYF	0.0006214647823039432
CASSETSGRYEQYF	0.0006061828614276167
CASSGRSSYEQYF	0.0006041452719774399
CASSLVTVAGYGYTF	0.0005919197352763786
CASSGDRLYEQYF	0.0005796941985753175
CASTSGQGLETQYF	0.0005725626354996984
CASSGRRSTDTQYF	0.0005389424095717802
CASSVIGGAGNQPQHF	0.0005389424095717802
CASNERAGNTIYF	0.0005155101308947463
CASSSGTLKGNTIYF	0.0005083785678191273
CASSGINSPLHF	0.0005002282100184198
CSALQGDRNEQYF	0.0004992094152933313
CASSSTRGLELFF	0.0004829086996919165
CASSLPSTYEQYF	0.0004706831629908553
CASSYLFSDTPYEQYF	0.0004706831629908553
CASSLLTGNSPLHF	0.00046966436826576685
CSVDEQGGGYTF	0.0004645703946403247
CASGWTGGLEQYF	0.00046253280519014783
CASSSISGRNTEAFF	0.00046253280519014783
CASSEVSGGTDTQYF	0.0004543824473894404
CASSPDRQGNEQYF	0.0004513260632141751
CASSLEGGAYEQYF	0.00044928847376399825
CASSQGTGDLDGYTF	0.0004482696790389098
CASSEGTVAHTEAFF	0.00044623208958873294
CASSLAADNSPLHF	0.0004391005265131139
CASISTSGHSYEQYF	0.00043706293706293706
CASSPGDSYNEQFF	0.0004350253476127602
CASSGRNSPLHF	0.0004350253476127602
CASSPSVAGAPSAEQYF	0.0004319689634374949
CASSEASGTSGTTRDYEQYF	0.0004319689634374949
CSASWPSGPCLTDTQYF	0.0004248374003618759
CASSERDNSPLHF	0.000422799810911699
CSVSQGAHYEQYF	0.00042178101618661057
CASSDRFSYEQYF	0.00042178101618661057
CASSSANYGYTF	0.0004197434267364337
CASTGTNEKLFF	0.0004187246320113453
CASSGSNTEAFF	0.00041770583728625686
CASSSRTGSSYEQYF	0.00041566824783608
CASSELAGAGYEQYF	0.00041566824783608
CASKEGAGWADTQYF	0.00041464945311099155
CASSRLTGNNQPQHF	0.00041464945311099155
CASSFSGQGLTYEQYF	0.0004115930689357263
CASSLRGGKVQPQHF	0.00040955547948554944
CASSYGTGSGYRGEQYF	0.000408536684760461
CARGSTGERGNYGYTF	0.0004054803005851957
CASSEGATGGNTIYF	0.0004044615058601073
CASSEAPGGAKNIQYF	0.0004034427111350188
CASSFVNIAYYGYTF	0.00040140512168484197
CASSSRQGTYEQYF	0.00040140512168484197
CASSDWTSSYEQYF	0.0003993675322346651
CASHERGLGSGNTIYF	0.0003993675322346651
CASSEAQGMDTEAFF	0.00039121717443395764
CASSPGLLLAYEQYF	0.0003891795849837808
CASSENGEDEQYF	0.00038816079025869233
CASSPLAGTSGALSYEQYF	0.00038816079025869233
CASSQSGTASEQYF	0.00038714199553360393
CASSSSDSSLRPQHF	0.0003851044060834271
CASSDLRQGVYEQYF	0.0003851044060834271
CASSEVRQGFAEQYF	0.0003830668166332502
CASSEGDSESYGYTF	0.00038204802190816177
CASSYGTSGYEQYF	0.00038204802190816177
