TCR	Abundance
CASSPDLLRGLVETQYF	0.06303363576877906
CASGKINQPQHF	0.03541380589796689
CASSKLGQPQHF	0.025188506818804066
CSGYRDMNTEAFF	0.018607021026716013
CASREPGLFNYGYTF	0.011714748722762574
CSASSPGLYSNQPQHF	0.010346865231763227
CSARDTTSPDTQYF	0.005445106539519042
CASSLGGREQYF	0.005339396841605646
CASSYSSGANVLTF	0.003402795175832226
CASSFLSPTGTGVNEQFF	0.003126892864278262
CASSADAVSGANVLTF	0.002895388625847924
CATKFTGGAYEQYF	0.0028721324923069768
CASSYSIYTGAYGYTF	0.0028277344191833505
CASSDTHRPEYF	0.0025158908103388314
CASSRSPGDYGYTF	0.0023456981966982634
CASRDRESSYNEQFF	0.0023044714145120386
CASSFKGTDTQYF	0.0021998188135777764
CASSPPYEQYF	0.0021596491283706856
CSATRDRWNTEAFF	0.0020898807277478443
CASSFEPLYEQYF	0.0020296261999372084
CASSAEETGARGSGGLLGEQYF	0.0020285691029580744
CSASVPEVNSNQPQHF	0.0019778284479596443
CASSKLGNEQFF	0.001953515217439563
CSARPPGTSGGELFF	0.0018636619742131762
CASGDSHGYTF	0.0018499197134844347
CSARGPSGAGELFF	0.0017674661491119857
CASSRGGFPDTQYF	0.0016564709663029196
CASSVQENTEAFF	0.001471478994954476
CASSQGGSGYEQYF	0.001446108667455261
CASSLKPSGATEAFF	0.001443994473496993
CASSPRREGLYEQYF	0.0014239096308934478
CASSLTGADNTEAFF	0.0013530841332914723
CASSSQGPGDGYTF	0.0012991721873556402
CASSDLVAGELFF	0.0012568883081902817
CASRDRGNQPQHF	0.0012156615260040572
CASRRGGTLRYEQYF	0.0011437789314229477
CASSVRAQGTEAFF	0.0011427218344438137
CASSFQQGEFYEQYF	0.0011141802160071967
CASSFGGGPAFF	0.0011110089250697948
CASSEAGSGANVLTF	0.0010877527915288477
CASNQQGTNYGYTF	0.0010856385975705797
CASSHQGSGYEQYF	0.0010676679489253023
CSARGNQPQHF	0.001047583106321757
CASSSSAGTGSDTQYF	0.001047583106321757
CASSIVGANEQYF	0.0010465260093426231
CASRRTSGRTETQYF	0.0010391263304886853
CASSRWFFTSGANVLTF	0.0010380692335095513
CASSDLEGQGNQPQHF	0.0010348979425721496
CASSPLLGSNQPQHF	0.0010306695546556137
CASRRGYEQYF	0.0010010708392398627
CASSEWDRTYEQYF	0.0009672437359075759
CASSLGASFSGANVLTF	0.000964072444970174
CSARDNRDRDWYEQYF	0.0009461017963248966
CASSLSLGGNQPQHF	0.0009439876023666287
CSATEDLNEQYF	0.0009439876023666287
CSAKDRLPEQYF	0.0009239027597630834
CASSLDRGYEQYF	0.0008826759775768588
CASSFGQGDEAFF	0.000879504686639457
CASSFPGAGGYSIYF	0.000879504686639457
CSVVDRGTYEQYF	0.0008710479108063853
CASSRRGQGDEQYF	0.0008689337168481173
CASSQGLAGSYEQYF	0.0008160788678914192
CASSSGTGGGNQPQHF	0.0008023366071626777
CSARGWREGFSYEQYF	0.0007907085403922041
CASSYSAGLGYGYTF	0.0007833088615382664
CASSRLAGSSYNEQFF	0.0007801375706008645
CASSLGQGLSF	0.0007219972367484965
CASSGWGTTDTQYF	0.0007029694911240852
CASNPRTGGRNSPLHF	0.0006966269092492814
CASRRGSARNEQFF	0.0006860559394579419
CASSSQTGSALYEQYF	0.000680770454562272
CASSRGPGVTGANVLTF	0.0006786562606040041
CATKLGSEQFF	0.0006617427089378607
CASGSEGLSTEAFF	0.0006363723814386456
CATSDFRDSIYEQYF	0.0006268585086264399
CASSPSPEPYEQYF	0.0006258014116473059
CSAREWTATYEQYF	0.0006247443146681719
CASSTYDLNTEAFF	0.0006247443146681719
CASSSQTGTSVYEQYF	0.0006141733448768324
CASRVDYEQYF	0.0006141733448768324
CSARDDIGTGGYNEQFF	0.0006046594720646267
CASSFSSHMVSYEQYF	0.0006004310841480909
CASSGDSPPPYGYTF	0.0005951455992524211
CASSLGTGLEQYF	0.0005951455992524211
CASSQSPRGSFYEQYF	0.0005898601143567512
CASSSGGHTREAFF	0.0005877459203984833
CASTLTGSLWAFF	0.0005845746294610814
CSARAGAGDYEQYF	0.0005824604355028134
CASSLPETQETQYF	0.0005750607566488757
CASRDPGGELFF	0.0005750607566488757
CASSGSRGNYGYTF	0.000567661077794938
CASSEAEYNEQFF	0.0005666039808158041
CASNSGTSTNEQFF	0.0005549759140453304
CASSLGDRHNSPLHF	0.0005549759140453304
CASSDWTSGYSYEQYF	0.0005338339744626511
CASSLGTGGNTEAFF	0.0005306626835252493
CASSLQTGINQPQHF	0.0005148062288382398
CSAESRELVGGTEAFF	0.0005148062288382398
CASNPGAGTDTQYF	0.0005000068711303643
CASMGGNGVGNEQYF	0.0004978926771720965
