TCR	Abundance
CSARDVTGLTEAFF	0.09925786870619543
CSARDEDLAGGGEQYF	0.09684736025084965
CAWSTPGSVAQPQHF	0.034618697170205416
CASSADTGVDGYTF	0.010128880201752441
CASSFRQGAYGYGYTF	0.009802940675911934
CASSFQTGTGGGNEQFF	0.006559017230442339
CASSLVLGGNEQFF	0.00581637020953992
CASSQAVGGTNTGELFF	0.005560569569006865
CSARTSLTGMNTEAFF	0.005040716654375171
CASDSGGVTGWNYGYTF	0.004068055347832141
CASSAGEVDEKLFF	0.0039463437527398
CATSRDKTLGRTTEAFF	0.003489409544045673
CASSPGMGSQAFF	0.0031634700182051664
CASSWGGPSTGELFF	0.0031046771290503916
CSARGHSVNQPQHF	0.0025518176801563684
CASILGGSWVGQYF	0.0022341297878814446
CASSFTGNPGLALTDTQYF	0.0022258781543158623
CASSETGYRGTGELFF	0.0019463540672817572
CASSLTGSASGANVLTF	0.0016317605375939267
CATSDSREQYGYTF	0.0015378982057854267
CASSLGRRDTIYF	0.0014842625876091407
CAWGTYEQYF	0.0013367646376243546
CSASSGDPAIGELFF	0.0011634803327471236
CASSGQGAQSNGYTF	0.0011541972449858433
CASSPTSAAGELFF	0.0010809639970912992
CSARDLGTGDNQPQHF	0.0010417687376547825
CASSEVATGELFF	0.0010056678408053594
CASRATESSYEQYF	0.0009747242149344253
CSARGDRDTEAFF	0.0009066482380183702
CAWSVDGTGELFF	0.0009045853296269745
CASSPGTGFYGYTF	0.0009045853296269745
CASSPDWVVEPQHF	0.000817943177188359
CATSSGYMNTEAFF	0.0008107229978184744
CASSVGEGSPLHF	0.0008004084558614963
CASTLWTEGYTF	0.0007797793719475402
CASSLAQGASTEAFF	0.0007746221009690512
CASTRGLDYNSPLHF	0.0007715277383819578
CASSPDSTGPQHF	0.000765339013207771
CASSEAGGNTGELFF	0.0007601817422292819
CASPKRGTGPDYGYTF	0.0007560559254464908
CSARPLDRGDDSPLHF	0.0007478042918809082
CASSLEPGSGYTF	0.0007313010247497434
CASPGKNTGELFF	0.0006869484943347378
CASSPPSDKIVSNGYTF	0.0006673508646164796
CASRLGEGYTF	0.0006642565020293862
CATSGSTGELFF	0.0006364072387455454
CSARDVRGLTEAFF	0.0006343443303541498
CASSPRTSGGDTQYF	0.0006302185135713586
CASSDSLYNEQFF	0.0006034007044832156
CASSETGTDSYNEQFF	0.00060133779609182
CSAREGLADTGELFF	0.0005786458037864684
CSARGSGTGRTEAFF	0.0005642054450466991
CATSDFSISEGYTF	0.0005549223572854188
CASSLSGGGVYGYTF	0.0005477021779155343
CASSLDADEQFF	0.0005322303649800672
CASSIGGAGNTIYF	0.0005322303649800672
CASRLEGMGEKLFF	0.0005281045481972759
CSARGIDRGDDSPLHF	0.0005229472772187869
CAWKDSNQPQHF	0.000501286739109133
CASSLGAYNSPLHF	0.0004961294681306439
CASSLGTGGNEQYF	0.0004930351055435505
CASADRGRVLGYTF	0.0004806576551951769
CSASYSTGTGELFF	0.0004713745674338967
CASSQDTAYNSPLHF	0.0004713745674338967
CASTWDTQYF	0.0004672487506511055
CASSHESLNTEAFF	0.00046106002547691865
CSARPKDTGSSYEQYF	0.0004548713003027318
CATSRDPGQGADEQYF	0.00044765112093284715
CASTRWGYSNEQYF	0.00043630512478017133
CASSDKDTDTQYF	0.00043630512478017133
CASRPGQGAGQPQHF	0.0004352736705844735
CASSPPLTGQNTEAFF	0.0004301163996059845
CATREESYNSPLHF	0.0004259905828231933
CSARVGPDGINEQFF	0.00042495912862749546
CASSLASAGSSGANVLTF	0.0004239276744317977
CASSASPGGADEQYF	0.00041464458667051743
CASSLPPWGRTGGSPNTGELFF	0.0004125816782791218
CASLHRGRDGYGYTF	0.0004053614989092372
CAWSSQSGTNEKLFF	0.00037751223562539646
CASSLDRGRGNTIYF	0.00037648078142969867
CASSPRTGLAGNTIYF	0.00037544932723400083
CATQGDRTYEQYF	0.00037441787303830304
CASSLLGTYGYTF	0.00037338641884260526
CASSLAGGNYNEQFF	0.000369260602059814
CASSQSGTGYFSEQFF	0.000369260602059814
CSVEDPSLAGGELFF	0.0003682291478641162
CASTEVLQGMNTEAFF	0.0003682291478641162
CASSFGRETGYTF	0.00036307187688562723
CASSEGGQGSDTQYF	0.0003620404226899294
CASSRDYSAYEQYF	0.0003610089684942316
CATSEATNTEAFF	0.0003599775142985338
CASTGGLSNTEAFF	0.0003414113387759733
CSARSGQAESSPLHF	0.0003393484303845777
CASSMTGGAGELFF	0.0003383169761888799
CAIFSGGGTDTQYF	0.00032903388842759967
CASSDAGGPGSTQYF	0.00032903388842759967
CASTEISGRSYEQYF	0.00032800243423190183
CASRTLGVYTF	0.00032697098003620404
CSARDDRGVYGYTF	0.0003197508006663194
CASSVETLAGERREQYF	0.0003145935296878304
