TCR	Abundance
CASSPRGGSSYNSPLHF	0.38213893547958927
CASSDVAGNSYEQYF	0.08016181385976132
CASSPLTSGRGEQYF	0.04424038388055619
CASLMIRGGYTF	0.03761981184060752
CAWRGLAGREQYF	0.02581258874020087
CASSCDREGNQPQHF	0.0203262823838886
CASSEGVYEQYF	0.006254550134945439
CAISELWDGYTF	0.004404329516247752
CASRGLAGEAPSYEQYF	0.004156963063965345
CASRRGQGVNTEAFF	0.0019004983529014275
CASSRQGSYNEQFF	0.0018924539154288288
CASSGGQLSGANVLTF	0.0017526818143424275
CAGKGPYGYTF	0.0016822929864571895
CASRMGQLGSTDTQYF	0.001455037627856278
CATSRPGRQPQHF	0.00135548771413287
CASSDSDNTGELFF	0.0012901266596680061
CASSEDQGSTDTQYF	0.001237837816096115
CASSPGLAGGGTGELFF	0.0011342656836364074
CASSGGGASGREEQYF	0.0010347157699129993
CASSEQVYTF	0.0009874546997614825
CASSWTGGYEQYF	0.0009763935982366593
CASSYFPGQGNYGYTF	0.0009200825359284688
CASRTSEMGEQFF	0.0008476825986750812
CASSPGTGGNEQFF	0.0008446659346228566
CASSESETGGSYGYTF	0.0007461215755835234
CAISETGFMNTEAFF	0.0007390826927949996
CASSFTRTGRKPDTQYF	0.0007229938178498023
CASRDRTTIGYGYTF	0.0006837771851708839
CASSKGHNSPLHF	0.0006606494274371628
CATSRKTGGSYGYTF	0.0006415438884397411
CASSLRDPSYEQYF	0.0006013217010767479
CATSRENGPRDYGYTF	0.0005962939276563738
CASNVETQPPYEQYF	0.0005812106073952514
CASSPHLGLAGVEQETQYF	0.0005711550605545031
CASSDSGTGELFF	0.0005691439511863535
CASSEAEAGELFF	0.0005590884043456051
CSARGQLDYEQYF	0.000554060630925231
CASSEAEGGSYEQYF	0.0005490328575048568
CATSDNRDTYGYTF	0.0005269106544552106
CASNTREPYNEQFF	0.0005208773263507616
CASGARTYEQYF	0.00048166069367184324
CASSEGPGLYEQYF	0.00046858848277887046
CASSLEDQPQHF	0.0004524996078336732
CASSLEGLGNQPQHF	0.00044747183441329905
CSARYGSGQGDNSPLHF	0.00044747183441329905
CASAAGTAQGSTEAFF	0.00041328297515475486
CASSILLGGGYSNQPQHF	0.0004052385376821562
CASSRQTGANNYGYTF	0.00038914966273695894
CASSRTGDTDTQYF	0.0003851274440006596
CASLQGAFGNTIYF	0.000347921920689891
CASSEAEGAVKYEKLFF	0.000347921920689891
CASSLTGGILQPQHF	0.00034188859258544197
CASSETGFGSYNSPLHF	0.00033987748321729234
CASSFTATGIQAYEQYF	0.00033686081916506783
CASSFPRQGGNTEAFF	0.000335855264480993
CAWSGPSGSYEQYF	0.0003147386161154216
CASSLSSARGQPQHF	0.0003127275067472719
CASSDVGQRDTIYF	0.0003087052880109726
CASSDGQGGSPLHF	0.00030267195990652364
CASRENRADYGYTF	0.00029965529585429914
CASSVGSGLHYEQYF	0.0002986497411702243
CASRAHSPDQGGRYEQYF	0.00029663863180207463
CASSVDSSYNEQFF	0.00029261641306577537
CASRRIYRGKGYTF	0.00028959974901355087
CSARDRDTEAFF	0.00028658308496132636
CASSYSAEPYEQYF	0.00028658308496132636
CASSEAAGTGDSPLHF	0.00027954420217280254
CASSSRMDEQFF	0.0002785386474887277
CASSEATGGQETQYF	0.0002775330928046529
CASSYGTSGYEQYF	0.0002755219834365032
CASRTDNYGYTF	0.0002735108740683536
CASSLMNTEAFF	0.00026747754596390463
CASSYSWAGTLNTEAFF	0.0002584275538072311
CASSFTWTGTEPYEQYF	0.0002584275538072311
CATSDSGYEQYF	0.0002503831163346325
CSARGDPVAGGSLSSSYEQYF	0.00024937756165055767
CASSSGKIGPRQPQHF	0.00024837200696648285
CASRGALNTEAFF	0.0002463608975983332
CASSWTRRSEQFF	0.00024535534291425835
CASSLQTGGYEQYF	0.00024133312417795905
CAGLMSSYNEQFF	0.0002403275694938842
CASSQLTGTPSRHSPLHF	0.0002393220148098094
CASSYRDNYGYTF	0.00023831646012573455
CASSSPTGTGYYEQYF	0.00023831646012573455
CAWTGAGRNDGYTF	0.00023731090544165973
CASSFSGTGVERYEQYF	0.00023731090544165973
CASSQATGTGNEKLFF	0.00023429424138943523
CASRHEEEGSEKLFF	0.00023328868670536042
CASSMMEGGNSPLHF	0.00023127757733721076
CASSSNSADEQYF	0.00023127757733721076
CASSEGRENQPQHF	0.0002302720226531359
CASSLTIRGSNEQYF	0.0002292664679690611
CATRTGDYGYTF	0.00022725535860091144
CSASGGPLLGTDTQYF	0.0002262498039168366
CATSRETGSGANVLTF	0.00022323313986461212
CASSRQGAEGYTF	0.0002222275851805373
CASSSSLWTESSYEQYF	0.0002192109211283128
CASSFQYGLPTYEQYF	0.00021820536644423798
CASSIGGRQPQHF	0.00021820536644423798
CASSFGDSYEQYF	0.00021619425707608832
