TCR	Abundance
CASSYEVNNEQFF	0.042748091603053436
CASTPVAGGTNEQFF	0.021497118969033367
CSALTSGATYEQYF	0.01204184487695226
CSARGPLTTWNEQYF	0.010708382706694265
CASSPNIAGETTDTQYF	0.004563878533903607
CASSQPGDGGYTF	0.004367571746062422
CASSLEQLARTDTQYF	0.004083791467266097
CASSYSAEGTSEQYF	0.0038681591407255214
CASRVVQGLFYEQYF	0.0027147296204565914
CSAVSSTSFYNEQFF	0.0024757032207535943
CACSGSSNTGELFF	0.002261088027828776
CASKSGGLETGELFF	0.0022000600108833296
CASSEDGGSNEQYF	0.002151237597326973
CASSSGWSYNEQFF	0.0019000055942348867
CAWGDRGEFTDTQYF	0.0018318576419791386
CASSLTIAYYEQYF	0.0016355508541379539
CASSLGLASEQYF	0.001600968311202201
CASSPQTGRGNQPQHF	0.0015826599061185673
CASSSSPITYRGRGNTIYF	0.0015490944967985719
CSASLAGKAYNEQFF	0.0015389231606409977
CASRLLAGVKTGELFF	0.0015002720832422152
CASRLGGRGQPQHF	0.0014382269326810115
CASSPSGTGALAGEGEQYF	0.001403644389745259
CAPTLLNTEAFF	0.0013822845838143527
CASSELGQITDTQYF	0.0013721132476567784
CASSLAPRGGYEQYF	0.001338547838336783
CASSLGRILTEAFF	0.0013232908341004215
CASSFGSSYNEQFF	0.0012134404035986188
CASKKSAGGSEQYF	0.001195131998514985
CASSYVGGSYEQYF	0.001178857860662866
CASKGTATGSTEAFF	0.001173772192584079
CASSTSGTAYGYTF	0.0011452924513428706
CASSSGRQQFF	0.0010588360940034889
CSASIIGGSEKSLEQYF	0.0010527332923089441
CASSNPSDNYNEQFF	0.0010466304906143996
CAWSVLGFWGYTF	0.0009917052753634981
CASSLTPSSPETQYF	0.0009896710081319833
CASSQAASNYNEQFF	0.0009652598013538048
CASTSRGQAEGNTIYF	0.0009215230558762352
CASSQEDRPGNTIYF	0.000900163249945329
CASSLKGDSLALQTYEQYF	0.0008950775818665419
CSARSPSGDTEAFF	0.0008594779053150317
CATSDPPGSGRNEQFF	0.0008432037674629127
CASSAGVSQPQHF	0.0008157411598374621
CASSHRDSTYNEQFF	0.0008076040909114026
CSQPGLSNEQFF	0.0007760729488229221
CSARDHSGRPTYEQYF	0.0007272505352665653
CASSMSQGNSPLHF	0.0006387599106956685
CASSAGISSGNTIYF	0.0006265543073065794
CASSYSGQSRNEQFF	0.0006224857728435496
CASNPGTGLNNEQFF	0.0006204515056120347
CASSYPDNEQFF	0.0005909546307550691
CASSAPGTGVDTQYF	0.0005472178852774994
CASSIEGQGGQPQHF	0.0005390808163514401
CAIGASGAYEQYF	0.0005380636827356825
CASSDGQGATEAFF	0.000531960881041138
CASSLGGDFYGYTF	0.0005278923465781082
CASWIGLAGSYEQYF	0.0005187381440362913
CSAQRPNTDTQYF	0.0004973783381053852
CASSLGLGTHEQYF	0.0004495730581647858
CASSGTGGTGELFF	0.0004434702564702412
CATSDLVTPYEQYF	0.00043940172200721147
CASSYHSNQPQHF	0.00043838458839145404
CASTWGLSSYNSPLHF	0.0004363503211599392
CASSFLQDYGYTF	0.00043228178669690946
CAISGDGGNYEQYF	0.000431264653081152
CASSGAGRYEQFF	0.0004271961186181223
CASSGTSGSYNEQFF	0.0004251618513866074
CASSPLTSGEQYF	0.0004038020454557013
CASSSPATNYNEQFF	0.00039973351099267156
CASSLTQGTLYEQYF	0.00039057930845085465
CAISESMADYGYTF	0.00038956217483509723
CASSWTGAEQYF	0.0003783737050617654
CASSLGTGERTDTQYF	0.00036718523528843366
CASRPSVGNTIYF	0.0003610824335938891
CASSYGGLAAYNEQFF	0.00035701389913085933
CASSLSRSYGYTF	0.00035497963189934443
CATSGSGSLREQYF	0.00035192823105207216
CASSYGGLANYNEQFF	0.00034989396382055727
CASSEVAVYNSPLHF	0.000346842562973285
CASSFIGDTQYF	0.00034277402851025525
CATLLRDRGTQYF	0.00033361982596843834
CASSRTGRIYEQYF	0.0003315855587369235
CASTLRADRSDGYTF	0.0003264998906581363
CASSPGETQYF	0.0003264998906581363
CASSRREGYEQYF	0.000323448489810864
CASRLPGTSSYEQYF	0.0003203970889635917
CASRQTSGGTYEQYF	0.00031937995534783427
CSARDILSFGDSSYEQYF	0.00030920861919025994
CASSDGTSGNEQFF	0.0003061572183429876
CASSQENSGNTIYF	0.00030208868387995787
CASRGDLGEQYF	0.00030107155026420045
CASSARLVGWYEQYF	0.0002980201494169282
CASSYGGATPNSPLHF	0.00029293448133814096
CASRATDTQYF	0.00028886594687511127
CASSFTSSLNTEAFF	0.00028886594687511127
CASSEGDYRYEQYF	0.0002878488132593538
CASSYEPTVFHNEQFF	0.00028581454602783895
CASSYSSGNNEQYF	0.0002847974124120815
CSARNTGHTEAFF	0.0002837802787963241
