TCR	Abundance
CASRRGVNEQFF	0.13221259600115012
CASSLCTAGTENNQPQHF	0.013546589069864555
CASSFTSGSFYNEQFF	0.011493213497210518
CATSATGVSSQPQHF	0.007845703202392116
CATSDTSGTSGRVVNEQFF	0.006906901109798188
CSADGGQRSYEQYF	0.006068684955696466
CASSISGYGYTF	0.005740510631120883
CASSFDRGHIQPQHF	0.004921598849053019
CASSEAERQEAFF	0.002386629995133266
CASSLTARNEQFF	0.001955837692904018
CASSPPRVPYEQYF	0.0019477095362581828
CASSSGQSSGGYTF	0.0017912425208258614
CAWSVWQGTSPLHF	0.0017699061096305448
CASSPGAPGGRYTF	0.0017607619334039806
CSARASDREGKETQYF	0.0015413017039664389
CASSRGTPGEQFF	0.0013706104144039063
CASSYPTNNQPQHF	0.001309649239560145
CASSQGTSGFSYEQYF	0.001287296808784099
CASSYTDTGELFF	0.0012700244759116998
CASSFTWTSGAKSYEQYF	0.0011724865961616811
CASSETGGTYEQYF	0.0011470861066434472
CSARNSYNEKLFF	0.0010800288143153094
CSVDTSSSGNTIYF	0.0009936671499533138
CASNGKIQRASDGYTF	0.0009012093681069422
CASSFGGQGWTGELFF	0.0007803030380001484
CASSGQSPFYEQYF	0.0007691268226121254
CASSWGNEQFF	0.0007681108030313961
CASSGTGENEQYF	0.0007640467247084786
CASNLDRDDEQYF	0.0007620146855470199
CASSLWAGSPTDTQYF	0.000742710313513162
CASRPRGANTGELFF	0.0007274700198022216
CASSSRTGHTISGANVLTF	0.0006990214715417995
CASTVGAGDYGYTF	0.0006654928253777306
CASSLSFGNYEQYF	0.0006634607862162719
CASRGEKTGAREQYF	0.0006360282575365793
CASSSRSDGELFF	0.0006279001008907444
CASSWTSGSTDTQYF	0.0006035156309532397
CASSFSSTGAPYEQYF	0.0005842112589193819
CASSYSLLSGIAREQYF	0.000564906886885524
CASSAGSNQPQHF	0.0005608428085626066
CASSRLSGGTEAFF	0.0005608428085626066
CASSESMEGQPQHF	0.0005486505735938543
CSVAEVASDTQYF	0.0005425544561094781
CASSIAAYRGLSGEKLFF	0.0005415384365287487
CASSSLSGSLYEQYF	0.0005415384365287487
CSARQGDTEAFF	0.0005273141623985377
CASSSLATFSNQPQHF	0.0005242661036563497
CASSYSLGGNQPQHF	0.0005202020253334322
CASSYVGLAGGPSPYEQYF	0.0005171539665912441
CASRTHADTQYF	0.0005100418295261387
CASLAGVMDTQYF	0.0004927694966537395
CASSTDSSLYGYTF	0.0004826093008464459
CASWDSGAYEQYF	0.0004826093008464459
CASRVYSYEQYF	0.0004805772616849872
CASSIRDNTYEQYF	0.0004785452225235285
CASRPGLWVGEAFF	0.0004775292029427991
CATHTGLAGTLFDTQYF	0.00047651318336206975
CASSLDRSYRNEQYF	0.00047448114420061105
CASSPAPSGSYEQYF	0.00046940104629696424
CASSLANSGNTIYF	0.00046432094839331744
CASSQGASYGYTF	0.0004470486155209183
CASSEPPGEQFF	0.00043790443929435407
CASKIYGGLAGETGELFF	0.0004368884197136247
CASSLPQGLSGNTIYF	0.00042063210642195496
CASSAGLMVDTQYF	0.000409455891033932
CSVEGDRGRAETQYF	0.00040335977354955584
CASGRGRGEFYNEQFF	0.00039827967564590904
CASTRDRGTSYSNQPQHF	0.0003942155973229916
CASNLQGSDLHGYTF	0.0003810073427735099
CASSNSGRGRGYGYTF	0.0003708471469662163
CASLYLVPYEQYF	0.0003688151078047576
CASSEGGGTNEKLFF	0.00035560685325527596
CASSLPGLAKNNEQFF	0.000344430637867253
CASVLQGAGTQYF	0.0003434146182865236
CASSLPIGSSYNEQFF	0.0003291903441563126
CASSGGTGGYEQYF	0.0003241102462526658
CASSPTGTSYYEQYF	0.0003220782070912071
CASEGGNSYEQYF	0.000319030148349019
CASRQTGGNQPQHF	0.000319030148349019
CASKNDDRNYGYTF	0.00031496607002610153
CASSYLLSNSPLHF	0.00031090199170318413
CASSTGPRTYEQYF	0.00030378985463807857
CASSEEQPQHF	0.0003007417958958905
CASNKGQGNGYTF	0.00029972577631516117
CASRAQGGGTQYF	0.0002956616979922437
CSALLGSYNEQFF	0.00029464567841151437
CASSQNREPYEQYF	0.00029362965883078496
CASSLLISGGAYEQYF	0.0002875335413464088
CASRQDESYEQYF	0.0002875335413464088
CASSYALLAGEEYF	0.0002875335413464088
CATWGTEAFF	0.000282453443442762
CASSYSSGTDLTNSPLHF	0.00028143742386203265
CASSTRSTDTQYF	0.0002783893651198446
CASSQNTGELFF	0.00027737334553911525
CASSITSISNQPQHF	0.00027737334553911525
CASTFPGQGLYEQYF	0.0002753413063776565
CASSKNHGVPAYEQYF	0.0002753413063776565
CASSLTANYGYTF	0.000268229169312551
CASRADRAGSGNTIYF	0.0002661971301510923
CASSRGSGSVNEQFF	0.00026416509098963354
