TCR	Abundance
CASSQDQTGPSYEQYF	0.11992973845970371
CASSPPGPNQPQHF	0.04081981229900369
CASSYSERQKQYF	0.02250350195968249
CASAPGTSVPGDGEQYF	0.018110134358014486
CASSPGGYEQYF	0.017176278442684087
CASSRLDGAGLELYEQYF	0.013100260145576413
CASSHIGTRNQPQHF	0.012947649492746446
CATQRQNYGYTF	0.011789425597758746
CASSQTIDKYQPQHF	0.011789425597758746
CASSVWDNSPLHF	0.009434572477932095
CASSSFRKDYEQYF	0.008500716562601698
CASSRRGTQNEQFF	0.006717900724243667
CASSWTYNTYEQYF	0.0061913434386515285
CASCLTSGANNEQFF	0.006009423455145607
CASSPRGRMNTEAFF	0.004203362285561819
CASSLGEGYGYTF	0.0040790502968327735
CASSPYGDRENTGELFF	0.004000218303980207
CASSLEQNQPQHF	0.003991122304804911
CASRGSTGFYGYTF	0.003946652975503464
CASSYAAGAGYEQYF	0.0033847223597851727
CATREPGMENYGYTF	0.0029248690681452044
CASRSDSSSPLHF	0.0020880371440179656
CSAREDRGNSPLHF	0.0018828718292862876
CATTGTGTYEQYF	0.0017080265118055962
CASSEQGAPGELFF	0.0015281278614497405
CASSLQGWEQYF	0.0014725411998229312
CASSPLRTGGAETQYF	0.0012936532160421083
CASSAGFTEAFF	0.0012825358837167465
CASSEWEGAYEQYF	0.0012734398845414504
CASSQDPDGRSEKLFF	0.0012330132215401346
CASSGGTGDSNQPQHF	0.0011420532297871737
CASSVTGPPYEQYF	0.0010551359043343446
CASTQEGYINSPLHF	0.0009955065764074037
CASSFFPPAARYQETQYF	0.0009510372471059563
CSARGRLAAYEQYF	0.0009298132490302654
CASSLVGGYDEKLFF	0.0009075785843795416
CASSGGASSSYNEQFF	0.0008944399189041141
CASKVRGDEQYF	0.0008519919227527324
CASSSRIQGGTYEQYF	0.0007974159277009559
CASSLGRGTGLNEQYF	0.0007741705964751992
CASSPGQPEAFF	0.0007640639307248703
CASRQGNSPLHF	0.0007357652666239491
CASSLSGGQGSNQPQHF	0.0007165626016983241
CASSLMPRANYEQYF	0.0007024132696478635
CASSYSSSGEQYF	0.0006892746041724359
CAIGGLNNEQFF	0.0006852319378723042
CASRKQGMNTEAFF	0.0006801786049971398
CASSDPHSPDSNLGYTF	0.0006417732751458897
CASSPRGGMKDGYTF	0.0006144852776200015
CASSLGDSYSGNTIYF	0.0006063999450197383
CASSPGAENEQYF	0.0005962932792694094
CASHLSLNYGYTF	0.0005952826126943765
CASSLQERTYEQYF	0.0005902292798192119
CASSLGVSYEQYF	0.0005740586146186856
CASSLSIGQGSNSPLHF	0.0005477812836678303
CASRGGEQYF	0.0005477812836678303
CASSGIGKDSYGYTF	0.0005366639513424684
CASSFSPQGTNSPLHF	0.0005255466190171066
CASSQDLSSNQPQHF	0.0004942159551910867
CASSDQGGSGELFF	0.0004942159551910867
CASSGMGVLTYEQYF	0.000492194622041021
CSARETGTGSSYNSPLHF	0.0004891626223159222
CASKRGEQYTGELFF	0.0004871412891658564
CASSQSNEQYF	0.0004760239568404946
CASSQVLRGANTEAFF	0.0004689492908152643
CASSPELLKQYF	0.0004608639582150011
CATTGAGGYTF	0.00045682129191486955
CASSATGGINSPLHF	0.00044873595931460634
CASSSGQNSGNTIYF	0.00044671462616454054
CSARVAGIPEQYF	0.0004366079604142116
CASSTPQGLRGEAFF	0.0004295332943889813
CASSNRDRRSYEQYF	0.0004275119612389155
CASSQGAGQASPLHF	0.0004244799615138168
CASSVGDSYEQYF	0.000422458628363751
CASNSQGGGSGSPLHF	0.00041740529548858654
CASSLNVKYEQYF	0.00041437329576348786
CASSLGVQGGYEQYF	0.00041235196261342206
CASSYSKWARATQHF	0.00041134129603838913
CASSLIPGGGINSPLHF	0.00041033062946335626
CAWSRGGQPQHF	0.0004093199628883234
CASSQGRWYEQYF	0.00040830929631329046
CASSLSSVNTEAFF	0.000403255963438126
CASSFDSVGGDSPLHF	0.00039921329713799437
CASSITGGEYEQYF	0.0003941599642628299
CASSAGQVYTEAFF	0.0003911279645377312
CASSENWQGLQHF	0.00038809596481263254
CASSYGAGDSGANVLTF	0.00038607463166256674
CASSEALLGPWEQYF	0.00038405329851250094
CASSQMGLYGYTF	0.00038304263193746806
CASSVSNSPLHF	0.00038001063221236933
CASSYSINYGYTF	0.00037697863248727065
CAWSMDRGYEQYF	0.00037495729933720485
CATRGGRENGYTF	0.000373946632762172
CSARDIETGRDEQFF	0.0003719252996121062
CASKLQLYVTEQYF	0.0003699039664620404
CAAVANYGTGKTEQYF	0.00036586130016190877
CASRAGGGDAGELFF	0.0003618186338617772
CASSLGVQSGYEQYF	0.0003608079672867443
CASSSTQGSGYEQYF	0.0003608079672867443
CASSQEELREGAPLHF	0.0003567653009866127
