TCR	Abundance
CASSGLDGAYEQYF	0.02345157324161707
CASSQDNSYEQYF	0.02130707928092054
CASSSTPGLASYNEQFF	0.019076805561796147
CASSATITGSGNTIYF	0.013575667958809377
CASSLQDTGELFF	0.011563928386155964
CASSILASNQPQHF	0.010618308668248826
CASSYSTSAVGELFF	0.00902934076213273
CASSLGSSQPQHF	0.007977517533791098
CASSSPGGAYNEQFF	0.006382422502073011
CASNQGNGYTF	0.005798303194683289
CASSGPTSGEGHEQFF	0.005062026934844146
CASTRRTEDSPLHF	0.004969098863213963
CASTSAGLEEKLFF	0.004793454595956914
CASSPPALFGQPQHF	0.004415615183834192
CASSERGPTTVDGYTF	0.004212398851368187
CASGRTGGPEAFF	0.003915233259671668
CASSWTGKTGELFF	0.003907063758869014
CASSPILAGPGDEQFF	0.003668105860391401
CASSRVVTPNQPQHF	0.003063562800995045
CSARDLSGGDTEAFF	0.0030472237993897384
CASSQDNTYEQYF	0.0029982067945738176
CASSISAGNSPLHF	0.0027408675192902338
CATSSERGMGTDTQYF	0.0026479394476600507
CASTGRGHEQYF	0.002532545248822571
CASSEDSANTGELFF	0.002522333372819254
CASKKRYEQYF	0.0025100791216152735
CASSPGGVDYNEQFF	0.0024692316176020065
CASMLGADYYQPQHF	0.002396727297978457
CASSSGAGDYNEQFF	0.002389578984776135
CASSPDPYGYTF	0.002254782221532353
CASGKNYGYTF	0.002182277901908804
CASSEKAGDLGELFF	0.002027057386658388
CASSESPGIPDTQYF	0.0017993325517844231
CASSEAGGGMFGEQYF	0.0017983113641840914
CASSRLNSNQPQHF	0.0017360189205638588
CSAYGRNEGRPHQPQHF	0.0017339765453631955
CASNTLNTEAFF	0.0016563662877379878
CASIPRTSPYNEQFF	0.0016257306597280373
CASSYSSGSPDTQYF	0.0016247094721277056
CASSGLAGGHDTQYF	0.0015052305228888988
CASSDGTSRADTQYF	0.0014991033972869088
CASSVMGEQFF	0.0014541711428723149
CASSYSGTSGGEEQFF	0.0014368109536666762
CASSIQGSTDTQYF	0.0014102600760580524
CASRGFRDSYNEQFF	0.0013500100076384832
CASRKRFGYTF	0.0013265226928308547
CASSQDVVAGGTDTQYF	0.0013224379424295277
CSVSGRDYNEQFF	0.0012815904384162605
CASSGILELAQYF	0.0012652514368109537
CASSYQGSAEAFF	0.0012519759980066417
CSARRSGAFF	0.0012468700600049834
CASRTGGGEQYF	0.0012407429344029933
CASSITGATQPQHF	0.0012111284939933745
CASSPGTAEQYF	0.0012090861187927112
CASSEGTGGNSPLHF	0.0012070437435920478
CASRRDRASYGNQPQHF	0.0011855988039850824
CASSSGAYGVSSYEQYF	0.001174365740381434
CASSYLIGGEKLFF	0.001154963175975132
CASSTSRGNSPLHF	0.0011529208007744686
CASSLAAGVYEQYF	0.0011498572379734736
CASSPSGSGIYEQYF	0.0011386241743698252
CASSPPDDNEQFF	0.001106967358759543
CAWSLGVSGANVLTF	0.0010487596655406372
CASSQDLSGISYEQYF	0.001039568977137652
CAWSVPRGGGYNEQFF	0.0009987214731243847
CASNPSGIYSNQPQHF	0.0009803400963184145
CASSPFTRGGLGDGETQYF	0.0009497044683084641
CSVEDVSPDSPSGNTIYF	0.0009445985303068056
CASTQGQGGSGNTIYF	0.0009425561551061422
CASNSSLLDQPQHF	0.0009384714047048155
CASSSSPSGAYGRQYF	0.0009098781518955284
CASTKRDGYGYTF	0.0008925179626898898
CASSTSGTSGRPSGTQYF	0.0008894543998888948
CASSLTGNTGELFF	0.0008577975842786127
CASSGRENTEAFF	0.0008475857082752958
CASSLPYTTSGGWYEQYF	0.0008445221454743008
CSASGDRVAHGYTF	0.0008353314570713156
CASSQAQTRGHGYTF	0.0008281831438689939
CASRRTAHQPQHF	0.0008016322662603701
CASSGRYNEQFF	0.00078937801505639
CASSSSMNTEAFF	0.0007873356398557266
CASTPGLGDYGYTF	0.0007771237638524098
CASSLAGTGGYGYTF	0.0007658907002487613
CASNPTPDSSYEQYF	0.0007607847622471029
CASSYGWDNTGELFF	0.0007587423870464396
CSARLAGDTGELFF	0.000747509323442791
CASSPEGLPSTQYF	0.0007393398226401375
CASSSAGDSGANVLTF	0.0007311703218374841
CASSRTDMNTEAFF	0.0007311703218374841
CASSQDRGGGYTDTQYF	0.0007230008210348306
CAWSVSAGDAGELFF	0.0007230008210348306
CASSEQLAGDQYF	0.0007076830070298554
CASSLDIFYEQYF	0.0007046194442288604
CASSQGRGGRFVDTQYF	0.0007035982566285287
CAWSVLAGGYNEQFF	0.0006974711310265386
CATSRGVGIDNEKLFF	0.0006944075682255436
CASGGEWNTEAFF	0.0006831745046218951
CASSAHRFYGYTF	0.0006750050038192416
CASSFEIQGYQPQHF	0.0006668355030165882
CASRARLAGEEADTQYF	0.0006647931278159248
