TCR	Abundance
CASTPEAFSGNTIYF	0.025648169933831146
CASSQDSINEQYF	0.017402862225964773
CASTGQHYGYTF	0.017189247871080126
CASSYGQGATGANVLTF	0.009862378693877214
CASRPQGLGYEQYF	0.009603358389162013
CASTDRAYEQYF	0.006343417582009337
CASVFAWRDDGYTF	0.006140122761177087
CASSSGSTKAYEQYF	0.00585427166792565
CASMGSHYGYTF	0.005290825108664693
CASSYSETHEQYF	0.005172150467062112
CAWSDHRGLRSYEQYF	0.004932737277046467
CASSSPNSPLHF	0.003842994481113189
CASSQGDLEAFF	0.0034962581369526002
CASRTVYGYTF	0.0032908994093098706
CASSHTSGGAYEQYF	0.0032620047139631553
CASSYSAQGLDGYTF	0.003031879104594669
CASSQDLQPGTSAFF	0.002542733190510982
CAIKGQGSQPQHF	0.0024921674736542295
CAISDPDGGRNFPYEQYF	0.00242199464209792
CASSKGQGATGANVLTF	0.002184645358892755
CASSGTGVYEQYF	0.0021041529932840472
CATTPTGQEQYF	0.0020215967208648596
CASSDTGTGGFYGYTF	0.0017388414878291415
CASSVPEPGNTIYF	0.0015045880648396964
CASSVTRDTEAFF	0.0014695016490615415
CASDTRDSNQPQHF	0.0013704341221585164
CASSQNPGSYGYTF	0.001339475520001321
CASSPDRANYGYTF	0.0012889098031445684
CASSSVNTEAFF	0.0011950020432677424
CASSEGTGGYGYTF	0.001191906183052023
CASSFGLQTTPTGELFF	0.0011083179572275953
CASSYGDYGYTF	0.0010814871686913592
CASSPGQGVGQPQHF	0.0010123462905402894
CASSGQGITNEKLFF	0.000969004247520216
CASTFDRAGLYGYTF	0.0009463012726049394
CASSLNGVNTEAFF	0.0008720006274276704
CASSYPSGGVREQYF	0.0008585852331595524
CASSEEAKDEQYF	0.0008523935127281133
CASSQVGGTEAFF	0.0008503296059176336
CASSVQGVTNEKLFF	0.0008028597492766007
CSAPLAGESYEQYF	0.0007688052869036857
CASSILAVNTEAFF	0.0007213354302626528
CASSPSSSGLNEQYF	0.0006976005019421363
CSAPPGQRYYEQYF	0.0006748975270268597
CASSYRDNSYEQYF	0.0006573543191377822
CASSGARDYGYTF	0.0006480667384906237
CASSIGAAAFEAFF	0.0006284596237910666
CAISDLKRGTGGEAEAFF	0.0005892453943919524
CASIPSQGAGSRRGYTF	0.0005830536739605133
CASSLGGGISYEQYF	0.0005727341399081149
CASSESRQGGRKVQPQHF	0.000571702186502875
CASSVPRFNYGYTF	0.0005624146058557164
CASSLSVATEAFF	0.0005624146058557164
CASSQGEQPQHF	0.0005531270252085578
CASRIAGTLNYEQYF	0.0005489992115875983
CASSVLLRSGANVLTF	0.0005459033513718789
CASSLSQGGEAFF	0.0005324879571037608
CASSPKTYEQYF	0.0005097849821884842
CASSESWGSPLHF	0.0005087530287832444
CASSFRREMNTEAFF	0.0004953376345151264
CASTRDSLYEQYF	0.00047985833343652866
CATSGNSANQPQHF	0.0004716027061946099
CATSRDDGSLGQASQETQYF	0.00046850684597889034
CAISDRANYGYTF	0.0004540594983055325
CASSEHLNQPQHF	0.00044889973127933326
CASSITSGGASYNEQFF	0.0004292926165797762
CASSDATGKEAFF	0.0004272287097692965
CASSIGQSEAFF	0.0004231008961483371
CASSEDSYEQYF	0.00041897308252737773
CSARVRLASNYEQYF	0.00041484526890641835
CASSATDNSPLHF	0.00040349378144878003
CASSSGTRAYEQYF	0.00040246182804354016
CASSLGAAYNSPLHF	0.00038801448037018233
CASRRGFDTEAFF	0.00038801448037018233
CASSRDIPNYGYTF	0.00038801448037018233
CASSIQGVTNEKLFF	0.0003828547133439831
CASSDTPQGFINGYTF	0.0003807908065335034
CASSPGSGELFF	0.00037975885312826357
CASSFLSILNSPLHF	0.00037253517929158463
CASSPPSTILSPLHF	0.00037150322588634476
CASRITLRLSYNEQFF	0.00036943931907586507
CASTLTGGETGELFF	0.00034880025097106817
CSATHQTGYYGYTF	0.0003467363441605885
CASSPRTGTNYGYTF	0.0003426085305396291
CASSAINSPLHF	0.00034054462372914935
CASSDLQQGNQPQHF	0.00033538485670295016
CSARDSTGDSGELFF	0.00033332094989247047
CASSLEEGLRKLFF	0.0003250653226505517
CASKSPEGNQPQHF	0.00032300141584007196
CASSWDRAYEQYF	0.00032300141584007196
CASSVGFRGGAGTEAFF	0.00031990555562435246
CASSVAGYTF	0.0003157777420033931
CASSEGQDNSPLHF	0.0003157777420033931
CASSFGAGGDEQYF	0.0003116499283824337
CSARDRDTEAFF	0.0002982345341143157
CSATSPARDGGEQYF	0.0002982345341143157
CASSSLKYTGPYEQYF	0.000296170627303836
CASRLDQGAIGYTF	0.0002941067204933563
CASSIRRVDGYTF	0.00029101086027763675
CASSLYGGNYGYTF	0.00028894695346715706
