TCR	Abundance
CASSYLPTFFFPDKAEIGTF	0.09806932931881714
CASSPPPGYTF	0.08334775038369588
CASSFYRNNEQFF	0.017751688818338083
CASSFEGNYGYTF	0.006580245302317958
CASRRGWASGSGEQYF	0.0047490269755658815
CATSTRTGLPEQYF	0.003640178751190039
CASKLAGGPRDTDTQYF	0.0034347990162007175
CASSPGGNSYNEQFF	0.0034074824997243056
CSARGTENSYEQYF	0.00335689635810132
CASSQDPAPEQYF	0.00311205943264607
CAWTGTANTGELFF	0.0029036445291593695
CASSEAWGGKLFF	0.0027255813106464607
CASSLRALRDYGYTF	0.002626432473065409
CAWRRGQGSNQPQHF	0.0024524161458823386
CASSQQALGTHGYTF	0.0023654079822908037
CASSLTVYGYTF	0.002328985960322254
CASSPGGYGYTF	0.002305716335175681
CASSENGNYGYTF	0.002300657721013382
CASSPLSSGSYEQYF	0.002277388095866809
CASSGSLQGEQYF	0.002209602666092008
CASSGTGGFGYTF	0.0022004971605998707
CASSERRGLLAGGFYEQYF	0.0021873447637778946
CASSFQDRGYYEQYF	0.0021549696331391835
CASSLYEGSSYEQYF	0.00213271173082507
CASSYGQYSGNTIYF	0.0020922428175266816
CASRRGLASGYEQYF	0.0020892076490293026
CATSAGTGDSGPLRNEQYF	0.0020396332302387767
CASSSSGHYSNQPQHF	0.0019991643169403883
CASSSYGRPNYGYTF	0.001990058811448251
CASSDRGDYGYTF	0.0019435195611551043
CASTRSTYEQYF	0.0019293554415006683
CASSEAVGRPNYGYTF	0.0019253085501708294
CASSLARLVGGYTF	0.0019222733816734502
CASSLSTEGPDNNQQFF	0.0019212616588409905
CASSPRGASPLHF	0.0019010272021917963
CASKTGTDNQPQHF	0.0018979920336944173
CASSLKAVGAYEQYF	0.0018969803108619574
CASSEGVGGRDEQYF	0.0018909099738671992
CASSRDRLGGYTF	0.0018858513597049007
CASSEAPGQMSYGYTF	0.001884839636872441
CASKLNKDRVSREQYF	0.0018696637943855453
CASSEVLAGGRPYEQYF	0.001867640348720626
CASSLLAGNQPQHF	0.0018474058920714316
CASRSGTGRFGEQYF	0.0018342534952494555
CASSLVFGNQPQHF	0.0018332417724169958
CASSKGQGTFNYGYTF	0.0018302066039196166
CASSVTGGTGELFF	0.0018221128212599388
CASSSAAISSYEQYF	0.0018200893755950195
CASRPRPGTGAINYGYTF	0.0018170542070976403
CASSQDSFGELFF	0.001810983870102882
CASRSTGSDGYTF	0.0018099721472704224
CASSINSYYEQYF	0.0017958080276159864
CASSFQGGPYEQYF	0.0017897376906212282
CASSSSPYEQYF	0.0017614094513123562
CATSLQGPQPLHF	0.0017421867174956217
CASAGEFTGNTIYF	0.0017179053695165888
CASSPGTTLSYEQYF	0.0017128467553542903
CASSEDVGSSYEQYF	0.0016946357443700154
CASSPERGAQPQHF	0.0016905888530401765
CARIVGGPTSYEQYF	0.0016885654073752572
CASSEIEGTGYGYTF	0.0016875536845427973
CASSEDSGSSYEQYF	0.0016733895648883615
CASRFLLGLAGVAYEQYF	0.0016652957822286837
CASRTDSAASYEQYF	0.0016592254452339255
CASSEVGAGNQPQHF	0.001654166831071627
CASSEAQMSAGSPLHF	0.0016480964940768688
CASSSFSEGQEQYF	0.0016470847712444089
CASSPGTGGLGYTF	0.0016207799776004565
CASSWTGAYEQYF	0.0016197682547679968
CASSYSGYNQPQHF	0.0016167330862706176
CASSLDTGKGQPQHF	0.001615721363438158
CAWSTGQGLLGYTF	0.0016096510264433997
CASRSGTGIHEQYF	0.0016035806894486415
CASSILGQDNQPQHF	0.0016025689666161816
CASSSAGGFYSNQPQHF	0.001587393124129286
CASTRRTRLEGYTF	0.0015813227871345277
CASSQGQAHYGYTF	0.0015772758958046888
CASSPREGQGGQPQHF	0.0015732290044748502
CASSGQSSSPLHF	0.001570193835977471
CASSLSSGTRNYGYTF	0.0015610883304853335
CASSYRDYEQYF	0.0015610883304853335
CASSLAAGSPDTQYF	0.0015600766076528738
CASSPPGNTIYF	0.0015570414391554946
CASTMGAYEQYF	0.0015570414391554946
CASSTGSAGNTIYF	0.001541865596668599
CASSAGLGNRGPNGYTF	0.0015378187053387603
CASSSNRGNTIYF	0.0015307366455115422
CASSYLPGQGGYEQYF	0.0015256780313492437
CASSLSRGFGAFF	0.0015196076943544854
CASSLGPHYEQYF	0.0015196076943544854
CASSLEGGWTGQNTEAFF	0.001510502188862348
CASSPLDGTGYYEQYF	0.0015084787431974287
CASRGSGLAGTSSYEQYF	0.0015084787431974287
CASSELRGVVYYEQYF	0.0015074670203649688
CASSFGGGGSPLHF	0.001496338069207912
CASSLDGGGSYEQYF	0.0014953263463754524
CASSEIPSGAYEQYF	0.0014943146235429927
CASKGQNSIMNTEAFF	0.001483185672385936
CASTLGPGYGYTF	0.001482173949553476
CASTKGELASSYEQYF	0.001479138781056097
