TCR	Abundance
CASSDGDYEQYF	0.05683414889184796
CSARDWGDGGSYEQYF	0.014263424038689333
CASSQDRKTQYF	0.007601441046964734
CSAGGTGVEQPQHF	0.007569785395103381
CASSLSGPQNNEQFF	0.004302105202963786
CASSHEDSPRNTIYF	0.0033749009484441757
CASSLAGAASRDSPLHF	0.003373879798384132
CASSSHLQGINTGELFF	0.0023588566387007705
CASSLAAGANEQYF	0.002340475937619985
CASTKDRATNYGYTF	0.0020953999232095153
CASRDHREPPLYF	0.0019330370636625794
CASSPSPGGELFF	0.0019136352125217505
CASSIQGALNTEAFF	0.0018339855078383478
CASSFIRTGEGEEQYF	0.001591972943608009
CASSHRTGPREQYF	0.0015439788907859588
CASSLLRLAGPEQYF	0.0013489392293176267
CASSQDRSYEQYF	0.0013305585282368416
CASSPKAPGQGSYNEQFF	0.0012958394261953583
CASMLTGGLTGEAFF	0.0012304858223525664
CASGFVWGEQFF	0.0011150958655676369
CASSEVGDSSYEQYF	0.0010926305642466772
CASSIEAGNNQPQHF	0.001063017212505412
CASSEGDTNTEAFF	0.0010191077599235362
CASSSFGGRSTEAFF	0.001011959709503231
CASTTWGSSTEAFF	0.0010099174093831436
CASSWGGNTEAFF	0.000971113707101486
CASSLTAGVGEQFF	0.0009476272557204826
CASSGERRDTQYF	0.0008894217022979961
CASETRQGALFSYEQYF	0.0008802313517576035
CASSLYRGTEAFF	0.0008506180000163384
CASSPPTSGDEQYF	0.0007740317455130666
CASSSGEHGYTF	0.0007505452941320632
CASSLGTEVREKLFF	0.0007321645930512781
CASSLESSGRAVPYTDTQYF	0.0006974454910097949
CASSEYGTAYEQYF	0.0006902974405894895
CASSSPGRVSSYEQYF	0.000678043639868966
CASSLEGQYTEAFF	0.0006698744393886171
CASSESPRGLSGNTIYF	0.0006637475390283553
CASSSDSGPMWYEQYF	0.0006627263889683116
CASSLDGGGYGYTF	0.0006586417887281372
CSVEMGNPQETQYF	0.00064536683794757
CASSPLTSDYGYTF	0.0006423033877674392
CASSLPRFNYGYTF	0.0006004362353056506
CASSPWGNQPQHF	0.000599415085245607
CASSLGDGELFF	0.0005871612845250835
CASSPGYGHSSYEQYF	0.000561632533023993
CASSKGFFEAFF	0.0005473364321833822
CSSHSGLAETYEQYF	0.0005391672317030332
CASSPDRGSSYEQYF	0.0005279345810425533
CSGKWGYEQYF	0.0005269134309825097
CASSELGGREPQHF	0.0005187442305021608
CASSLLRLAREQYF	0.000442157975998889
CATSDAGRKNTEAFF	0.00044011567587880175
CASSYSRQGRPNYGYTF	0.0004390945258187581
CASSSHPGGRVLGNEQFF	0.0004390945258187581
CASLSSGTGSFGNQPQHF	0.00043398877551854
CASSEAGTGAYEQYF	0.0004033542737172313
CASSALRQGLTEQYF	0.0004002908235371004
CASSEYSGELFF	0.0004002908235371004
CSASTRLERFF	0.0003911004729967078
CASTGGQGISGANVLTF	0.00037884667227618433
CSANPTGLDTGELFF	0.00037680437215609707
CASSGLAGPNTEAFF	0.0003686351716757481
CASSLERDRAGYGYTF	0.00036557172149561724
CASSFGVYGYTF	0.0003594448211353555
CASSFSQGSSQPQHF	0.0003584236710753119
CASSFEDRISYEQYF	0.0003584236710753119
CASSRGGQETQYF	0.00035433907083513735
CASSLVPFSRVDLDSPLHF	0.0003482121704748756
CASAYTENTEAFF	0.00034616987035478836
CASSPRGGITSNQPQHF	0.00034616987035478836
CASSDFYSPGTNYGYTF	0.0003369795198143958
CASSFGVSYNSPLHF	0.0003257468691539159
CASSTRDRGDTGELFF	0.000322683418973785
CASSEQLTSGNTIYF	0.0003196199687936542
CASSATSGSGNTIYF	0.0003165565186135233
CASGGTGGDYGYTF	0.00031042961825326155
CASSQSAYEQYF	0.00031042961825326155
CASSEGPGEDYEQYF	0.0003094084681932179
CASRSFWNSNQPQHF	0.0003094084681932179
CASSLGTGWNQPQHF	0.00029919696759278167
CASSEVPEYEQYF	0.0002981758175327381
CSARGPSGWYGYTF	0.0002900066170523891
CASSDYLGYLDYEQYF	0.0002900066170523891
CASSDRDRNSPLHF	0.0002777528163318656
CASSYSYQPQHF	0.0002726470660316475
CASRQGAYGYTF	0.00027162591597160385
CASSLIGGKLGYTF	0.0002706047659115602
CASRTDSNYGYTF	0.0002644778655512985
CASSSRQGNYGYTF	0.00026345671549125486
CASSGGQGYGYTF	0.00026345671549125486
CASSEEGTGNTIYF	0.00026243556543121123
CASSLHTAELFF	0.0002593721152510804
CASSSSGTGNSYYGYTF	0.00025732981513099313
CASSRDREGGNTIYF	0.00025732981513099313
CASSEGGRGNSPLHF	0.00025426636495086224
CASSPQAWGYTF	0.00025324521489081866
CASSFLQETQYF	0.00025018176471068777
CASSLGGGDYNEQFF	0.0002481394645906005
CASSERGSFSEAFF	0.0002471183145305569
