TCR	Abundance
CASSWAYEQYF	0.006445195340989026
CASSETGGSYEQYF	0.005497943665497167
CASSLGLAGAGGNTDTQYF	0.003974573089421421
CATSRDTLAGSSTDTQYF	0.0034092429322941614
CASRVAGTSYEQYF	0.003222597670494513
CATSTISGSQYEQYF	0.0022839769897679556
CASSSGQAQPQHF	0.0018049567802937128
CAISGWRISYEQYF	0.0017844581677261212
CASSQDLNVDPSYEQYF	0.001718646832640696
CASSYSERIYEQYF	0.0015535790577543014
CASSEGPSSYEQYF	0.0013496718064240495
CASSYQGSGYGYTF	0.0013313309425477832
CASSLSIAGGPNNEQFF	0.001002274267120657
CASSQESGNTEAFF	0.000920279816850291
CASSYLDTGELFF	0.000917043193813303
CSARVAGNTGELFF	0.000883598089097759
CASSEGASVLGTQYF	0.0008221022513949845
CASSLDFSYEQYF	0.000809155759247032
CATAHGGIYNEQFF	0.0007638430367291982
CASRGEDSEKLFF	0.0007508965445812457
CASSLTESYEQYF	0.0007045049477177492
CASSEEDTGELFF	0.0006969528272981103
CASSLEWGSSYEQYF	0.0006440879843606375
CATSPRDVPNYGYTF	0.0006332992409040104
CASSLAVVYNEQFF	0.0005923020157688274
CASSSASGIYNEQFF	0.0005771977749295495
CASSEGIINYGYTF	0.0005739611518925614
CASSLSSPGQGYEQYF	0.0005631724084359343
CASRGLAGAKQYF	0.0005437526702140055
CASSEGILNYGYTF	0.000530806178066053
CASSYVANYNEQFF	0.0005286484293747276
CASSFSFRRDYEQYF	0.0005210963089550886
CASTRAGSEQYF	0.000512465314189787
CASSRAYNEQFF	0.0005081498168071361
CASSIESGKSGYTF	0.0004962821990048463
CASSPGLAGGRQETQYF	0.00046715259167195316
CASSLRREWREQYF	0.00046175821994363963
CASSEGGGISYEQYF	0.00045636384821532604
CASSYGILDYNYGYTF	0.0004153666230801431
CASNQGPLSYEQYF	0.0004013412565865279
CASSEAFGLTEAFF	0.000397025759203877
CASSEPAWGLTGSSYEQYF	0.0003959468848582143
CASSQDGGTGGYNEQFF	0.0003959468848582143
CASSVTSGTSNEQFF	0.00039378913616688893
CASKKREENTGELFF	0.0003819215183645991
CASSYSGESNEQYF	0.0003819215183645991
CASRATSGSYGEQYF	0.00036681727752532116
CASSPMTGSTDTQYF	0.00035279191103170594
CASSLFDPRGPQHF	0.0003430820419207416
CASSYVRGGGLETQYF	0.00033121442411845176
CASSVGGAVGTEAFF	0.00033121442411845176
CASSFGGPDYNEQFF	0.0003236623036988128
CASSEGGSPFYGYTF	0.0003150313089335111
CASSFLGNPNYEQYF	0.00031287356024218573
CASSQDSGTGGYNEQFF	0.000311794685896523
CASSSVQGQKGNTIYF	0.0003096369372051976
CASSLTSTLTYEQYF	0.00030855806285953486
CAISESNQPQHF	0.0003020848167855586
CASSEADGSSYEQYF	0.0003020848167855586
CASSPGGYDQPQHF	0.0003020848167855586
CASSETGGTYEQYF	0.00029453269636591964
CASSFLQLYNEQFF	0.00029021719898326883
CASSLGDRGLEISNQPQHF	0.0002880594502919434
CASSRGSGGYTF	0.0002869805759462807
CASSPPGTGGITEAFF	0.00028482282725495524
CASSSRRGLSGNTIYF	0.0002837439529092926
CASSSTGTLYNEQFF	0.0002761918324896536
CASSWGTDSNQPQHF	0.0002751129581439909
CASSSGQGADEQYF	0.00027187633510700274
CASRGLAGEEQYF	0.00026863971207001465
CASSLDAGAEPYF	0.00026756083772435193
CASSPEAALRSGNTIYF	0.00026756083772435193
CASSEGYIQYF	0.00026756083772435193
CASSEASGSTGELFF	0.0002621664659960384
CASSPGQIYEQYF	0.0002610875916503757
CASSLENTRGTYEQYF	0.00026000871730471296
CASSERGTRNDEQYF	0.00025785096861338753
CASSLAGPYEQYF	0.00025785096861338753
CASSLSGGAGNTIYF	0.0002556932199220621
CASSDSGLAGADTQYF	0.0002556932199220621
CASRDRNAGELFF	0.0002535354712307367
CASSEEQGGPYEQYF	0.0002513777225394113
CASSFYSGKEYEQYF	0.0002513777225394113
CASSLTSTGVDNEQFF	0.00025029884819374856
CSALTPFSTTVEQYF	0.00024814109950242313
CASSISYSNQPQHF	0.0002438256021197723
CASSEGTSGSYEQYF	0.0002416678534284469
CASSEHPDSYEQYF	0.00023951010473712147
CASSTYRESYEQYF	0.00023735235604579606
CASSDWGRYYEQYF	0.00023519460735447063
CASRTAGGTYEQYF	0.00023303685866314522
CATSAIGLGGAQPQHF	0.0002319579843174825
CASSSRDSFSGNTIYF	0.0002319579843174825
CASSSGQGAYEQYF	0.0002319579843174825
CASSLLAGFYEQYF	0.0002319579843174825
CASSQEGQGGTGELFF	0.00023087910997181981
CASSPGSSWTYEQYF	0.0002298002356261571
CASSIGTATAYEQYF	0.0002298002356261571
CASSQTTGAGIYPSYEQYF	0.00022872136128049438
CASRSTGRDSPLHF	0.00022656361258916897
