TCR	Abundance
CASSNGWGAYSNQPQHF	0.012248972813029306
CSAILRKEEAFF	0.01065925416129205
CASSQGRGTEAFF	0.010076116924167433
CASRYTRQARDYGYTF	0.008696574944468027
CASSWGLAGVRTDTQYF	0.006168273213189204
CATSVGTSGTLYNEQFF	0.005708769312557438
CASSLALAGNLDTQYF	0.005174055132225853
CAWGQSNWNTEAFF	0.0041056570493667914
CASTGHLNEKLFF	0.004003659546760188
CASSLGPQNEQFF	0.003991296213110903
CASREVGQLSYEQYF	0.0034874903669025316
CASSLTPRQGRETGELFF	0.003449370088150569
CASSISSGTNYEQYF	0.003057864522589871
CATSRINRQGYEQFF	0.0030073809101886233
CASSLNTGAYEQYF	0.002871384240046486
CASSPQDRGLDYGYTF	0.002527271453474715
CASSGGTYEQYF	0.002268671724643833
CASSYSRENYGYTF	0.0020976456091620545
CSARGGSETQYF	0.001720563932858856
CSARDRGSSYEQYF	0.0014949330937594012
CASSRDRNYGYTF	0.0013949961467610125
CASSYSSDTGELFF	0.0013630575348336925
CASSGSPNQPQHF	0.0012291214202997697
CASSQDRAGIYGYTF	0.0011054880838069177
CASSSLGASGLYEQYF	0.0010436714155604918
CASSKQGTSHNEQFF	0.0010117328036331717
CASSPAPGGSGANVLTF	0.000995248358767458
CASSLGLGNTEAFF	0.0009715519692729947
CATSPGTSGTLRNEQFF	0.0009190078012635327
CASSYPGQGITEAFF	0.0008757361334910345
CAISESTRGGYGYTF	0.000860281966429428
CASSLAAGANEQYF	0.0008242222432856796
CASSIGPLEHNEQFF	0.0007922836313583594
CSVEKGHQPQHF	0.000776829464296753
CASSFGYGPETQYF	0.0007479816857817542
CASSVPERDGNTEAFF	0.0007469514079776471
CASTRPGQPYEQYF	0.0007088311292256845
CASSHAELNYGYTF	0.0006995586289887206
CASSLVVAGGPYEQYF	0.0006995586289887206
CASSPARDRGGKLFF	0.0006902861287517567
CASSLRREDEKLFF	0.000663498905844972
CASILSTAGANVLTF	0.0006377419607422946
CASSLDGGPGNTIYF	0.00061095473783551
CASSPADRAIYEQYF	0.0006078639044231886
CSAIDLAGGWYYEQYF	0.0005872583483410467
CAWSVGYYGYTF	0.0005645922366506905
CAWIRHTEAFF	0.0005553197364137266
CASGSGQGGTEAFF	0.000549138069589084
CASSLSGHLNTEAFF	0.0005450169583726556
CASIPGTAFSSGANVLTF	0.000518229735465871
CASRNLPGQGPNEKLFF	0.0005120480686412284
CASSLPGLASEQYF	0.0005068966796206929
CASSSGGGTGYGYTF	0.0004996847349919432
CASRSSGGVYEQYF	0.00048629112353855094
CASSVTWDRPYEQYF	0.00047186723428105154
CASTVLGGENGELFF	0.00047186723428105154
CAWSPHFNTEAFF	0.00047186723428105154
CASSLDMDSPLHF	0.00046362501184819474
CASSLTGGSEAFF	0.00046053417843587346
CASSTGQGYGYTF	0.00045641306721944504
CASSLTFNSPLHF	0.00045435251161123085
CATSEPGLPYEQYF	0.0004512616781989096
CSAPQLADDYNEQFF	0.00044920112259069534
CASSSSRGSEQYF	0.0004440497335701599
CASNQRSTDTQYF	0.0004440497335701599
CASSQEARGLSGYTF	0.00043992862235373145
CASSLGTGDSYEQYF	0.00043374695552908884
CASTAGQGGGNQPQHF	0.00042962584431266047
CASSIVGSLTEAFF	0.0004275652887044463
CASSEAGPHNSPLHF	0.00041520195505516107
CATSYRQGNTEAFF	0.0004121111216428398
CASSGGTGDSYEQYF	0.0004121111216428398
CATLRAGGSPNEQFF	0.00040695973262230427
CASSHELSGRTYNEQFF	0.0003956266767771262
CAIGTSYEQYF	0.00039356612116891196
CASSRGGGQSYEQYF	0.00039356612116891196
CASSLNPRGEETQYF	0.0003863541765401623
CASSFGPMDNEQFF	0.0003781119541073055
CASNPASTDYGYTF	0.0003781119541073055
CASSGDRYTEAFF	0.00037708167630319837
CASSIEREETQYF	0.0003760513984990913
CASKTGGNTEAFF	0.00037296056508677
CASSLTGHSCYGYTF	0.0003719302872826629
CASSLGEERAWGGEQYF	0.0003688394538703416
CASSGGGLAYEQYF	0.0003678091760662345
CASPTSGETGELFF	0.0003667788982621274
CASTRGGEDKYEQYF	0.0003636880648498061
CASSFEVTEAFF	0.0003441127865717712
CASAPRGTDTQYF	0.0003441127865717712
CASSYEVSGANVLTF	0.000342052230963557
CASSLLAAPSNYGYTF	0.000342052230963557
CASSLRAGVISYEQYF	0.0003410219531594499
CASSQDRGELYGYTF	0.00033896139755123573
CASSIDWGETQYF	0.0003369008419430215
CASSSAANSPLHF	0.0003358705641389144
CASSYTGLAGGHEQYF	0.0003348402863348073
CASSTTGGSGYTF	0.000331749452922486
CASSIVDSARSYGYTF	0.00033071917511837893
CASSWSGGFYGYTF	0.0003286586195101647
CASSLRTGTWSYEQYF	0.0003265980639019505
