TCR	Abundance
CASTQATNYGYTF	0.16619546955564568
CAWMRDNLYEQYF	0.11813684027576618
CAWSGGPGSYEQYF	0.05479288569607786
CASSHRGQVEAFF	0.047038989629801284
CASSPGTGGGYEQYF	0.017534325937083598
CAWSMDVNQPQHF	0.01545912751289033
CAWSVLSGRAAYEQYF	0.013598285151497596
CASSLDIGSEAFF	0.010214935403510804
CASSNTGAQAFF	0.009986675163663751
CASSSTGTGNTEAFF	0.008413185794565785
CAGGEGGVYEQYF	0.006867504779560859
CASSLDRGAEQYF	0.006582469150107178
CASSYQGAEQYF	0.006503678813510225
CASSPTGSWAYF	0.0059892242627889464
CASRYRDLGPDGNQPQHF	0.005880308209257864
CASSYSPSGAYEQYF	0.005730838306007763
CAWSVLEGETQYF	0.0055199582874688605
CASSVAGGVGGYTF	0.005518799606048317
CASSPRVLNSYEQYF	0.004949887028561497
CAWSVDINQPQHF	0.004885000869011066
CAWSDQANGEQYF	0.004881524824749435
CASSLDRGNEQYF	0.004650947222061295
CASLPRTYPNTEAFF	0.004221076415039685
CASSVGVVHEQYF	0.004182839928161752
CASSLTGNEQFF	0.004006720352239152
CASSLAMGTEAFF	0.003828283413475465
CASSLGAGNEQYF	0.0037865708823359018
CAWSVLELSTDTQYF	0.0037784601123920978
CAWSELGGQPQHF	0.0037228434042060137
CASSLGYGELFF	0.0036069752621516716
CASALTGSSGNTIYF	0.003605816580731128
CASSEDIGQGSTDTQYF	0.003330050402641794
CAWSLDSSYEQYF	0.0032338798447366897
CASSDRGRVEAFF	0.002940733445339204
CASSYTGAEQYF	0.0027935809049301893
CASSLLGAEQYF	0.0026892995770812817
CSARGPQGGNTEAFF	0.0026869822142401947
CASSPTGSEAFF	0.0025294015410462895
CASTYQGNEQFF	0.002528242859625746
CASSLGKIHEQYF	0.002464515381495858
CASSRDTRLGTDTQYF	0.002456404611552054
CASSSGTASTDTQYF	0.0024193268060946644
CAGTRGKYGYTF	0.0024054226290481434
CASSWGANNEQFF	0.0023868837263194484
CASSYSPAGSEQYF	0.002382249000637275
CAWSATGDDYGYTF	0.0023810903192167314
CASSPGTSGYEQYF	0.00227565030994728
CASSYSTGGLYGYTF	0.0022652221771623893
CASSLGQFYEQYF	0.0022408898673309773
CASSSFLSSGNTIYF	0.0022223509646022827
CASSLVVGGDYGYTF	0.002221192283181739
CASSEYPLTGTDTQYF	0.002207288106135218
CASSVKGGGEQYF	0.00214356062800533
CASSATGTAAFF	0.002086785238398702
CAWSYSGGARDTQYF	0.0019546955564567524
CASSLGLAGVEQYF	0.0019384740165691444
CACSRDTNQPQHF	0.0019280458837842534
CASSLGQSSYNEQFF	0.0018979201668501246
CAWSGTGAHTDTQYF	0.0018759052198597996
CASSVAGGVDGYTF	0.0018237645559353456
CASSSTGQIEAFF	0.0018133364231504548
CASRKEDHALNTEAFF	0.0017554023521232837
CASSISLAVSYEQYF	0.0017299113608713285
CASSLGPVAFF	0.0016464862985922021
CASRGGYTEAFF	0.0015850761833034008
CASSYTGAEAFF	0.0015039684838653612
CASSQQREEYVRTDTQYF	0.001478477492613406
CASSQDWGRTNTGELFF	0.001478477492613406
CASSTRGQIEAFF	0.0014610972713052547
CASSVYGERTEAFF	0.0013938937489137361
CSAPDSNGGSEQFF	0.0013753548461850414
CASSSLGGIRAFF	0.001374196164764498
CASSLQGQLGTGELFF	0.0013602919877179769
CASSQALEAPYNSPLHF	0.0013243728636811308
CASSSTGSEQYF	0.001272232199756677
CASSLAWNKGAVVVSTEAFF	0.0012142981287295057
CASSLGLGTYEQYF	0.0011609987833845084
CAWSVNTGQPQHF	0.0011528880134407044
CASIGGISVNTEAFF	0.0011320317478709229
CASSVAGGPVEQYF	0.0010926365795724466
CATSRDRRDEQFF	0.0010845258096286426
CASSGRTSGFTDTQYF	0.0010822084467875558
CASSSTGAEQYF	0.001071780314002665
CAWSVQTNQPQHF	0.0010544000926945136
CATGDSNEQYF	0.0010520827298534268
CASSFIGGGYGYTF	0.0010439719599096228
CASSPSNYGTGYEQYF	0.0010312264642836453
CASSYDTNTEAFF	0.0010231156943398413
CAWSRDVNSPLHF	0.0010184809686576675
CASSYTGNEQYF	0.0010173222872371243
CASSYSLGREQYF	0.0009906726145646255
CAWGQGGLYEQYF	0.0009860378888824517
CAWSRDTSQPQHF	0.0009825618446208215
CASSLDWGAEAFF	0.000975609756097561
CASSPEVWPQHF	0.0009721337118359307
CAWSADSTYEQYF	0.0009559121719483228
CAWSVLGPGELFF	0.0009188343664909333
CASSRTGNEQFF	0.0009176756850703899
CASSWRLGSYEQYF	0.0009002954637622385
CATGPTGTEAFF	0.0008910260123978911
