TCR	Abundance
CASSPNRTARYGYTF	0.10485735686006756
CASSYDRAGQPQHF	0.062074095965025805
CASSPFWRWTGELFF	0.018895439190049882
CASSLRASDYGYTF	0.007626656611926077
CASSYSGSDEQYF	0.005903423537264533
CASSLTTNTEAFF	0.0042494866477460905
CASSLDGKGYTF	0.0038693766910052533
CASSPQLTSSSEAFF	0.003247749147809782
CATSRGQGGREQYF	0.003198834193591122
CASSLDPGGYSGNTIYF	0.002812609867572952
CSARDTGQGAYGYTF	0.002740256497791184
CASSDMPSSYEQYF	0.002086018985116606
CSASTEAGLAGQETQYF	0.0020401612155366124
CASSLGGNTDTQYF	0.0014480864571815816
CASSLEGGYNSPLHF	0.0013054178407104896
CATSRDPGGQGYTF	0.0013043987791642676
CATSDSRTAATGELFF	0.0012514075787607192
CASSPRRGEDGYTF	0.0011596920396007317
CASSYSIPTENYGYTF	0.0010526905772474129
CASSGDSYEQYF	0.0010363855925078595
CASSLAFGDGYTF	0.0008865835452132132
CASSYGAGDNYGYTF	0.0008845454221207689
CAWRRSSYEQYF	0.0008814882374821027
CASSQGLDRRAATNEKLFF	0.0008662023142887715
CAWSVMGLHEQYF	0.0008590688834652168
CSANPLAGTSGGPFTDTQYF	0.0008529545141878844
CASRRQGGNQPQHF	0.0007082477746243485
CASSLIQGGGDEQFF	0.0007072287130781263
CASSSNTGQLNYGYTF	0.0006919427898847951
CASSFTAGARDYGYTF	0.000690923728338573
CAWRTGRSWGYTF	0.0006654471896830209
CAWSPGTASSYEQYF	0.0006521993895821338
CASSLSGTGHSPLHF	0.0006369134663888026
CSARDSGGKVSNEQYF	0.0006348753432963584
CASSTLGVGQPQHF	0.0006338562817501363
CASSGGGLEGEQYF	0.0006114369277332505
CASSYGPPGPGDEQYF	0.0005604838504221463
CASSSGDLELNSPLHF	0.0005390835579514825
CATSDFSGTEAFF	0.0005319501271279279
CATSKGQGAREQYF	0.0005237976347581512
CASSGRGTGLSGYTF	0.0005187023270270408
CASSLDRDGILNEKLFF	0.0005136070192959304
CSARDKRDFYEQYF	0.0005115688962034862
CASSTTGNYGYTF	0.0005074926500185979
CAWRGTGFHSPLHF	0.0005003592191950433
CSARDGEPYEQYF	0.0004993401576488212
CSVEYLEFNEKLFF	0.0004942448499177108
CASKLGDSITPAYSNQPQHF	0.0004911876652790446
CASSTGDTGELFF	0.0004789589267243795
CASSEEGASGNTIYF	0.00047488268053949117
CASSPPKGKNYGYTF	0.00047080643435460284
CASSPRRGVSGYTF	0.0004667301881697145
CASSRQENYGYTF	0.00045552051116127157
CASSIGQGFTEAFF	0.0004534823880688274
CAWSVLGTPNTGELFF	0.00045246332652260535
CASSLDGTADSPLHF	0.0004371774033292741
CASSPSSSGGTPYEQYF	0.00042596772632083114
CASSPQGVTYGYTF	0.00042596772632083114
CASSSFRENTEAFF	0.00042087241858972075
CASSPVGLGYGYTF	0.0004178152339510545
CASSFSSNQPQHF	0.00041271992621994403
CASSPIGDHGYTF	0.0004086436800350557
CASSPRQDDTF	0.00040762461848883365
CASSSMTGASNYGYTF	0.00040762461848883365
CASSPAGDHGYTF	0.0004025293107577232
CASSPPSRQYYGYTF	0.00040151024921150115
CASSGFRGNYGYTF	0.00039335775684172443
CASSPPFAGYGYTF	0.00039335775684172443
CASSPQHTNYGYTF	0.0003892815106568361
CASSQPPSGGMDTGELFF	0.0003892815106568361
CASSFGRGEAGNTIYF	0.0003831671413795036
CSARVSGTGDYEQYF	0.00038112901828705944
CAVGQGNQPQHF	0.0003770527721021711
CASSSGTGVYGYTF	0.0003770527721021711
CASSYSDGETQYF	0.00037501464900972694
CASSPRQGKAFF	0.0003739955874635049
CSAPQSNYGYTF	0.00035565247963150734
CASSPEPGANGYTF	0.0003546334180852853
CAGRTELYGYTF	0.0003546334180852853
CASSLKGQLNYGYTF	0.00035361435653906317
CAWSISHGYTF	0.0003525952949928411
CASSESGLGIGSPLHF	0.00034953811035417484
CAWSDGSGNTIYF	0.00034240467953062023
CAWKGQGAGGYTF	0.0003413856179843982
CASSYPAGSTEAFF	0.0003383284333457319
CSARDQSGDLSPLHF	0.00033629031025328774
CASSFYGQDFSNQPQHF	0.00033425218716084357
CAWSVGIGNTIYF	0.0003332331256146215
CASSFVGGKYGYTF	0.0003332331256146215
CSARTMGRTDQPQHF	0.0003291568794297332
CAWIRRGAKGYTF	0.0003291568794297332
CASSSSSGQEYYGYTF	0.00032813781788351107
CAWSGGQGRYGYTF	0.000327118756337289
CAWSMGNYGYTF	0.00032406157169862274
CASRDRNNQPQHF	0.00032406157169862274
CAWNTGPGNTIYF	0.00032304251015240063
CAWSVWASGNTIYF	0.0003199853255137344
CAWSVGVSGNTIYF	0.0003199853255137344
CASSSYRDRGLHEQFF	0.00031794720242129024
CASMGPSYEQYF	0.00031794720242129024
