TCR	Abundance
CASSSRPGGLGEQYF	0.07144805906975783
CASSPFPQFYGYTF	0.06138063493685306
CASSFSPGTGVNHGYTF	0.057424100295979226
CSALQRGTGELFF	0.019143540685458756
CASRKAGFPYNEQFF	0.018390277359600086
CASSSGTASSYEQYF	0.018295711833842935
CASSHGTGSNNEQFF	0.01676635902073594
CASSFRLAGDNEQFF	0.01666418477451557
CASSPGEVQYF	0.016620706371868604
CASSLVLDFNEQFF	0.01571418167667938
CASSLRVYEQYF	0.01271308493397261
CASSIGPEDPEAFF	0.01239677955471594
CASSSPGTPLHF	0.01213917001903267
CASSLGSGGPFSEQYF	0.008900029021833768
CASRPTGGSGNTIYF	0.008175026657695622
CASSRDFPYEQYF	0.007622850944079165
CASSRARGQPQHF	0.005996758685082669
CASSLRGQGESYTF	0.005130451512341888
CASNGGTYPTDTQYF	0.004893494217915928
CASSHNWSTDNSPLHF	0.0047913199716955596
CASGSTGNIRHGYTF	0.003939143279815043
CASSYLAGEVNEQFF	0.003165227712699063
CASTPGTASSYEQYF	0.003147836351640277
CATSDFSTGEGYTF	0.002967400980655372
CASRQGASGGTDTQYF	0.002785878649604292
CSARSGQGLNTIYF	0.002676095682920705
CASSLVVTDYGYTF	0.0026717478426560087
CASSYQGSSRIEQFF	0.002454355829421183
CAITQGNYGYTF	0.0024184861472374367
CASSLGSGDLLYGYTF	0.0022673986980392326
CASSLAQGGNQPQHF	0.0022673986980392326
CATSRGLGGADTGELFF	0.002001093481826571
CASSAPPHNEQFF	0.0019108757963341185
CASSLLGSSYEQYF	0.0018597886732239345
CASSEAGSGETYGYTF	0.0015260919329084769
CASSVAGTGGVMDQPQHF	0.0014652221692027256
CASSLSPSGSHEQFF	0.0014554395286071585
CSVMPGGTYGYTF	0.0014543525685409844
CASSLDARGNTIYF	0.0013032651193427805
CASSRQAPDTQYF	0.0012021778331885865
CASKQRTGASYGYTF	0.0011684820711371886
CASSDLGGTSYGYTF	0.0011489167899460541
CSAPSFEAGELFF	0.0010880470262403029
CASSEAPVGNTEAFF	0.0010673947849829946
CASSLYPQGFDYGYTF	0.0010260903024683777
CASSHGTGSNNRQFF	0.0009728292592258452
CSVGGPGQGVYGYTF	0.0009717422991596712
CASRPNRGVTEAFF	0.0009423943773729697
CASSFGGRAYNEQFF	0.0008880463740642633
CASSLGAGAPLGEQYF	0.0008619593324760841
CASSLNSNQPQHF	0.0008500027717481687
CASSFGEGLVFTDTQYF	0.0008282635704246862
CASSLMDRGSQPQHF	0.0007782634073806762
CASSPGQGLNYGYTF	0.0007739155671159797
CASSNSGTEYEQYF	0.0007652198865865867
CATSDWSGNTIYF	0.0007543502859248454
CASSEDRYGEQYF	0.000751089405726323
CASRAGQIYEQYF	0.0007391328449984076
CASSLWRGETQYF	0.0007076110030793579
CASSYPLAGKYGYTF	0.000700002282616139
CASSLPSTRGPSGNTIYF	0.000691306602086746
CASSQDRTEAFF	0.0006858718017558752
CASSLGYQPQHF	0.0006782630812926564
CASSYGTGSSPLHF	0.000641306439042736
CASSLTGQVGYEQYF	0.0006206541977854276
CSARDGEAEYTEAFF	0.0006032628367266414
CASSQSPGGTQHF	0.0005554365938149798
CASSSDHLYEQYF	0.0005478278733517609
CASSSPSQYYEQYF	0.0005271756320944525
CASNSLPGQGYTGELFF	0.0005184799515650595
CASSFVTGQPQHF	0.000514132111300363
CASRPDEQYF	0.00050543643077097
CASSSFGTPGHQPQHF	0.0004956537901754027
CASSQEGGDYEQYF	0.0004836972294474873
CASSQRQGIYGYTF	0.0004673928284548754
CASRPRTPGNEKLFF	0.0004521753875284376
CAWSGDRDTPEKLFF	0.0004347840264696515
CASSSPTSGPGNEQFF	0.0004336970664034774
CASSQKGGNTEAFF	0.0004260883459402585
CASSEGLAASYEQYF	0.00040869698488147244
CSVAQGGDYTF	0.00040000130435207944
CASSPNYGEQYF	0.0003847838634256416
CSARDVGEEREQYF	0.00037934906309477096
CASSYHSNQPQHF	0.0003771751429624227
CSAREAGGHTGELFF	0.0003739142627639003
CASSLIGADTQYF	0.00037065338256537795
CASSPSAGAPGELFF	0.0003695664224992038
CASSDRGSSYNSPLHF	0.0003695664224992038
CASSLGAGESYEQYF	0.00036739250236685555
CASSPDRNSYEQYF	0.0003619577020359849
CSARTGETEAFF	0.00035978378190363664
CASSEGGQGNQPQHF	0.00035652290170511423
CASSPGPRGDTGELFF	0.000345653301043373
CASSGDRGDGGYTF	0.0003369576205139799
CASSLAGSGRGYTF	0.0003315228201831093
CASSEAPSTSYEQYF	0.0003250010597860645
CASSSKGQGVFNQPQHF	0.0003239140997198904
CASSQGERYEQFF	0.00032174017958754215
CASSFTTGTGEQYF	0.0003086966587934526
CASSLDGKGYTF	0.0003043488185287561
