TCR	Abundance
CATSVKGYNQPQHF	0.04427591144209289
CASSQAGTSGTSYEQYF	0.040538169885728136
CASSLGEFGNQPQHF	0.015035131322902946
CASSKDRTLETQYF	0.012506122250311056
CASSFGSLYEQYF	0.007548493799668815
CSARGGDFSYEQYF	0.00718952458888392
CSASELAGYYEQYF	0.006385392995233011
CASSLRGDSNQPQHF	0.0061825855315127305
CASSEWQGDSYNEQFF	0.005902711231578745
CASSEALGQGPETQYF	0.005817532096816227
CASSEAEVYQETQYF	0.0049292354057214015
CASSPLTGVRNEKLFF	0.004558097747113289
CASSYGSSYEQYF	0.004452637865978744
CASSLGQGYEQYF	0.004139300334530911
CAVRPGVLQETQYF	0.004065275610273009
CASSYWGEQFF	0.003734699444408953
CSAREGGRDYEQYF	0.0035653552122025195
CSARIRGRIDTGYTF	0.0031181647546993023
CATSATGTVGNTIYF	0.0030350136945739878
CASSSNTGAYEQYF	0.002969101268864897
CASSLNGRNNEQFF	0.002891020395332589
CASSERSGSSYEQYF	0.002883922134102379
CAWSVPTGESQPQHF	0.0028453887159955262
CSARVRGGVRYGYTF	0.002595935535619582
CASSFFTSRASYEQYF	0.002258261108525316
CASSEGDNSPLHF	0.002225811914330071
CATRGDRHPYEQYF	0.0021781521603558055
CATRTFDSSSYEQYF	0.0021578714139837774
CASSEAAMSYEQYF	0.0021426608542047566
CASSPCGGGYTF	0.0019925833310517494
CASRQTNEKLFF	0.0019570920249007005
CASSPLGGTGKNEQFF	0.0019226147560682527
CASSPLTGPGPNYGYTF	0.0019165305321566443
CASSLLAGVSEQYF	0.0018850953752800011
CASSLGTLEQYF	0.001866842703545176
CASSETAGAQYEQYF	0.0018364215839871338
CSANSGRGPYEQYF	0.0018171548749337074
CASSETPGHSYGYTF	0.001684315986196924
CATSRGDRGGEKLFF	0.0015768280304251758
CSAKGLAEHEQFF	0.0015230840525393015
CASSLLDRANQPQHF	0.0014916488956626581
CASSQWDTKETQYF	0.0014450031790069937
CSASRGGLVVDGYTF	0.001437904917776784
CASSRTGNYNSPLHF	0.0013841609398909098
CASSPQGASGEQYF	0.001379090753297903
CASSSYRGPERDYTF	0.0013770626786607
CATSGNVLSYEQYF	0.0013760486413420987
CASSDSSLDAGELFF	0.001371992492067693
CGTASQDNYGYTF	0.0013212906261376232
CASSLFGPSYEQYF	0.0012411816779681125
CASSVSVAPWGLGYTF	0.001206704409135665
CASTLTTNQETQYF	0.001156002543205595
CASSDHRFYGYTF	0.0011519463939311894
CATSDLQMGTSGTGELFF	0.0011509323566125881
CASRETSGSSNEQFF	0.0011276094982847558
CASSKSGSTGELFF	0.0010961743414081126
CASSSTPGPNSPLHF	0.001090090117496504
CSVSPPGQDYEQYF	0.0010860339682220986
CAWSVLGGEGQPQHF	0.0010738655203988818
CAISASGHSGANVLTF	0.0010627111098942663
CASSEEGSGTGELFF	0.001059668997938462
CASSDGTTDTQYF	0.001046486512796644
CAARGRSSGNTIYF	0.0010272198037432174
CASSLCPGPGQGTPYGYTF	0.0010201215425130075
CASHRGTENYGYTF	0.0010160653932386019
CASSEAVHQPQHF	0.0009967986841851754
CASSLTSDSSYEQYF	0.0009663775646271334
CASSDGTGITDTQYF	0.0009359564450690914
CASNEEYGNTIYF	0.0009288581838388817
CSASVPGDTSEQYF	0.0009288581838388817
CSARDGTGDTGELFF	0.0009288581838388817
CASRLQGLQGAGEQFF	0.0009217599226086718
CSARDRTSGTYEQYF	0.0009207458852900705
CASSEGLAGADTQYF	0.0009055353255110495
CSARSGTVGGYTF	0.0008994511015994411
CASSYSTSGSYEQYF	0.0008913388030506299
CASSLAVNQPQHF	0.0008710580566786019
CASSEAPASGRRRGEQYF	0.0008639597954483921
CASSQEEGSGSYEQYF	0.0008629457581297907
CASSESGGALNNEQFF	0.0008416509744391613
CSARSPDSSYEQYF	0.0008294825266159445
CASSQGQGAGANVLTF	0.0007929771831462942
CASSLGTRDAFF	0.0007858789219160843
CAWSLSRAYEQYF	0.0007706683621370634
CASSPGTSGHFYEQYF	0.0007706683621370634
CASSLRQGGSYTF	0.000764584138225455
CSANAREPYEQYF	0.0007574858769952452
CASSPWGPPATNTEAFF	0.0007412612798976228
CASSEDSGSYNEQFF	0.0007321349440302102
CASSSSGEGNQPQHF	0.0007311209067116088
CASSGTHREGANTGELFF	0.000724022645481399
CASSGQGDTDTQYF	0.0007219945708441962
CASSLSTRGASQPQHF	0.0007148963096139864
CASSEQASGAYEQYF	0.000713882272295385
CASSLFSGGSYEQYF	0.0007057699737465738
CAVGTVNSPLHF	0.0007047559364279724
CASSEEPASPLHF	0.0007037418991093711
CASSDGLAAYEQYF	0.0007006997871535669
CASSLWTSGSGDTQYF	0.000693601525923357
CASSPLLLGDEQFF	0.0006804190407815389
