TCR	Abundance
CATSEAILTIQPQHF	0.0055989466561223574
CASSSQLNNQPQHF	0.00520455416323569
CASSRTFLRVYNSPLHF	0.005053727060012882
CSARDQVGGSDYEQYF	0.004906976364985285
CASMTGRHTGELFF	0.004816276282641838
CASSPTPGRYYEQYF	0.003788002315399855
CASSQDRGPDSYNEQFF	0.0033334828016338245
CASSLGTSGSSYNEQFF	0.0033283872913898106
CASSVRDRDLSEQFF	0.0029574341456256063
CASSYGQTSYGYTF	0.0027974351239635734
CASSRGQLNTEAFF	0.0026608754494240037
CASSSRGPDQPQHF	0.0026099203469838656
CASSLRGPTIRVQYF	0.0023429156101975428
CASSLSFTPQGGYTF	0.0023184571610262764
CASSQGYPNYGYTF	0.002108522138972908
CASSSRDTGELFF	0.0020534906283375593
CASSEGVRGPGMGVF	0.002003554627946224
CASSVSTGKNYEQYF	0.00192814107633482
CASSATGGAGGYTF	0.0016641936456949053
CASSQAPDTGQPQHF	0.0016621554415972998
CASGGTYEQYF	0.0015796081756442764
CSARLAGDSYEQYF	0.0014868698892032252
CASSRTPGQGAFSPLHF	0.0014695451543735784
CASSVSRRGYYGYTF	0.0014083990314454127
CASKGMGQVYEQYF	0.0014043226232502018
CASSDGGASDTQYF	0.001391074296615766
CASSRGLATDTQYF	0.001326870867541192
CASSRSPKLAPNEQFF	0.0013207562552483756
CASNARFGSSYEQYF	0.0013095461327115453
CASSLSSATGELFF	0.0013013933163211232
CASSYSDYNEQFF	0.001271839356905843
CSARTGHQPQHF	0.0012351516831489438
CASSPPQGQRSYEQYF	0.0012351516831489438
CAWGFGADSGNTIYF	0.0012117123360264803
CSARGLAGDTGELFF	0.0011760437643183839
CASRGQGNQPQHF	0.0011576999274399342
CSAPDTGTGHYEQYF	0.0011342605803174707
CASSGQKAGNSPLHF	0.0011322223762198652
CASSYQQGASDEQYF	0.001129165070073457
CASSLDGQKNTEAFF	0.001073114457389305
CASSYGLAGAYEQYF	0.0010537515184620527
CASSFHRVSGNTIYF	0.0010517133143644471
CASSQNPEGGGSPLHF	0.0010466178041204333
CASSLGLAGEPYEQYF	0.001044579600022828
CAISESTGGPYEQYF	0.0010425413959252224
CASSPGTSDTDTQYF	0.001019102048802759
CASSYEGPYEQYF	0.001001777313973112
CASRPPGGVNEQYF	0.000976299762753043
CAISELLLAGGEQYF	0.000968146946362621
CASSDSTIAGAIGELFF	0.0009406311910449465
CASSGGYEQYF	0.000909039027532061
CASSEAPGTNEKLFF	0.0009080199254832582
CATAETGLTGELFF	0.000883561476311992
CASLKASGITDTQYF	0.0008591030271407258
CASSLGQGRASGYTF	0.0008550266189455147
CASSIGPYQTGPNQPQHF	0.000836682782067065
CASSATSAAGELFF	0.000832606373871854
CASGPKETGELFF	0.0008315872718230513
CASSYRLATVEWAPYEQYF	0.0008264917615790375
CAWSAGQDNSPLHF	0.0008163007410910099
CASSQDSGSSYEQYF	0.0008142625369934043
CASTLGVGNEQYF	0.0008091670267493905
CASSLAGVSYYNEQFF	0.0008040715165053768
CASSPDRGRNQPQHF	0.0007867467816757298
CASRGRSQDHTDTQYF	0.0007643265366020692
CASSQEWTSGYYEQYF	0.0007541355161140415
CSARDRPNEQFF	0.0007459826997236195
CASSEQSSGSYEQYF	0.0007388489853820002
CASSYSDRGEQYF	0.0007205051485035506
CASSYSSGNTIYF	0.0006929893931858761
CAISEEGERVTYEQYF	0.000663435433770596
CASSFGEGGDTEAFF	0.000663435433770596
CASSPGLAGVYDEQYF	0.0006603781276241878
CASSQAGSPLHF	0.0006603781276241878
CSARTGDTEAFF	0.000651206209184963
CASSPQVGEVSGNTIYF	0.0006501871071361602
CSARGRVDYEQYF	0.0006471298009897519
CASRGQAGTDGYTF	0.0006461106989409491
CSGRQGDYEQYF	0.0006450915968921464
CASSNGQQVGNTIYF	0.0006410151886969353
CATNFSLAGATYEQYF	0.0006318432702577105
CASATEDGPPDSSYNEQFF	0.0006196140456720774
CASSSTYEQYF	0.0006196140456720774
CASSMGQDYNEQFF	0.000608403923135247
CASSFRQGAYEQYF	0.0006063657190376416
CASTDREPYEQYF	0.0006053466169888388
CASSDSGSSEQFF	0.0006022893108424306
CASSSGGGVPQHF	0.0005982129026472194
CAWDLAGGTQYF	0.0005971938005984168
CASSLGLGGYEQYF	0.0005910791883056002
CSARPMQGDLEEQYF	0.0005900600862567974
CSASVREAGEQYF	0.0005819072698663753
CASSLGPANPYEQYF	0.0005676398411831367
CASSQGLAGSYEQYF	0.0005666207391343339
CSARGLGGYYEQYF	0.0005635634329879257
CASSDGDTGELFF	0.0005584679227439119
CASSLSANTEAFF	0.0005564297186463064
CASSPLQVGLDYEQYF	0.0005513342084022926
CASTQTGHEQYF	0.0005513342084022926
CASSEGTGDSYEQYF	0.0005431813920118704
