TCR	Abundance
CASRAGLPEQYF	0.013723644129853638
CSAKTGVSYEQYF	0.007969035315856143
CASSPGVEYEQYF	0.007418018057208434
CASSSETSGSEQYF	0.007285442476180415
CSAERQGTYEQYF	0.007010969593583342
CASSRGTSGYTF	0.0063926287976948425
CAWSVSTAGRAFF	0.005560924176089372
CASSQEYGQGRGNTIYF	0.004657753030335986
CASSFQAGTSGRGPSTDTQYF	0.002918734276070004
CASSDSGGSYNEQFF	0.0022403201700281826
CASSSGKTNNSPLHF	0.0022196052354925546
CASNRQGNYGYTF	0.0021584961786124514
CASSERDVGYNEQFF	0.002047671278846841
CASSAGQGSADTQYF	0.0019264889118134165
CATSERGVDTGELFF	0.0018425934269441224
CASSLIRWGDRGSYEQYF	0.001764912422435517
CASSQDLGGTGGYTF	0.0017431617411731075
CASSTQGQGQETQYF	0.0016727309637519718
CSAPRMGRETSYEQYF	0.0015650133041667056
CASRLYTGGLDEQYF	0.0015629418107131427
CASSRTGTAQETQYF	0.0015370481425436076
CASSSRTGQGPYEQYF	0.0015184047014615422
CASGGYWPYEQYF	0.0014811178192974115
CASSQGGMAGYTF	0.0014800820725706302
CASYTGSGSPGELFF	0.0014780105791170673
CASSEGDTHTGELFF	0.0014728318454831602
CATLRDRSSYEQYF	0.0014500454174939694
CASSEGGDTDTQYF	0.001426223242777997
CASSTGSYEQYF	0.0014024010680620247
CASSKQDSYEQYF	0.0013288630504605448
CASSGTGTGYMNEQFF	0.0013174698364659494
CASSESSGSGHEQFF	0.0013153983430123865
CASSQDFMGQGPDYGYTF	0.0012190738974217157
CASSLRGGDTAEKLFF	0.0012014662030664317
CASSYSNPAEGYTF	0.001194215975978962
CASNSGIWDTQYF	0.0011393213994595473
CASSYSDRASGELFF	0.0011268924387381706
CASSLWQGAGELFF	0.0010916770500276026
CASSEEAGTGVETQYF	0.0010802838360330072
CSARDLRKQGATEAFF	0.0010761408491258815
CASSLAAEGEPSTDTQYF	0.0010709621154919744
CASSYSRAGDGSPLHF	0.0010295322464207184
CASSVGDSSYEQYF	0.0010119245520654344
CASSLEGGRIDEQYF	0.0010077815651583087
CASSRGAEAFF	0.001000531338070839
CASSHTPTGIRNTEAFF	0.0009891381240762433
CAWSTDNNYGYTF	0.0009435652680978615
CASRDLNGRGDTQYF	0.0009383865344639545
CASSFAGAADSPLHF	0.0009290648139229219
CASSLEAGGGETQYF	0.0008928136784855725
CASSLDSSGNTIYF	0.0008513838094143163
CASSLSEYYGYTF	0.0008389548486929394
CAWGQGREAFF	0.0008368833552393766
CASSYSPQKNTEAFF	0.0008285973814251254
CAWSTIPGTEAFF	0.0008203114076108741
CASSMPRGLLGGTEAFF	0.0008161684207037485
CASSLSLGNERDYEQYF	0.000776810045086055
CASSGGHASSYEQYF	0.000776810045086055
CASSDGTSGYNEQFF	0.0007685240712718038
CASSSSEVGELFF	0.000766452577818241
CASSSSTEQYF	0.0007529878703700826
CASSELAGSSYEQYF	0.0007177724816595149
CASDGGTSTDTQYF	0.0007043077742113565
CASSEGDGEGNQPQHF	0.0006773783593150399
CSAKQGADTEAFF	0.0006721996256811329
CASSYGTTYEQYF	0.0006618421584133189
CSAAPTSGRINEQYF	0.0006463059575115978
CASRYLAGSYEQYF	0.000616269302434937
CASSQDPGPNYGYTF	0.0006141978089813742
CASSVSTGSTDTQYF	0.0006090190753474671
CASSLDGDEQYF	0.0005945186211725274
CASRILAGESYEQYF	0.0005893398875386204
CASSTGQPHVYGYTF	0.0005748394333636807
CAWSSGANYGYTF	0.0005727679399101179
CASSLSWGRYEQYF	0.0005696606997297736
CASSYSSGANVLTF	0.0005665534595494295
CASSAGAGANVLTF	0.0005613747259155225
CASSSYIGQTYEQYF	0.0005593032324619597
CASRTGGSSYNEQFF	0.0005582674857351782
CASSQGQGSGANVLTF	0.0005468742717405828
CASTEPVAGADEQYF	0.0005427312848334571
CATSDNPTGAYGYTF	0.0005396240446531129
CASSYRAYGYTF	0.0005354810577459872
CAWSVKENTEAFF	0.0005282308306585174
CSGSLADYNEQFF	0.0005147661232103592
CATSEGLAEIYEQYF	0.0005137303764835777
CAISETLGAGPDTQYF	0.0005106231363032335
CASSPGPNYGYTF	0.0005106231363032335
CASSLAAGGGPYEQYF	0.0004950869354015124
CASSSGNYGYTF	0.0004950869354015124
CASSAETGGAYEQYF	0.0004909439484943867
CASNPSGRAGTGELFF	0.00048680096158726117
CASSEVSGSSDTQYF	0.00048576521486047976
CASSPSGDYNEQFF	0.00048369372140691694
CASSGTSGSTDTQYF	0.00048162222795335413
CASSSNVGTGLEKLFF	0.0004805864812265727
CASSEGTGADTQYF	0.0004795507344997913
CAWSVQGSGNTIYF	0.0004785149877730099
CASSLYRQPQHF	0.0004774792410462285
CASTTASGTDTQYF	0.0004774792410462285
