TCR	Abundance
CASDRGGNNQPQHF	0.0466521316851382
CASSEESGNHNEQFF	0.03738495943439183
CASRGEGARTEAFF	0.03533256620930822
CATSSGTSAEDEQYF	0.017051686663481534
CSARGLAGGLLLDEQFF	0.007021876493031957
CASTEGTSGNNEQFF	0.007011782755859414
CASSPTFGSGGYEQYF	0.005774739189046725
CASSHQFEREGPYEQYF	0.005461833336697913
CASSQGTGANSPLHF	0.004620688572319384
CASSDGTGFMNTEAFF	0.003923099181061458
CASSSGTIYTF	0.0032546694749686533
CASSPGHSNSYQRGSEQFF	0.0029731663604899723
CASSFLVGGNQPQHF	0.002928305306389784
CASSLRGEEKLFF	0.0024909100289129496
CASSETGGTYEQYF	0.002356326866612385
CASSEHREYDTDTQYF	0.0022710908638220273
CASSLEVGQPQHF	0.002180247229269146
CATSNRGNEQYF	0.0018112650592950982
CASSDGTSGGTEAFF	0.001793320637655023
CASSPLGYEQYF	0.0017787407950724619
CASKNRGVLYEQYF	0.001739487372734797
CASSLIGAGGYTF	0.0016822895287570572
CASLAGTYEQYF	0.0016665881598219912
CASSPAGQRGYGYTF	0.0015095744704713328
CSARGPIRGRETQYF	0.001508452944118828
CASSLEGNPQTDTQYF	0.0014792932589537057
CSVEGALYEQYF	0.0013458316230056458
CASSDPGQAAYNEQFF	0.0013166719378405235
CASSPPGGDFLYGYTF	0.001295362937142934
CASSPLGTDYNEQFF	0.0012852691999703917
CASSGNSNQPQHF	0.0012740539364453447
CASSMSGSHYEQYF	0.0012213421978776236
CASRSGGLYQPQHF	0.0011843318282449683
CASSVSQDTEAFF	0.0011405923004972848
CSARDLRPDAGEQYF	0.0011405923004972848
CASSLWSTGQGNNYEQYF	0.0010890020882820684
CSAETLAGVVEQFF	0.0010138598226642531
CASSLDKHGMNTEAFF	0.0009847001374991308
CASSTPPMGRGYTF	0.0009813355584416168
CASSDTPGFNEKLFF	0.0009342314516364191
CASSEADGQGNTGELFF	0.0009319883989314097
CASSFGDRAYQPQHF	0.000930866872578905
CASSSTSGTGDEQYF	0.0009084363455288108
CASSVAAEGEAFF	0.0009028287137662873
CASSLDRPFSYEQYF	0.0008938565029462497
CANLPRYGYTF	0.0008714259758961557
CASTLLGGSFNEQFF	0.000832172553558491
CASSSGEAGEQYF	0.0008063774474508827
CASSLEGSSYNEQFF	0.0008041343947458733
CASSLVVAGGYEQYF	0.0008041343947458733
CASSLRWGSSYGYTF	0.0007873114994583028
CASRGRSRYEQYF	0.0006830095486753652
CASSLVGDLNSPLHF	0.0006807664959703558
CATSTGRQPYEQYF	0.0006673081797402994
CASSLLRLAGEQYF	0.0006426345999851959
CASSEGPGEDYEQYF	0.0006336623891651582
CAIKGGDNSNQPQHF	0.0006224471256401112
CSARGVKGDTEAFF	0.0006101103357625594
CASSEAGGGTGELFF	0.0006022596512950264
CAGTGGDNSPLHF	0.0006022596512950264
CASSVRQVGGYTF	0.0006000165985900171
CASSISVGTHYGYTF	0.000580950650597437
CASSKGTDENYGYTF	0.0005652492816623713
CASSHPAGGYNEQFF	0.0005641277553098665
CASSEGGSSSYEQYF	0.0005551555444898289
CASSESLGEGQPQHF	0.0005484263863748006
CASSLSGKSYGYTF	0.0005484263863748006
CASSPAGATEAFF	0.000539454175554763
CASSLSPYRRDRARYSNQPQHF	0.0005102944903896407
CASSPPGHGINQPQHF	0.0005069299113321266
CASSERTSGRANTGELFF	0.0005046868586271172
CSAREGGNTEAFF	0.0005046868586271172
CASRGEDYRGNTIYF	0.0005046868586271172
CASSASSGSTDEQFF	0.0004968361741595843
CASSDRETGELFF	0.0004934715951020702
CASSVASGSSYEQYF	0.0004923500687495654
CASSPDREGIGYTF	0.00048562091063453715
CASSYTPGRGDGYTF	0.00048337785792952777
CASSEQFDRAAGYTF	0.00048113480522451833
CSARADLTGTAGNTIYF	0.00048113480522451833
CASSYSAGGTRGLYEQYF	0.00047328412075698544
CASRFSLTGFYGYTF	0.000471041068051976
CSARVEDRVYEQYF	0.0004699195416994713
CASSYSKVNQPQHF	0.0004687980153469666
CASSYTADSSYEQYF	0.0004643119099369478
CASSESEGHQPQHF	0.00046319038358444306
CSARETPLAGSYEQYF	0.00045646122546941486
CASSDSGATDTQYF	0.0004542181727644054
CASMAGEPNQPQHF	0.0004497320673543866
CASSVLGQGAYEQYF	0.0004486105410018819
CASSEGSENYGYTF	0.0004441244355918631
CASSPGTGEGNEQFF	0.0004396383301818443
CASSFLAGAYGYTF	0.0004385168038293396
CASIRGVGQYNSPLHF	0.00043066611936180664
CSATTPLSFYNEQFF	0.00042393696124677844
CASSVLAGADNEQFF	0.0004194508558367596
CASSYSIERAGYEQYF	0.0004194508558367596
CASSEQKDYEQYF	0.0004183293294842549
CASSERDTHSPLHF	0.0004183293294842549
CAWSVHSGYTF	0.0004172078031317502
