TCR	Abundance
CASSDQSGAHEQYF	0.013468778698412273
CAISLRGDSYEQYF	0.010438123523622554
CASSTDSRQHNEQFF	0.007858930046061434
CASSIEGAHSNQPQHF	0.007117463340590315
CASSPTSGGPYEQYF	0.006426387576267718
CATSDSSGLSGNTIYF	0.004550610501677813
CASSSQGADGYTF	0.003968543712084673
CASSWGGGSNYGYTF	0.00393872050201718
CASSVRDSYEQYF	0.0038348534600579805
CASSFSLADPVSYEQYF	0.003618892283707169
CASSLGTDTEAFF	0.0036034664853963967
CASSSLAGGGPDTQYF	0.0031715441326947737
CSVQNSGPRYNEQFF	0.002563767679250347
CASSLQIVYGYTF	0.002435219359993912
CASSVSPGTGGYTF	0.0023807148726291832
CASSDTDYNEQFF	0.002301529107967219
CASSPSGSGSNTEAFF	0.0021236182341163126
CASSVKGQGTDTQYF	0.0020485460156705543
CASSLTSFYRDGNTIYF	0.002039290536684091
CSARETSGGWYEQYF	0.002003297007292289
CASSVYTGGTEAFF	0.0018418403183062062
CASSFGSNTEAFF	0.0017832222847252717
CSARGTSGRNYEQYF	0.0016546739654688363
CASSEVPGGQGKDEQYF	0.0015991410915500563
CASSIDEQFF	0.0015970843184419533
CASSLLATGVGGYTF	0.0014726495454017237
CAISESGVMETQYF	0.0014572237470909515
CAWKRSGNTIYF	0.0013245618816183102
CASSRTSQGSYTF	0.0012978238312129717
CASRDGTEYGYTF	0.001245376116956346
CASALFEGQPNYGYTF	0.0012021838816861838
CASVGGPQASPLHF	0.00118572969682136
CASSEGLADSYEQYF	0.0011723606716186907
CASSPPGLETDTQYF	0.001166190352294382
CASINRGSNYGYTF	0.0011363671422268888
CRGGQGHEQYF	0.0011332819825647343
CATSRDWGTGNTIYF	0.0011301968229025798
CASSYRDRANEKLFF	0.0011291684363485283
CASTLGGLVFNEQFF	0.001128140049794477
CSARDPASFFYEQYF	0.001119912957362065
CAWSLGRVNSPLHF	0.0011147710245918076
CASSGEEGTEAFF	0.00110243038594319
CASNAGTGYTF	0.001100373612835087
CASSLLPGTGADGYTF	0.001098316839726984
CSARETDESSPLHF	0.0010890613607405207
CASSPRTVYEQYF	0.001056152991010873
CASSWKGLYTEAFF	0.0010139891422947624
CASSQTGGSGNTIYF	0.0010119323691866594
CASIWTGDSNQPQHF	0.0009779956129029603
CAWERQAYYGYTF	0.0009461156297273644
CASSQASEQYF	0.0009276046717544377
CASNPGRGTYEQYF	0.0008988098482409962
CASSEYRGGNEQYF	0.0008977814616869447
CAWRQGPAYEQYF	0.0008802988902680695
CARGAGGTGNTIYF	0.0008761853440518636
CAWSTQGHSPLHF	0.0008710434112816062
CASSLKQGTYSNQPQHF	0.0008545892264167825
CASSLSTSGGEETQYF	0.0008381350415519588
CASSLWETGNTIYF	0.0008103686045925687
CASSEGTSGSYEQYF	0.0007959711928358479
CASAGDRGILYYGYTF	0.0007846589407412816
CASSSPGGSGNTIYF	0.0007476370247954282
CASNKRDSYEQYF	0.0007352963861468104
CASIVFREAFF	0.0007332396130387075
CATSDSTGSSGNTIYF	0.00072809768026845
CAKGQLQPQHF	0.000726040907160347
CASSVRDSSYNEQFF	0.0007106151088495748
CASSSGLLSSGNTIYF	0.0007044447895252659
CASSVMGASGSGNTIYF	0.000702388016417163
CASSEGQGEQPQHF	0.0006993028567550085
CSARENGLSNTEAFF	0.0006972460836469055
CASSPTSLHNEQFF	0.0006807918987820818
CASTEGTGTQPQHF	0.0006746215794577729
CASSLGGGSNEQYF	0.0006725648063496699
CASSLGTERSNYGYTF	0.0006674228735794126
CASSSGTHYGYTF	0.0006663944870253611
CSASGEAYSNQPQHF	0.0006653661004713096
CASSSMGGPTLYGYTF	0.0006653661004713096
CASTLTGTSGRRGGNEQFF	0.0006591957811470006
CASSDTLRQGGGISDTF	0.0006550822349307947
CASGAQENTEAFF	0.0006530254618226917
CASRLNSGGYEQYF	0.0006519970752686403
CASSFGENSPLHF	0.0006519970752686403
CAWSVGLGGEQYF	0.0006417132097281254
CASSYGQDYEQYF	0.000638628050065971
CASSSTRGLLEQYF	0.0006283441845254562
CASSPSDRGGNTIYF	0.0006242306383092502
CAWSGYSYEQYF	0.0006232022517551987
CAWSVRGGEQYF	0.0006190887055389928
CASSQTELAGGTDTQYF	0.0006180603189849414
CASSLEGQGASYGYTF	0.0006170319324308899
CAWRRGGYTF	0.0006149751593227869
CASSYPPGQGLDEQYF	0.0006139467727687354
CAWSSTGRYGYTF	0.0006118899996606324
CASSTGLSGGNTIYF	0.0006077764534444265
CAWRTPIRRQGPNYGYTF	0.0006036629072282205
CASTSLNSVNEQFF	0.0005995493610120147
CAWSVFGRHSGNTIYF	0.0005933790416877057
CASSEQGRDGYTF	0.0005892654954714998
CASRQTGANYGYTF	0.0005892654954714998
