TCR	Abundance
CASSSVNTIYF	0.03650953090912154
CASSDGQLETQYF	0.027030214203286752
CASSLTGGWGSHEQYF	0.019152368197171473
CASSLEPSGAYEQYF	0.017312940641346374
CASSFNDEQFF	0.013779386618822598
CASSSGTGYNQPQHF	0.013502472224328035
CASSLYTSGLNEQYF	0.013119214279096016
CSALAGSGNQPQHF	0.012837035352386728
CASSSNSGSGYTF	0.011258728594412015
CASSIFTGSDMNTEAFF	0.009182397088924267
CASNQGGTKGYTF	0.0078736343803435
CASSSVTEAFF	0.00767358215618393
CASSPERGTANSPLHF	0.007401932293904093
CSARDSRTALYEQYF	0.0071892451924291815
CASSQEPTSGGREQFF	0.006739654141291621
CASSGGAATNTGELFF	0.006674373941829024
CASSFEYSGWEETQYF	0.004773877812313109
CASSTREVTEAFF	0.004602254062113057
CASSHSGQYEQYF	0.0044980163242614914
CASSYVTGTGHYGYTF	0.0037620347206428627
CAWSVAYEQYF	0.0037515056562134113
CASSLWGGTFCTF	0.003735712059569235
CASSQDNRGPYYGYTF	0.0035367127418526097
CASSLGLAGGNEQFF	0.0034956493905777507
CASSYSSGDYNEQFF	0.003128185041989909
CASSYQTGTGTYGYTF	0.002926027004944449
CASKETSGGFRDEQFF	0.0025080231470952417
CSAPPPTTDTQYF	0.0024543249185050415
CSARVGGQGGNTEAFF	0.001962617609649677
CASSQYGSTETQYF	0.001834163023610374
CASSYNLGYNEQFF	0.0018194223334091425
CASSYSRGTGGRPDTQYF	0.0018120519883085269
CASLDPGPKYEQYF	0.0016899148409268946
CSANGLDMAYEQYF	0.0016288462672360785
CASRPTGQFTEAFF	0.00159410035461889
CASSSTLVYTDTQYF	0.001553037003344031
CASSETGFYEQYF	0.0015404021260286896
CAWTSLGGDNSPLHF	0.0015277672487133483
CASSYSGGLSYEQYF	0.0014993387747538306
CASSYSLPGDLGYGYTF	0.0014824922716667088
CASSLGGQGGYTF	0.0014509050783783556
CATSDWTAWNEQFF	0.0014477463590495203
CASSEREGTGGDEQYF	0.00139404813045932
CASRQSSGRDEQFF	0.0013845719724728139
CATSDLRGRSGVGNPNEQFF	0.0013508789662985705
CASSFPNGLAGERPAVFF	0.0012950749248224799
CASRLGENRGEKLFF	0.0012466412284470052
CASSWGTGFTEAFF	0.0012066307836150912
CAWSVAVEQFF	0.0011887313740850244
CASRETSSVGELFF	0.0011508267421390004
CATGVKLAGVNYNEQFF	0.0010992343264346904
CSVEGTGGPYEQYF	0.0010834407297905138
CASSDQEEYNEQFF	0.0010276366883144232
CASSSGAGGQGEQYF	0.0010244779689855877
CSARLAGDTGELFF	0.0010234250625426426
CATSEETGADGYEQYF	0.0010055256530125758
CSVGGLGRSYEQYF	0.0010044727465696307
CAWTTYNEQFF	0.000937086734221144
CASTETGFGNQPQHF	0.0009349809213352538
CASSTDSASGAPSTDTQYF	0.0009307692955634735
CASSEAASANYGYTF	0.0009212931375769675
CASSEGQPLGYNEQFF	0.0008949704765033399
CASSPGGPYEQYF	0.0008739123476444377
CASSHRDRNYEQYF	0.0008697007218726573
CASSEQGPGTNSPLHF	0.0008528542187855356
CASSPTPPPYNEQFF	0.0008496954994567003
CASSLDLVMNTEAFF	0.0008212670254971825
CASSVGAGDGYTF	0.0008149495868395118
CASNREGCLNQPQHF	0.0008107379610677313
CASRVPGQGRGSYEQYF	0.0007981030837523901
CASSSQGVGNTIYF	0.0007938914579806097
CASNHQGGNYGYTF	0.0007886269257658842
CASSDYRGLTLGYGYTF	0.0007812565806652684
CASSLLASSGLEQFF	0.0007559868260345858
CARSPSGSGEQYF	0.000747563574491025
CASSRVAGDDEQYF	0.0007454577616051348
CASSEAPGNYYEQYF	0.0007359816036186288
CASSEKDNTGELFF	0.000727558352075068
CASSPGLPNRELFF	0.0007243996327462327
CATSRDMEFMSYEQYF	0.0007243996327462327
CASSPGDNTEAFF	0.0006886008136860991
CASSLVGTGSRPYGYTF	0.0006886008136860991
CASRGQGTYEQYF	0.0006822833750284285
CASSLGSANTEAFF	0.0006791246556995932
CASSSGQGDETQYF	0.0006738601234848676
CASSLGQNSPLHF	0.0006728072170419225
CASSLPRGHTDTQYF	0.0006728072170419225
CASSFGQPGYGYTF	0.0006717543105989774
CSAPQEGTYEQYF	0.0006696484977130872
CASQQGRASNQPQHF	0.0006654368719413067
CASNELGGYEQYF	0.0006643839654983617
CSARGASLSSYNEQFF	0.0006622781526124715
CASSLSLSTEQYF	0.0006612252461695264
CASSFRHFYEQYF	0.0006601723397265813
CASRTSGLITAGYTF	0.0006570136203977459
CASSQDRGQGTDTQYF	0.0006538549010689106
CASSLPGGRVYEQYF	0.0006391142108676791
CASSEPGQGYNEQYF	0.0006349025850958987
CASSLLEINYGYTF	0.0006338496786529536
CASSAMGALGRDTEAFF	0.0006254264271093928
