TCR	Abundance
CASSLGVDWAF	0.06526942673941716
CASSLGGSGTADTQYF	0.025884974077857753
CASSMGQGPYEQYF	0.009976998213804045
CATSRDAGANTEAFF	0.006675402956037491
CASSRKREGDTQYF	0.005115401851611931
CASRQGLAGEQYF	0.003936639955143331
CASRPSSGYTF	0.003752923010918946
CASTRSSYNSPLHF	0.0036276131876907523
CASSFAGGGGTEAFF	0.0029830109614236897
CASSDQTGGGTEAFF	0.002920356049809593
CASSVGWGDEQYF	0.0022056652783470996
CASSIEGGGSYEQYF	0.0021515059479688126
CASSQALGPRVYEQYF	0.00212708115191586
CASSLDPGRHEQYF	0.0021260192042613837
CSASAGINYGYTF	0.0019040721444758546
CASSDPGQGSFSSYEQYF	0.001807434907918519
CAGTLGESTDTQYF	0.001778762321247661
CASSLSPGQLNTEAFF	0.0016991162471619449
CSASTSGRRSYNEQFF	0.0013858416890914613
CASSGKGTGSDPGDTQYF	0.0012796469236438397
CASSDSEGGTDTQYF	0.0011097352989276452
CASSQGMSEAFF	0.0010959299794194544
CASSARGARNTEAFF	0.001058761811512787
CASSLGQGPYEQYF	0.0010258414342240241
CASSAIYRGTGELFF	0.0009631865226099275
CASSLTAPGGNQPQHF	0.000916460825812974
CASGEMNTEAFF	0.0009047794016137356
CASSTPPTGGNTEAFF	0.0008888501867965925
CASSGGRYEQYF	0.0008729209719794492
CAISESGQGSYEQYF	0.0008219474845645909
CATSDPRGRVTQYF	0.0008038943744384952
CASSEGDRRSYEQYF	0.000778407630731066
CASSLGGRGFEQYF	0.0007677881541863038
CASSEEGGYTEAFF	0.000763540363568399
CASSLGDWEGRGGYTF	0.0007380536198609699
CASSPRTDSYNSPLHF	0.0007072571378811596
CASSDIQGVDTQYF	0.0007061951902266833
CASRDRGRTTYEQYF	0.0007040712949177309
CSVRRDWGTGELFF	0.0006562836504663012
CASTEPGQTYEQYF	0.0006414163833036342
CATSSGLAGWSDTQYF	0.0006392924879946817
CASSYKVNTEAFF	0.0006307969067588721
CASAPWGGTEAFF	0.0006191154825596337
CASSLVGGATYEQYF	0.0006148676919417288
CASSSQGWRTNTEAFF	0.0005904428958887759
CASSFGAPGLNTEAFF	0.0005649561521813467
CASSGDRGPGEKLFF	0.0005405313561283937
CASWAAIPYAYGYTF	0.0005129207171120121
CASSLGVNYEQYF	0.0004991153976038213
CSGGPPNNEQFF	0.0004938056593314402
CSARDSVERGPYNEQFF	0.0004757525492053446
CASSVRQGGEKLFF	0.00046300917735163
CASSEGPGEDYEQYF	0.00046088528204267753
CASSYLRTGGSGYGYTF	0.00045345164846134404
CASKKGGTEQYF	0.0004523897008068678
CASSPGSTRGELFF	0.0004492038578434392
CASSSFGGGNQPQHF	0.00044601801488001054
CASSFSYTNYGYTF	0.0004428321719165819
CSARDAPPWEQYF	0.00043964632895315326
CAIATGYGNTIYF	0.0004247790617904862
CASRTGVAGELFF	0.00042371711413601
CAWIRQGSSYEQYF	0.0004205312711725814
CASSYDRANQPQHF	0.00041946932351810516
CASSSRQDNYGYTF	0.0004152215329002003
CAISSNRGRGSNQPQHF	0.0004099117946278192
CASSVAHNYGYTF	0.0004077878993188668
CASSYSMGAYGYTF	0.00040672595166439055
CASSIIGTGGQEQYF	0.0004003542657375333
CASSWTSGSIYEQYF	0.00039823037042858084
CASTDGPGISYEQYF	0.0003961064751196284
CASSSLGAGKNTEAFF	0.00039504452746515217
CAWRSEGPYYGYTF	0.00038548699857486623
CASRTGLAPTEQYF	0.00038336310326591384
CASSFESYEQYF	0.0003823011556114376
CAWNQDRGSGNTIYF	0.000369557783757723
CASLFPRTGGYEQYF	0.00036424804548534196
CASSLWASGIYEQYF	0.0003621241501763895
CASSLLGDAQYF	0.0003600002548674371
CASSLGQGVTYGYTF	0.0003600002548674371
CASIGFDSNQPQHF	0.00035893830721296085
CASSFGGYNEQFF	0.00035787635955848463
CASREKTTANQPQHF	0.00035787635955848463
CASSMHSYGSYEQYF	0.0003568144119040084
CASSEAALAGSYEQYF	0.000354690516595056
CASSIGTGPYEQYF	0.000354690516595056
CASAAGQGVGDEQYF	0.000354690516595056
CASSEASGTGGAEQYF	0.0003525666212861036
CSARDRQGLTEAFF	0.0003493807783226749
CASSALRGDYGYTF	0.00034725688301372247
CASSTGGDSPLHF	0.0003451329877047701
CASSEVQGNQPQHF	0.0003419471447413414
CASSSGLADYNEQFF	0.0003408851970868652
CASSLLGGEGQPQHF	0.00033982324943238897
CASTPTSGSAYEQYF	0.0003366374064689603
CASSEWGSTYEQYF	0.0003345135111600079
CASSNAGAANYGYTF	0.0003323896158510555
CASSDPGPFGAFF	0.0003323896158510555
CAWSSPSWKVGREAFF	0.0003292037728876268
CASSFNRDTEAFF	0.0003292037728876268
CASSGQGISGNTIYF	0.0003281418252331506
