TCR	Abundance
CAGMGVSGANVLTF	0.1462653931663817
CATSDSPGDRDREEQFF	0.03796148931877788
CASSYSIAGVVAFF	0.036751025531819505
CASSPGLLQANYGYTF	0.03336111558298911
CASGTPVEEQYF	0.016722333056869383
CASSPRSEWNYGYTF	0.012841309012656886
CASSQPVVLYYEQYF	0.012694586129389205
CASSLAGDILYNEQFF	0.012377705457887475
CSARDEVQALYGYTF	0.012156602224074373
CASSPGTGRGETQYF	0.008956209332798067
CSALGLAIDTQYF	0.007437016145630613
CASSSSREGAPLHF	0.006805292620450317
CASRLGGRGTDTQYF	0.0059922033090085815
CASSWGQGGQPQHF	0.004622789731843552
CASSLELPNEQFF	0.004172431992924696
CASSQWRGAGEKLFF	0.003384815404272489
CASRTSGLSYEQYF	0.0028233965939912903
CASSFQGYTEAFF	0.002495307924462169
CSARGKGGHEQYF	0.0019338891141809705
CASTPRGTVNQPQHF	0.0019094353003030235
CASSTLLMTSGTTSYEQYF	0.0018696978527513598
CASSHRDSYYEQYF	0.001856452036900805
CASSEGTSGSYEQYF	0.0018340360408460204
CASSLASSGVHTGELFF	0.0018034687734985867
CAISDPWQGVNEQYF	0.0017942985932943567
CASSSLHIRGQGYEQYF	0.0017830905952669644
CASVLAGGDYGYTF	0.0017352018764226515
CAWSEGSGGYEQYF	0.0017005589734288935
CASSETLTGTSSYEQYF	0.0016934266110478254
CASSTPSKGASYEQYF	0.0016608215258772296
CASSLAQGSTGELFF	0.0015456848188685629
CASSQDGGFGETQYF	0.0014295292029483148
CSARGQGGHEQYF	0.0014101699336282734
CASSLKTGTIYGYTF	0.001331713947436527
CSAREAREITDTQYF	0.0012929954087964445
CASSFSPGTGELFF	0.0012777117751227277
CASSDSAERGTDTQYF	0.0012359365097479016
CASSGRPQETQYF	0.001082081264099152
CASSDSDGTNTGELFF	0.0010423438165474883
CASSLSAAHNEQFF	0.0010138143670232168
CASSDGPGNTIYF	0.0009771336462062964
CSARVPQESPYEQYF	0.0009455474699472816
CASSYPTDYQPQHF	0.000931282745185146
CATSRDLTTDTQYF	0.000924150382804078
CASSEGLVIPGELFF	0.000906828931307199
CAWSKGDGDVNEQYF	0.0009027532956608745
CSARQESSGNQPQHF	0.0008222594916459658
CASSMQTGRDTQYF	0.000790673315386951
CASSQEGLGRGPFWLPF	0.0007886354975637888
CASSQKGASNYGYTF	0.0007550115034816117
CASPPRQGRGSGNTIYF	0.0007529736856584495
CASSLGRLGGNEQFF	0.0007529736856584495
CASSLDRSSGGWFF	0.0007264820539573403
CSALGQGADEQYF	0.000723425327222597
CASSGRESNQPQHF	0.0007173118737531102
CSARRGGWGADTQYF	0.0006806311529361898
CASSGQENTEAFF	0.0006704420638203786
CASSEPGGPSNQPQHF	0.000657196247969824
CASSENGENQPQHF	0.0006398747964729449
CASSLASYEQYF	0.0006388558875613638
CASSQEKPPSSYNEQFF	0.0006266289806223903
CASSMDRGLVFGAFF	0.0006266289806223903
CASSSPATFSYEQYF	0.000607269711302349
CASSPGETQYF	0.0005919860776286321
CASSLEWGLAGGEQYF	0.0005879104419823077
CATTRQFLTGELFF	0.0005807780796012398
CASSLARTGGGVAFF	0.0005787402617780775
CASSPIPNEQYF	0.0005339082696685082
CASSIGPTSNEQFF	0.0005318704518453459
CSARDGGQGLSGYTF	0.0004951897310284256
CASSHSLAGEGNEQFF	0.0004931519132052633
CSARGGLANEQYF	0.00048805736864735767
CASSVQAGGYNEQFF	0.00047786827953154646
CSARSLDLGTIYF	0.00045443337456518065
CASSSSGGFTDTQYF	0.00045137664783043727
CSALGQGEGNQPQHF	0.0004401686498030449
CASSNSGARDEQFF	0.00043303628742197704
CAWSVIEGVDAGELFF	0.0004177526537482602
CASSPRGGSSYNSPLHF	0.0003983933844282189
CASSEILGNTIYF	0.00039329883987031326
CASSSSGGPGNTIYF	0.0003820908418429209
CASRPGGVAHLQETQYF	0.0003820908418429209
CSVAGVVNEQFF	0.0003820908418429209
CASSPLGLNYNEQFF	0.0003810719329313398
CASSLDQETQYF	0.0003780152061965964
CASSQVVAGDYEQYF	0.00037393957055027196
CASSEGRDTEEQYF	0.0003708828438155286
CASSYSVIRDIDQPQHF	0.0003678261170807852
CASSGGTDADTQYF	0.00036578829925762294
CASSPGQVDTGELFF	0.00036476939034604187
CASTGEYEGYNEQFF	0.00036375048143446074
CASSERSQSPLHF	0.0003617126636112985
CASSPRGGYNEQFF	0.00035661811905339286
CASSQDRNQPQHF	0.0003443912121144194
CASSGGNSGRGLQYF	0.00033725884973335156
CASSQVRTGGGEQYF	0.0003321643051754459
CASSQVAGEVGELFF	0.00032910757844070254
CASITRGSGGPSYEQYF	0.0003209563071480536
CASSLSGTTQYEQYF	0.0003168806715017291
CSAMGRGRLDEQFF	0.0003148428536785668
