TCR	Abundance
CASSPGTGWGFSYTF	0.052224120517829625
CASSLGNRVYEQYF	0.03726151172183354
CASSYATGTAYGYTF	0.025929265625111695
CATGTGSRTDTQYF	0.02449958692497557
CSVTGPSGNTIYF	0.01379027226188446
CASSVGQLYGYTF	0.010651106316014137
CSVVILNRDMSYEQYF	0.010473417677568648
CASSEVTSGSTGELFF	0.007070782371244668
CSGRQGDNEQFF	0.004745512085380412
CASSVEAKTEAFF	0.003284176214026986
CASSHPTTGGYGYTF	0.0028910145714895518
CASTPYSNQPQHF	0.0027878734652654453
CASSAPSGGGYTF	0.002658181183181668
CASSLNDWGGTGELFF	0.0023763302394405462
CASSLGGGNYGYTF	0.0023334398784364625
CASSYSRGHVNEKLFF	0.0022976979109330595
CASSYSTDEQYF	0.0022537863508574497
CSAQIPGQDNSPLHF	0.0021006064901285793
CASNLDRYSNQPQHF	0.0020526101337668664
CASSEYQRGDEQYF	0.0019637658145441215
CASSYTNVGNYEQYF	0.0019290450461122441
CASRPSGGSYEQYF	0.0019055574674671505
CASSIGAGFTGELFF	0.0017819923798125283
CASSEAGDTGELFF	0.0015869433571510997
CASSYRQGSDGYTF	0.001549158991504645
CASIGTGLNEQYF	0.001502183834214458
CSARQGVGNTIYF	0.0014531662787812193
CASKDRSSTSGRRGLYNEQFF	0.0014317210982791775
CASSFSQRDRAYEQYF	0.0013775975474883098
CASSIALDQGYGYTF	0.0013602371632723711
CSARDQTGNGYTF	0.0012438204691184295
CASSRPSSGLSGYTF	0.0012387144737608005
CATGRDGELFF	0.0012315660802601199
CASRPEQVIGELFF	0.001225438885830965
CASSVEGKTEAFF	0.0011692729368970457
CASSSTGTIDEQYF	0.001163145742467891
CASSLSGQVNTEAFF	0.0011396581638227975
CASSVEGRDTQYF	0.0010783862195312493
CASSDPGSTEAFF	0.0010620470343868363
CASSPGQGGPYEQYF	0.0010242626687403816
CASSIGGSPLHF	0.0010150718770966494
CASSRDRGRGGYTF	0.0010140506780251235
CASSLSPGSYNEQFF	0.0009864783030939267
CASRSPSYNEQFF	0.0009589059281627301
CATSETGTGDEKLFF	0.0009497151365189979
CASTRQGENSPLHF	0.0009466515393044204
CASSGTGDNSPLHF	0.0009129519699440689
CASSPPAVSYEQYF	0.0009119307708725431
CATSDFDTNIQYF	0.0009068247755149141
CASSLSGSTTTYEQYF	0.0008802735996552432
CASLGGPSYGYTF	0.0008690404098684593
CASSEEGALNSPLHF	0.0008629132154393045
CASSFPWGNHQPQHF	0.0008435104330803142
CASSSPQGARNYGYTF	0.0008384044377226852
CATQDISYEQYF	0.0008026624702192821
CAWSGLEGDEQFF	0.0007934716785755498
CASNERAPGGSGNTIYF	0.000792450479504024
CASIPDTTNYGYTF	0.0007893868822894466
CATSSTAGETQYF	0.0007781536925026628
CASSGRAGWNEQFF	0.0007730476971450338
CASSFLRNYGYTF	0.0007679417017874047
CASSRIGMNTEAFF	0.0007495601184999402
CASSYMAADSSYGYTF	0.0007464965212853629
CASSLAANTEAFF	0.0007444541231423112
CASSQDGSGTYNEQFF	0.0007444541231423112
CASSLGARPYEQYF	0.0007403693268562081
CASSPERMSTDTQYF	0.0007250513407833209
CASSLPEGFSNQPQHF	0.0007179029472826403
CATSDRQGAEYGYTF	0.00069850016492365
CASSYESGVQPQHF	0.00069850016492365
CASSLAGAPYEQYF	0.0006944153686375468
CASSLRSLTTSSYNSPLHF	0.0006811397807077114
CATSRGTGLPPGNTIYF	0.0006739913872070307
CASSLDTTGNTIYF	0.0006556098039195663
CASSLWTSNSPLHF	0.0006311010262029469
CASSPDRDGEQYF	0.0006300798271314212
CATKEGSKGNTIYF	0.0006219102345592148
CASSVEGASGRAGNEQFF	0.0006127194429154825
CASSLWGSQGGYTF	0.0006116982438439567
CASSLSRSRQPQHF	0.0006086346466293793
CASSQAAPDNSYEQYF	0.0006004650540571728
CASSLDRGHQPQHF	0.0005953590586995439
CASSLQAGERHGYTF	0.0005912742624134406
CASSFRWRGFSNQPQHF	0.0005820834707697084
CASSLTGVETQYF	0.0005759562763405536
CASRSGTRYEQYF	0.0005657442856252955
CASSFLLSSGRWNSPLHF	0.0005647230865537697
CASSYSGALSYEQYF	0.0005647230865537697
CASSLAGPYNEQFF	0.0005585958921246149
CASSFIQGNQPQHF	0.0005494051004808826
CASSALYNEQFF	0.000542256706980202
CASSPHSNQPQHF	0.0005340871144079956
CASSAGGNQPQHF	0.000532044716264944
CASSSGDWGRGVFGYTF	0.0005289811190503666
CASSYSQGRGEKLFF	0.0005259175218357892
CASSFGGRTPLHF	0.0005197903274066344
CSATSVPTTLAPITDTQYF	0.0005197903274066344
CSARSGLAGDIYEQYF	0.0005116207348344279
CSARDTGKAYEQYF	0.0005024299431906957
CASTPTGQGAGSPLHF	0.000495281549690015
