TCR	Abundance
CASSYSSGTDLTNSPLHF	0.21628462223153044
CATSDPLAAAYEQYF	0.00623069270642442
CATSRVGLGMNTEAFF	0.004503900727786795
CASSEWGTAVDGYTF	0.00413005916540133
CASSLGREGLTDTQYF	0.003842085973087596
CASTIQPPHYNEQFF	0.0028922980260746634
CASSEALPGPTYYGYTF	0.001986491439342374
CASSLSSTGEYEQYF	0.0019749725116498247
CASSPGTGHYEQYF	0.0019613592334677206
CASSKAGDDNEQFF	0.001839886905073564
CAGGRGPHEQYF	0.0016011309492643595
CSVASSGTGSYGYTF	0.0013791297973715902
CATSDRIEETQYF	0.001329912560867061
CASSECQPGEEKLFF	0.0013121105817058484
CASTVAANQPQHF	0.0012534687679983244
CASTDRGRGTEAFF	0.0011068642337295146
CASSYSGGDEQFF	0.0010555526467354312
CAWNAPTNTEAFF	0.0009990051835174617
CASSEAFEAFF	0.0009445520707890466
CASSLTARNEQFF	0.0009361746688308288
CASRPTGDKTYEQYF	0.0009298916173621656
CASSFGGTNNQPQHF	0.0009016178857531808
CASSLMGREQYF	0.0008555421749829834
CASSLYVFSGNTIYF	0.000853447824493429
CASSEWGAGKYEQYF	0.0008084192889680088
CASSYLEEFWVRSSYNSPLHF	0.0007969003612754594
CASGAQGSGSPLHF	0.0007717681554008063
CASSHSLAESYEQYF	0.0007403528980574899
CASGTRQGLAEQYF	0.0007277867951201634
CASSRTGQGAEAFF	0.0007256924446306089
CASSAGQHGTDTQYF	0.0007110319912037279
CSAPGPSNYGYTF	0.0006974187130216242
CASSLQRDGHYGYTF	0.0006817110843499659
CSARENEGLAGNNEQFF	0.0006544845279857584
CSASEGGDSYEQYF	0.0006387768993141003
CASGPRDRGLRGGNTIYF	0.0006303994973558825
CASSERPGHGYTF	0.000608408817215561
CASSLSFSGNTIYF	0.0005801350856065763
CASSQPVLGLAGEPGELFF	0.0005717576836483585
CASSFTWTSGAKSYEQYF	0.0005686161579140269
CSAPDLTSSGNTIYF	0.0005256819728781611
CSASTSGRTGEQYF	0.0005235876223886067
CASSAPYEQYF	0.0005173045709199435
CASTKDRANYGYTF	0.0005162573956751662
CASTPGGTGIYNYGYTF	0.000515210220430389
CASSEQRTGPYEQYF	0.0005078799937169485
CASSEAVGYGYTF	0.00047751191161840936
CASSVGLYGYTF	0.0004680873344154144
CASSYGTDTQYF	0.0004649458086810828
CASSFVPDRAYNEQFF	0.0004607571077019739
CASGTEYYGYTF	0.00045970993245719673
CASSPEGNYGYTF	0.0004534268809885334
CASSSSGGRGYTF	0.0004387664275616524
CASSYGSTGGSYEQYF	0.00043248337609298916
CASSPIGTSGRFGEQFF	0.00043143620084821197
CASTQRQGLPGNTIYF	0.0004230587988899942
CASSILGGNQPQHF	0.0004230587988899942
CASSQVGGGLSGNTIYF	0.00041782292266610816
CASSLAGGSPLHF	0.00041782292266610816
CASTPDGGSGNTIYF	0.0004083983454631133
CASRGAGRHYGYTF	0.0004042096444840044
CASSYLGVGYTF	0.00040211529399444997
CASSQELQGYSGNTIYF	0.00040002094350489553
CASSRDRHTDTQYF	0.0003958322425257867
CDQRDTADTEAFF	0.0003958322425257867
CASSAGGKRAYEQYF	0.0003937378920362323
CASSEGRRHYGYTF	0.0003937378920362323
CASYTPSGLGYEQYF	0.0003864076653227918
CASSLLPPDMNTEAFF	0.00038326613958846015
CASSYDGRAGRSGNTIYF	0.0003822189643436829
CASSERGQGVGGNTIYF	0.000372794387140688
CASSFGGHNQPQHF	0.00036965286140635634
CASSHGTLEQYF	0.0003675585109168019
CASSVYRAPGGISNQPQHF	0.00036232263469291584
CASSERVAGLNYGYTF	0.00036022828420336145
CASSLGGFYNYGYTF	0.000358133933713807
CASSAGYSGNTIYF	0.000358133933713807
CASRIRTGSSGNTIYF	0.0003549924079794754
CASSYLGNGYTF	0.00035289805748992095
CSARDFTSGIVGEQYF	0.0003518508822451437
CATMGEQSFYGYTF	0.0003487093565108121
CASSGSGGNYGYTF	0.0003487093565108121
CASSQSGGGSYEQYF	0.000343473480286926
CASRTRTVSGNTIYF	0.0003413791297973716
CASSLRGLSGNTIYF	0.0003403319545525944
CASSLSGTGFTSEQYF	0.00033928477930781714
CASSFHSSYEQYF	0.00033823760406303995
CASSEQSSNYGYTF	0.00033823760406303995
CASSFEGNYGYTF	0.0003361432535734855
CASTRERISNQPQHF	0.0003361432535734855
CASTTGQGTDTQYF	0.0003330017278391539
CASTGETGGIYGYTF	0.00033195455259437664
CATSDSTGYGYTF	0.00032986020210482226
CASSQDLQGANYGYTF	0.0003277658516152678
CASSRSQNNQPQHF	0.0003277658516152678
CASSYVPGTSGNTIYF	0.0003277658516152678
CASRGGHGYSGNTIYF	0.0003267186763704906
CASSYPLAGSGSVFNEQYF	0.0003246243258809362
CASSSRTGHTISGANVLTF	0.00032357715063615895
CASSKDRGLGNTIYF	0.00032252997539138176
