TCR	Abundance
CASSHLTPNTGELFF	0.018777729080464794
CASSLGTWITDTQYF	0.01038032375465096
CASSASGTAYGYTF	0.00657312037128368
CASETGQGVPEAFF	0.00460443827988436
CASSEAASGESYEQYF	0.0040695587447211155
CATSRQGHPDEKLFF	0.0035621350031879227
CASSQEGWRGNGELFF	0.003536712972048985
CAISLDRASGGTEAFF	0.003170635723648285
CASGLAGAPGSSDTQYF	0.00316046691119271
CASRRDSGFHEQYF	0.00307911641154811
CASSDSGTYNEQFF	0.0029947152681668375
CATSGPREHNEQFF	0.002849301250052115
CASSLGITNYEQYF	0.00242017736442685
CASSFTQDSNQPQHF	0.002415092958199063
CASRPDGPSGNTIYF	0.002206632302859775
CASRRLGGANNYGYTF	0.0021862946779486253
CASSEGDSPSPLHF	0.002076471503428415
CASRPGDRVGSPLHF	0.0019859690725737974
CASSPRLTGSLDTEAFF	0.001820217429547925
CASSPGQGYHRGTF	0.0017886941109356426
CSARGGRADNSPLHF	0.0016015879617530626
CASSPRSTDTQYF	0.00155786206819409
CASTLVQGANQPQHF	0.0014998998371973126
CASSSRTGHTISGANVLTF	0.00148057909353172
CASRTFDQGANYGYTF	0.0014612583498661276
CASSLEGVELLGETQYF	0.0014551570623927827
CASSDGSGNTIYF	0.00131381056926029
CASSFSVGTTDTQYF	0.001311776806769175
CSAESGNQPQHF	0.0012660171507190875
CATSDLQGQGGETQYF	0.00117551471986447
CASSQTGEGYEQYF	0.00117144719488224
CASVWDIGSYEQYF	0.001149075807479975
CASSDLEADTQYF	0.0011378901137788426
CASSLWSSGSSYNEQFF	0.0010616240203620301
CASSLGGNSEEKLFF	0.00099247609566412
CATSREGTGEVYEQYF	0.0009812904019629875
CASSQGQHSNQPQHF	0.0009487502021051476
CASSLKRGGYEQYF	0.00093959827089513
CASSLTVEAFF	0.0009385813896495726
CASSEEAGSSYEQYF	0.000892821733599485
CASSLFGLANYEQYF	0.0008673997024605476
CSARVGEGYTF	0.00084197767132161
CASSPGQGARNEQFF	0.000827741333883805
CASRWTGRNQPQHF	0.0008155387589371151
CASSVSVAGGNQPQHF	0.000799268659008195
CASIIGGDGSDTQYF	0.0007555427654492226
CASSEEAGGGNTIYF	0.0007413064280114175
CASSYQGTYNEQFF	0.0007250363280824976
CASSSSDSSSYNEQFF	0.0006884286032424275
CASSYAGWLTDTQYF	0.0006863948407513125
CASSLDVRRTQYF	0.000677242909541295
CASSLSADIYEQYF	0.0006630065721034901
CASSFGLSGTNQPQHF	0.000656905284630145
CASSVVSTGELFF	0.000656905284630145
CASNGGVNNSPLHF	0.0006457195909290125
CSAHKWEDYGYTF	0.0006009768161244826
CASSLRESVGYEQFF	0.00059792617238781
CASSTRGGDTGELFF	0.0005948755286511375
CAHRGWGQMNTEAFF	0.0005826729537044476
CASSRGQGTYNEQFF	0.000567419735021085
CASSRQGSYNEQFF	0.000563352210038855
CASSWFDTGELFF	0.0005613184475477401
CASSGTGGYGYTF	0.0005582678038110675
CASSGDRAISYEQYF	0.0005409808226365901
CASSTGLADTGELFF	0.000538947060145475
CASSLVSSRNMNTEAFF	0.0005379301788999175
CASSVDSSPLHF	0.0005236938414621125
CASSPWDRGHTDTQYF	0.000522676960216555
CASSTRTGRVQGYTF	0.00050437309779652
CSARVLSGNTIYF	0.0005033562165509625
CASSLFGQGGKGGYTF	0.00049217052284983
CATSDSGGDDSNQPQHF	0.00048810299786760004
CASSRDRWGNTEAFF	0.0004809848291486975
CASNRGRTSSYEQYF	0.00047590042292091
CASSVQQLAATYEQYF	0.00046268096672866254
CSARTLAGFNEQFF	0.0004606472042375475
CASSLYGVGYNSPLHF	0.00045759656050087504
CASSATDWAQPQHF	0.00045149527302753
CASSESENTEAFF	0.0004464108667997425
CASSPAGAYEQYF	0.0004342082918530525
CASSLGMNYGYTF	0.0004301407668708225
CSARRYSTYEQYF	0.0004260732418885925
CASSQAYEQYF	0.0004159044294330175
CASSAYRGHEQYF	0.00041183690445078754
CASSYSRRGGGYEQYF	0.000404718735731885
CASSIQGDGNQPQHF	0.00040166809199521254
CASSGAGGGAGDGNEQYF	0.00039760056701298253
CASSSQGGLQETQYF	0.0003955668045218675
CASETSGGNSFHEQYF	0.00039454992327631
CASSEGEVGQFNSPLHF	0.00039251616078519503
CASSATLNTEAFF	0.00039251616078519503
CASSDSGQGANSPLHF	0.00039149927953963755
CASSVRAGGSFYEQYF	0.000388448635802965
CSAQASSQYEQYF	0.0003853979920662925
CASSQDRGSQPQHF	0.000384381110820735
CSAREGGPLGETQYF	0.0003792967045929475
CASSEEPSSGNTIYF	0.0003731954171196025
CASSPGTGKRNTIYF	0.00037217853587404503
CASSLQGVGSYEQYF	0.0003650603671551425
CASSRQRYEQYF	0.000359975960927355
