TCR	Abundance
CASSHQGLDGYTF	0.22965099974403452
CASSFQTGTIYGYTF	0.08541496490417612
CSATRTGEVRGYTF	0.06564545620491923
CSARTYRGDTEAFF	0.03945335564618025
CASSDSSIEAFF	0.03641950191770149
CASSLGQQGRQETQYF	0.01355597230677921
CASSGTGSGETQYF	0.010395665515331925
CASSLSRETYNEQFF	0.008926158549705741
CASSLGTSNEQFF	0.006196200085457796
CASSLGDPGSGANVLTF	0.006086063546743273
CASSIAGRQAEAFF	0.005203951454261213
CATSEGTSTYNEQFF	0.004590042229204335
CASSVEGTSGRATPYNEQFF	0.004514578304529569
CASKEEDEQFF	0.0036324662120475098
CASSLSGGFTDTQYF	0.002936974365720614
CAITERGGNYGYTF	0.0025525162629856588
CASSESSLGQGALYGYTF	0.0023648762340646194
CASSELTSGRAGETQYF	0.002281254047262852
CASSLEQGARVNEQFF	0.0022139483847150878
CASTRMAGETETQYF	0.0019997940038812933
CASSPSSLHGYTF	0.0019263696447382778
CASSTGTSGSVLF	0.001822351802619006
CASSSGTGYEKLFF	0.0015174367556223174
CASSVYRDRGWGSPLHF	0.001472566313923808
CASSFLAGVLSYNEQFF	0.0014256563066935481
CATSRVLPTGTSGNEQFF	0.0011778490945858714
CASSSTEGFYEQYF	0.0011605127875659927
CASSEGASDYAEQYF	0.0011278797390579859
CASSGAGGPSGANVLTF	0.0010972862560817294
CASSFSGRLGEQYF	0.0010962664733158542
CASSWGSEQYF	0.0010656729903395978
CASRFDPGQHNEQFF	0.0009208638375853176
CASSPSLGQGGFKEYF	0.0008902703546090612
CASSRDGSRQPQHF	0.0008831318752479347
CASRGFEDYGYTF	0.0008739538303550577
CASSLTGVTYEQYF	0.0008668153509939312
CASRLQGFYGYTF	0.0008535581750375535
CASSYGISPLHF	0.000817865778231921
CASSLGTGLGTGEQYF	0.0008158262127001706
CASGRQGPNYGYTF	0.0007913514263191654
CASSEEQVPNYGYTF	0.000784212946958039
CASSYSGQGDGYTF	0.0007729953365334117
CASSPGQGFGNTIYF	0.0007566788122794082
CASRVLAGVNTGELFF	0.000750560115684157
CASSLSQAAGPQHF	0.0007301644603666527
CASTPPTGIYGYTF	0.0006934522807951451
CASSFSGGSNQPQHF	0.0006863138014340186
CSARQYRGRSDTQYF	0.0006618390150530134
CASQLGGTKGYTF	0.0006618390150530134
CASSLGIRQGRETQYF	0.0006608192322871382
CASSLKTGAAYGYTF	0.0006577598839895125
CASRESRAFGYTF	0.0006567401012236374
CASRGASNQPQHF	0.0006475620563307604
CASSLGPIGNTIYF	0.0006465422735648852
CASSRGNTIYF	0.00064552249079901
CASRRGQVATEAFF	0.0006445027080331348
CASSLGTGIYEQYF	0.0006414433597355092
CASSQDRESQPQHF	0.0006373642286720083
CASSGMAGGSDEQFF	0.0006353246631402578
CASSLDRDRVRGYTF	0.0006251268354815057
CASQTMDRGGSGYTF	0.0006190081388862545
CASSFAGWVYEQYF	0.0006139092250568783
CASSSTGLAAYEQYF	0.0006088103112275023
CASSHMTDSYEQYF	0.000602691614632251
CASSYVGGNNYGYTF	0.0006016718318663758
CASSFTRLSRTYEQYF	0.0005965729180369998
CASSKGLRGSTYNSPLHF	0.0005924937869734989
CASSLTGYYGYTF	0.0005924937869734989
CASSLPGQENQPQHF	0.0005914740042076237
CASSSWGRGQGAKDIYF	0.0005904542214417485
CASQTGGARSYEQYF	0.0005843355248464972
CASRGALNSPLHF	0.0005843355248464972
CASSLYAGSYEQYF	0.0005843355248464972
CASCLAGYEQYF	0.0005782168282512459
CASIQPGLAGLNEQYF	0.0005771970454853707
CASSRRNRNTEAFF	0.0005741376971877451
CASSDSSQRGYEQYF	0.0005741376971877451
CASSLRGSLYEQYF	0.0005720981316559946
CASSPSYHTNSPLHF	0.0005680190005924938
CASSEGGQLYEQYF	0.0005669992178266186
CASRRWAEREDGYTF	0.0005639398695289929
CASSRDRSSSYEQYF	0.0005639398695289929
CASSVTGGDGYTF	0.0005629200867631177
CASSEMGQGGFGYTF	0.0005588409556996169
CASNPGQIYEQYF	0.0005578211729337417
CASSDRWGDGYTF	0.0005557816074019912
CASISQGANQPQHF	0.0005557816074019912
CASISGRGGYTF	0.0005537420418702408
CASSLTGRTVLNSPLHF	0.0005466035625091143
CASGRGSSYEQYF	0.0005445639969773639
CATSDGEGGIYGYTF	0.0005425244314456135
CASSLWTTYNSPLHF	0.000540484865913863
CASSESLDSSYEQYF	0.0005394650831479878
CASSPPPTDTQYF	0.0005384453003821127
CATLEQGTPGNTIYF	0.0005374255176162374
CASSFGTGPYEQYF	0.0005374255176162374
CAISPYRHFWSTEDRLRTDTQYF	0.000535385952084487
CASNPRGGYGYTF	0.000535385952084487
CASSYGQGYEQYF	0.0005343661693186117
CASSSPFGSSYEQYF	0.0005302870382551109
