TCR	Abundance
CASSFGGANGYTF	0.019742157011938235
CASSEQSAGPQHF	0.014318936435973826
CASSLIREPYNEQFF	0.013368085521430912
CASSRGVEQPQHF	0.011865720650010264
CAISDVNRQGRTGELFF	0.009814905788138978
CASSSGGTGELFF	0.00926134918697651
CASSGNLNAEQFF	0.006523184523292784
CASSPDSGYSYEQYF	0.005994139653547103
CASNTYRDREWELFF	0.00563157029300711
CASSLEQAARADTQYF	0.005480414615936915
CASSIGRHGELFF	0.005303725885307566
CASSLEGGRNYGYTF	0.003931068925967422
CAISPIDDRVVYEQYF	0.00345309016334005
CASSSTPSEQFF	0.0033867042240862486
CASSYSGQGLGEKLFF	0.0032733374662836027
CSVPTPNYGYTF	0.0032069515270298013
CASSAGGTTGELFF	0.002927109260021468
CASSETATLNQPQHF	0.0028893203407539198
CAWSVGGNQPQHF	0.0028443821664898075
CSASGVGYEQYF	0.002829062334354315
CASSPPSVANYGYTF	0.0027626763951005134
CASRPPDSYGYTF	0.0026380750937318397
CASSQDWGTGEREKLFF	0.002626840550165812
CASSLAGDRTIIRLHF	0.0023347424174490847
CSVGTGGGSPLHF	0.002186650706805989
CASSLGGRLPYEQYF	0.0020211965197426676
CASSLKGAGGELFF	0.0020028127211800762
CASSLDQRTPTNQPQHF	0.0019497039697770353
CASSFGGAYGYTF	0.0019476613254923029
CASSLVGDNSPLHF	0.0017168425213175463
CASSEGGEKENTGELFF	0.0017096932663209833
CASSPEQGARSYEQYF	0.0016259448506469566
CASSINMNGELFF	0.0016147103070809285
CASRYRGRGGPEAFF	0.001554452300681324
CASSQDQSCMEYRYTF	0.001514620737129043
CASSEGEVSGKNEQFF	0.0014012539793263972
CASSAADRNFYEQYF	0.0013930834021874678
CASSEIAGTDTQYF	0.0013624437379164823
CASSLVGLAGGEQFF	0.0013593797714893838
CASSKNRGVEQYF	0.001348145227923356
CASSPGSNTEAFF	0.0013236334965065677
CASSEWGPDYGYTF	0.0012255865708394144
CASSLISVGSNSPLHF	0.0012072027722768233
CASSYGTSGSDTQYF	0.0011929042622836968
CASRDTQGYTGELFF	0.0011551153430161482
CASSYSDRFSGEQYF	0.001147966088019585
CASSYSGSDGYTF	0.0010529831287795302
CATGTTGNTIYF	0.0010529831287795302
CASHSGGDAFYGYTF	0.0010284713973627419
CASSPFPQGDPYEQYF	0.001017236853796714
CASSSRRQSNQPQHF	0.0010111089209425168
CASSSAGPHREQYF	0.0010019170216612214
CASSSGTGGSGGYTF	0.0009661707466784051
CASSEDSRTYEQYF	0.0009590214916818418
CASSPGGSTIYF	0.0009477869481158139
CASSWTTNTEAFF	0.000937573726692152
CASSPITSGQFF	0.0009334884381226873
CASSIGWTDGYTF	0.0009263391831261241
CSAREREAGELFF	0.0008875289417162093
CASSPSSVGEQYF	0.0008783370424349137
CASSITLAGGPDTQYF	0.0008579105995875901
CASSQDYGRGSEKLFF	0.0008242069688895062
CASSESLPGAEQYF	0.0008211430024624076
CSARRGPYEQYF	0.0008129724253234783
CASSGTGTAAEKLFF	0.0007874393717643238
CSAPPGAVYGYTF	0.0007782474724830282
CASSYGGEDSIVSQPQHF	0.0007690555732017325
CAISDEGLGGYGYTF	0.0007670129289170003
CASSIGGGTRGNEQFF	0.0007516930967815075
CASSVSGKGINTGELFF	0.0007506717746391413
CASSVETGTDREKLFF	0.0007476078082120428
CSVIPNTEAFF	0.0007343306203612825
CASSPPSGWRDEQYF	0.0007271813653647192
CSANVGQMIYGYTF	0.0007271813653647192
CASSMPGRKTEAFF	0.0007251387210799869
CASSSGRASYNEQFF	0.0007220747546528883
CSARDVRGLAYEQYF	0.0007220747546528883
CASRPGAEYNEQFF	0.0007190107882257898
CASSEGSTNYGYTF	0.0007108402110868604
CSVWGGNYGYTF	0.0006975630232361001
CARSLRSDLNSPLHF	0.0006934777346666353
CASSQPSYEQYF	0.0006934777346666353
CASSFGVVQPQHF	0.0006842858353853398
CASSEALQGAEEQYF	0.0006842858353853398
CASSVELNQPQHF	0.0006781579025311427
CSARNREFPYEQYF	0.0006546674932567206
CASSYGRNYYGYTF	0.0006495608825448897
CASSKRGQGEELFF	0.0006485395604025235
CASSVGGTGGDGYTF	0.0006485395604025235
CASSFEGGRNYGYTF	0.0006352623725517631
CASSLYRGPYGYTF	0.0006332197282670309
CASSYAERYEQYF	0.0006311770839822985
CSARPTGGGEQYF	0.0006148359297044396
CASSLRGQGDEQYF	0.0006138146075620734
CASSEAAGELRELFF	0.0006087079968502425
CASRRTSGRTYEQYF	0.0006015587418536793
CASSYPWGGQNNEQFF	0.0005995160975689469
CASRVPQGYTQYF	0.0005984947754265807
CASRVGAGEQYF	0.0005954308089994822
CASSPTESYEQYF	0.0005923668425723837
