TCR	Abundance
CASSETGGTYEQYF	0.09460537074667466
CASSLDRGVWSEAFF	0.04369803515191749
CSAHQTYEQYF	0.02920758413549113
CASGKGGGSGELFF	0.022364618162093897
CASSYSLPYEQYF	0.022174367111665223
CASSPLTNTYEQYF	0.01917892504108613
CASSSLLKMTDTQYF	0.01565624468713822
CASSYRDTYEQYF	0.012817658535795532
CASSNRTSGSLAGELFF	0.008901320423247868
CASRLLATPYNEQFF	0.006767067947960266
CASSQLGNYGYTF	0.005387747832352394
CASSEAPAGNTGELFF	0.00478359954987411
CASSLGPIGNQPQHF	0.004459767974676371
CASSVSGAPENEQYF	0.004132900478461153
CSARDYYGSGLAGLETQYF	0.004064086268731633
CASSYDGGGAYEQYF	0.003279806672549607
CASSGFGAWTSGIHGETQYF	0.0032757587778596354
CASSQATSGAYEQYF	0.0032251600942349882
CASSPTSYEQYF	0.0030774119380510196
CAISVETSFNEQYF	0.0029964540442515846
CASSYRRGYEQYF	0.002880077071914897
CASSLTGGTGELFF	0.002469215760882765
CASSDQTGTSYEQYF	0.002004719845208507
CASSISRGLLNEQFF	0.001653564980853458
CASSSGTATYEQYF	0.0015209964297568834
CASSYRPWMGEQYF	0.001369200378882943
CASSLAGEAGELFF	0.0013337813003456902
CASRVTGNTEAFF	0.0011283506448296241
CASGVGLTYEQYF	0.0010797759085499632
CASSEGTGGSPLHF	0.0010554885404101327
CASSLDSPSNTEAFF	0.0010534645930651467
CSARIRTPRTNYGYTF	0.0010261413039078374
CASSFNPSYEQYF	0.0009846503833356272
CASSLGIAQPQHF	0.0009725066992657119
CASSEAQTDYLSYEQYF	0.0009664348572307543
CSAIRAGQDIDEQYF	0.0009461953837808956
CSARTLGGRAGGEQYF	0.0009128002525886287
CASSFGTGMNNEQFF	0.0009107763052436428
CASNSLHTGELFF	0.0009097643315711498
CASSETDGAGNTIYF	0.0008500578848940666
CASSVVGPDTGELFF	0.0008399381481691373
CASSVIVGGFGGELFF	0.0008348782798066726
CASSPTGSGVQLEQYF	0.0008166627537017997
CASSSRDRGAQTQYF	0.0007863035435270116
CASSQEGSSGANVLTF	0.0007448126229548012
CATSRDREGLGEQYF	0.0007296330178674071
CASSLAGGGEQYF	0.0007134414391075202
CASSLLADHETQYF	0.0007104055180900414
CASSLFSGSYEQYF	0.000700285781365112
CASSSGESSYEQYF	0.0006962378866751403
CASSEDFSGANVLTF	0.0006952259130026473
CSVGGPTKREGRYEQYF	0.000684094202605225
CASSTLPYEQYF	0.0006800463079152533
CSADSGQDYGELFF	0.0006759984132252815
CAISEVATNTGELFF	0.0006658786765003522
CATSEGTDISPLHF	0.0006567709134479157
CASSEEADGSYEQYF	0.0006415913083605217
CASSQTGAVAFF	0.0006405793346880288
CASSPQTWADEQYF	0.0006173039402206913
CAIQLGLAYEQYF	0.0006132560455307195
CASNSGQGAGEQYF	0.0006122440718582266
CASSELALGYTF	0.0006071842034957619
CASSPAGGIEHEQYF	0.0005778369669934667
CASGGGRNEQYF	0.0005778369669934667
CASYSGQVPNTGELFF	0.0005707531512860162
CSARAGTDYEQYF	0.0005697411776135232
CASRTGGGSANEKLFF	0.0005656932829235515
CASSEKLEGTGFNGYTF	0.0005586094672161009
CASSDNPARQPQHF	0.0005474777568186786
CASSDGTSTGELFF	0.0005333101254037775
CSARGAGRDYEQYF	0.0005312861780587916
CASSENQGMYEQYF	0.0005312861780587916
CASAGFYGYTF	0.0005282502570413128
CASSNGLEAYEQYF	0.0005272382833688199
CASSEESGGPYEQYF	0.0005181305203163834
CASSLRGGAQETQYF	0.0005181305203163834
CASTYRSGSSYEQYF	0.000509022757263947
CASRGRVGTTSYEQYF	0.0005059868362464682
CASSLKPGNTEAFF	0.0005059868362464682
CASSDRTRSGYTF	0.0004999149942115106
CASSLDERDRGFHEQYF	0.0004908072311590742
CASSEGTGVNYGYTF	0.0004827114417791307
CASSTSGSYNEQFF	0.0004806874944341448
CSVAGGTGGFYEQYF	0.0004806874944341448
CASRMTGGESYEQYF	0.0004746156523991872
CASSYEDRGAYEQYF	0.00047360367872669427
CSARAGQDYEQYF	0.00047056775770921544
CASSPVEDSSYEQYF	0.00046247196832927196
CASSSPQTSSSYEQYF	0.00046247196832927196
CAISRGGIGNTIYF	0.0004553881526218214
CASSPTGTHEQYF	0.0004533642052768355
CASSEAPSYTGELFF	0.0004533642052768355
CASSLSDGSSYEQYF	0.0004533642052768355
CASSLCLERDDSYEQYF	0.0004503282842593567
CSASPTSGRHEQYF	0.0004493163105868638
CASSSGTSGVQETQYF	0.00044628038956938496
CASGMGHLSGNTIYF	0.00044020854753442734
CASSPGEVNEQYF	0.0004361606528444556
CASSFGNTIYF	0.0004361606528444556
CASSIAGGGWNQPQHF	0.0004361606528444556
