TCR	Abundance
CAISLAGITGELFF	0.12756309849677633
CASRMNSNQPQHF	0.07133832544400952
CASSQGLGSSGMQETQYF	0.0519597608909769
CASSLLGGTPYEQYF	0.03017628242593404
CASSERGTNSNQPQHF	0.026172497176818094
CSVAQGGDEQYF	0.02090628459096643
CATSRETGEETQYF	0.017358884103681672
CASSLAGVGEQYF	0.013567536304950403
CAISEEIWDTQYF	0.010021152264796674
CASFTSGTKYNEQFF	0.0055020283202499645
CATSRDHGLAGVRDTQYF	0.004792548222793014
CASSQTSATGELFF	0.004053591158536276
CASSNYEQYF	0.0037771175388968906
CATSREAENSPLHF	0.00365616033030466
CASTPSGERSYNEQFF	0.003069670335701994
CASSLATGASYNSPLHF	0.002839953284089858
CASSRTSASGELFF	0.00268951910869784
CASSISDSSYEQYF	0.002323598141528066
CASSYSGVLPYEQYF	0.0022951376218593054
CASSDSSGNTIYF	0.002008499530909649
CASSIRGPKEQYF	0.001671039083408635
CASSYRGGGVYNEQFF	0.001636479880953712
CASTSGPQAQPQHF	0.0015744766059610559
CASPGQDNEQFF	0.0015500818748164042
CASSEGIGSHYGYTF	0.0014860457055616938
CASSPSGTNTEAFF	0.0014240424305690376
CAKNSGNTIYF	0.001419976642044929
CASSLLWNEGAGNTIYF	0.0014159108535208205
CASSPLGGHQGEQYF	0.0013854174395900058
CAWSVLREKLFF	0.0012664931252598292
CASSWGQPDYNEQFF	0.0012420983941151776
CASNGYRDQPQHF	0.0011323221039642455
CASSIWYSNQPQHF	0.0010764175117577521
CASSWGRTDYEQYF	0.001068285934709535
CASSPAEVGTEAFF	0.0010388089679097476
CASSEGQGAYVNYGYTF	0.0010316938379925575
CAIGPGQGVYYEQYF	0.0009930688470135259
CASSLGQGVFYTF	0.0009900195056204444
CASSLAGQYEAFF	0.0009646083273447657
CASFRGGAASGNTIYF	0.0009209011007105982
CASSDRSYGYEQYF	0.000899555710959028
CASRLSAGALDEQYF	0.0008761774269454036
CASSTGGRADTQYF	0.0008690622970282135
CASTGTEVDGAKNIQYF	0.0008609307199799963
CASSLTTYEQYF	0.0008609307199799963
CASSPRRIGNYGYTF	0.0008548320371938334
CATLPWAISNQPQHF	0.0008334866474422632
CASSRDRLANYGYTF	0.000790795867939123
CASSTQTGLYNEQFF	0.0007887629736770687
CASSEKGGPGNTIYF	0.0007653846896634442
CASSHQGLDGYTF	0.0007308254872085211
CASSGGTSGTGHEQFF	0.0007226939101603038
CASSFGDGSYEQYF	0.0007216774630292767
CSGQIGLAGTDTQYF	0.0007145623331120867
CASSHRQNNSPLHF	0.0007043978618018152
CASSYGTGAVPSSYEQYF	0.0007003320732777066
CASSHLTGRRRETQYF	0.0006972827318846251
CASSEETGAPDTQYF	0.0006911840490984622
CANDYRGGYGYTF	0.0006901676019674351
CAWIWGRGRSNGYTF	0.000675937342133055
CASRNRVRGDEQYF	0.0006718715536089463
CASSVVGGSSGNTIYF	0.0006678057650848378
CASSETSGAYNEQFF	0.0006617070822986748
CASRQPGLGYGYTF	0.0006576412937745662
CASSPVMGETYEQYF	0.000655608399512512
CASSFGLAGNLNEQFF	0.0006545919523814848
CASRKVAVTQYF	0.0006484932695953219
CASSYSIGNGVSSNQPQHF	0.0006301972212368332
CASSRRQKNVAFF	0.0006291807741058061
CASGLSVRGEQYF	0.0006271478798437518
CASSDRTSGSYEQYF	0.0006240985384506703
CASGFGYEQYF	0.0006210491970575888
CASSRNTEAFF	0.0006200327499265617
CASSFTDLPNTGELFF	0.0006190163027955345
CASSYHGNDGETQYF	0.0006068189372232087
CASSSSLQGNSNQPQHF	0.0005986873601749915
CASSLVAGDHEQYF	0.0005925886773888286
CASSYGTSTDTQYF	0.0005875064417336929
CASSFDLETEYF	0.0005854735474716385
CASSLRDKQYF	0.0005692103933752042
CASSSSPNNEQFF	0.0005692103933752042
CASPPPGQGTYEQYF	0.000561078816326987
CSARTATYEQYF	0.0005580294749339055
CASSREFKYGYTF	0.0005580294749339055
CASSLLAGGFYEQYF	0.0005529472392787698
CASSLGTGVDSSYEQYF	0.0005519307921477426
CASSVVGRGDEQYF	0.0005509143450167155
CASSMGVTIYF	0.0005468485564926068
CASSPSTGIEQYF	0.0005387169794443897
CASSDYRGFNQPQHF	0.0005366840851823354
CASSLQVSYEQYF	0.0005326182966582267
CASSWGGAGNTIYF	0.0005305854023961725
CASSEVNALTTDGYTF	0.0005295689552651453
CSAHSGGRYEQYF	0.0005255031667410367
CASSTTGGKYEQYF	0.0005244867196100096
CASGLGTIVGYEQYF	0.0005234702724789825
CASSLMGQYSSGNTIYF	0.0005224538253479552
CASSQTDGGGNTIYF	0.0005183880368238466
CASRPGDQPQHF	0.0005183880368238466
CSASRDGTSVYNEQFF	0.0005163551425617924
