TCR	Abundance
CASSLTRLGVYGYTF	0.06775462392503144
CASSKREIHPTQYF	0.04670385649803222
CASSLEGGAAMGEKLFF	0.04254747144352235
CASSTGTAQYF	0.030096452457078603
CASSEALQNYGYTF	0.029783870110833378
CSARADRGQGYEQYF	0.029260054643234727
CASSPWAATNEKLFF	0.02477615156723241
CAWGWTGGTYEQYF	0.020657105700840558
CATSADRDGLYEQYF	0.0186653267232302
CASSLVGTGGSPYEQYF	0.01441719394934459
CASSLVGAEQYF	0.013335424327867943
CASRPSGGGDEQFF	0.011996547725350002
CASSPWDTDTQYF	0.011974144212479183
CASTKWGATNEKLFF	0.011869594485748699
CAWSTGFSNYGYTF	0.008764040868274812
CASSFGSGRTEAFF	0.007624662213701775
CSAQGQGNTGELFF	0.007209663808618524
CATQEASNQPQHF	0.006825603587975928
CASKGGSRDTQYF	0.006683714673127413
CASSTGQGQSYEQYF	0.005859052032692059
CASSPEGLAGPTYEQYF	0.005559271693801588
CSAREDLRLEQYF	0.005154941628180632
CASSLGVPGELFF	0.004570316625646901
CASKGTEYGYTF	0.004445497053938058
CAWTRRYEQYF	0.004033699150693495
CATAHSYNEQFF	0.003915280582662028
CATEPGQGSNYGYTF	0.00372325047234073
CASSQDLADRDSLFSGNTIYF	0.003692312287900076
CASSDRGGGTDTQYF	0.00366564143924434
CASSYMALQGYEQYF	0.0035568243767289376
CASSLWSGTNEKLFF	0.003550423373051561
CASSLWKSTNEKLFF	0.003450140982105994
CASSLIGQGSGIGGYTF	0.003373328937977475
CASSRTYEQYF	0.003324254576450921
CASSEAMGVGFYEQYF	0.003275180214924367
CASSFRDRDNEQYF	0.0032474425323224016
CASSGTGSSGNTIYF	0.003246375698376172
CASSYSVGRVTYEQYF	0.0030650139275171682
CASSEGRTTNHEQYF	0.0030340757430765146
CASTREANYGYTF	0.002920991344776194
CAWRTSVTDTQYF	0.002911389839260129
CATSRVRGQSAGEQYF	0.002903922001636523
CASSYRGLAELNSYEQYF	0.0027865702675512853
CASSPTVAEKLFF	0.002781236097820138
CASSSLRGDEAFF	0.0027502979133794845
CSAESGTGGTEAFF	0.0026990898839604717
CASSYDFRGDTIYF	0.0026958893821217834
CASSFPAQGAYEQYF	0.0026884215444981773
CASRTGGTDTQYF	0.0026692185334660475
CASSAAGQGNYGYTF	0.002668151699519818
CASSSGLAGGWLEQYF	0.0026521491903263765
CASSVDQPYEQYF	0.002638280349025394
CASSLDSGGRYEQYF	0.0026350798471867056
CSVEVWDSHYNEQFF	0.002634013013240476
CASSRDSYEQYF	0.0026318793453480173
CASSMTTSGRGKTQYF	0.0026126763343158874
CATEGTHTYEQYF	0.002598807493014905
CAWINQGADFGYTF	0.0025518667993808097
CASRVTGGSNQPQHF	0.0025315969544024504
CASSLWVFEDGEQYF	0.002528396452563762
CSATTEGDEQYF	0.002491057264445732
CASSLTGGDSYEQYF	0.0024878567626070436
CASSYFQGGNQPQHF	0.002462252747897537
CASSTTSYGYTF	0.0023769060321991824
CASSLGNRGHGYTF	0.002371571862468035
CASSLYPLAKNIQYF	0.0023705050285218058
CASSSRDRANTGELFF	0.0023491683495972166
CASSADRVRTYEQYF	0.002312895995425416
CAWSRKVVGGPYEQYF	0.0023075618256942687
CAWSVHTGEDGYTF	0.0022904924825545977
CATSDDRAEAFF	0.00228622514676968
CASQGRGDHLYEQYF	0.0022798241430923034
CASTFRTGQPQHF	0.002271289471522468
CASSPGLALSYEQYF	0.0022627547999526324
CASTLLAGGHYEQYF	0.002261687966006403
CAISEYLAQSHEQYF	0.0022414181210280437
CASSRGQGESGELFF	0.002239284453135585
CASNQAGVDEQYF	0.0022360839512968965
CASSSGQGVGQPQHF	0.0022307497815657494
CASSPWSATNEKLFF	0.002212613604479849
CASSPGTGGIRYGYTF	0.0022115467705336195
CASSHGTGSGGYTF	0.002205145766856243
CASTIGGGEKYEQYF	0.0021870095897703425
CASSIDPGSGNTIYF	0.0021550045713834595
CASSRDRSYEQYF	0.0021432693979749357
CTFTLGHGMANEQFF	0.002121932719050347
CSARVLTNTGELFF	0.002106997043803135
CASSHKQGNTGELFF	0.002080326195147399
CASSSEQGDRYEQYF	0.0020739251914700225
CASSTPGQGSDEQYF	0.0020664573538464164
CASSYPRQGYSPLHF	0.0020643236859539576
CASSSSQVAGVQYF	0.0020248508299434685
CSARDGSARASEQYF	0.0019832443060405205
CASSQDRGANYGYTF	0.001955506623438555
CASKIRDGPPGQYF	0.0019416377821375726
CASTPLGQGYEQYF	0.0019299026087290488
CSAVPGLEAGYEQYF	0.00192776894083659
CASSLGRVPYEQYF	0.0019074990958582306
CASSLAFPFPGTSGPYEQYF	0.0018904297527185597
CAWSRDRTNSGANVLTF	0.0018797614132562653
