TCR	Abundance
CASSSRTASNQPQHF	0.044455661942787175
CASSLVGRGQNEQYF	0.016013575559696482
CASRYGGGTEAFF	0.009923905980656976
CASEWMGGGLGNEQFF	0.005300267966941794
CASSLGTYNEQFF	0.004944768737548129
CASKSTGTNYGYTF	0.004074815940542486
CASSQDPGPQETQYF	0.00335629937116375
CASSPAQINQPQHF	0.0031672725905798073
CASSPRQGATFNEQFF	0.002150179629142345
CARGDSGGTYEQYF	0.002065332381039325
CASSAGLEAFF	0.00190637804282101
CASQTGALGNEKLFF	0.0015326205448482147
CASSYPTGVGSEQFF	0.00147677172331205
CASSLIGVSSYNEQFF	0.0014617355021292362
CASSPPGQDYNEQFF	0.0013919244752090302
CAISESGPNSNQPQHF	0.001326409511483914
CASSDNSREATDTQYF	0.001321039432490052
CASSELIEGGLYQPQHF	0.0012544504529661631
CSARLAGDTGELFF	0.0012114898210152671
CASSYSGQGGTEAFF	0.0012061197420214051
CASSFSDESGELFF	0.0011728252522594607
CASSAGQSTDTQYF	0.0011416787940950611
CASSYHTEVRPQHF	0.0011180504465220684
CASSVDTEAGELFF	0.001090126035753986
CASSDSEVGAPGELFF	0.0010439433564067727
CASRAGGLGYTF	0.001041795324809228
CSARTSGTDYNEQFF	0.001031055166821504
CSARTGGDAYEQYF	0.0010267591036264144
CASSEDISGANVLTF	0.000988094534870608
CATSRVAGETQYF	0.0009494299661148016
CASSNSPDKSYEQYF	0.000934393744931988
CASSGTGDTGELFF	0.0009311716975356708
CASSLGCYEQYF	0.0009300976817368983
CASSLSPSTGNYGYTF	0.0008892850813835471
CATSRPIRTGTTGELFF	0.0008882110655847748
CASWDLYNEQFF	0.0008667307496093268
CASSVHTSGKEYEKLFF	0.0008570646074203751
CASSEAGSSSGANVLTF	0.0008559905916216028
CASSEYGGQGNSPLHF	0.0008087338964756171
CASSMEGPGGNQPQHF	0.0008076598806768448
CASSELADNTGELFF	0.0007883275962989416
CASSSRDNYGYTF	0.0007797354699087623
CASSLGAGRSYGYTF	0.0007754394067136728
CASSETPGQGASEQYF	0.000773291375116128
CASSWDRALGNQPQHF	0.0007636252329271763
CASSETPGQGGSEQFF	0.000719590585177508
CASSISENYGYTF	0.0007185165693787356
CASSADRYGYTF	0.0007120724745861011
CASGALAGLPTDTQYF	0.0007056283797934668
CASRTGDTGELFF	0.000703480348195922
CASSEGYSGANVLTF	0.0007024063323971496
CASSELQGVGTGELFF	0.0006562236530499363
CASSEEGIVGELFF	0.000649779558257302
CASSEGTGGYHPNYGYTF	0.0006454834950622123
CASVLRAGSSEKLFF	0.00064440947926344
CASSTGLADYNEQFF	0.0006347433370744883
CATSRDPPFYEQYF	0.000628299242281854
CASSEGGSGANVLTF	0.0006197071158916748
CASSYSPANYGYTF	0.0006164850684953576
CASSASPTGSDTQYF	0.000601448847312544
CASRGQYNQPQHF	0.0005950047525199096
CASSEGPGEDYEQYF	0.0005842645945321856
CASSGGGGTYNEQFF	0.0005767464839407788
CASSLWAGKTGNTIYF	0.0005756724681420063
CASSAEWTDRGQYF	0.0005703023891481443
CASSFKGVGGYTF	0.0005660063259530548
CASSEEAGSTGELFF	0.0005660063259530548
CSARFGTDYGYTF	0.0005617102627579652
CASSVEGGAAYNSPLHF	0.0005606362469591928
CASSYLSETGELFF	0.0005563401837641032
CASSEGGGNQPQHF	0.0005552661679653308
CASSEGTGVSEQYF	0.0005552661679653308
CASSEGYEQYF	0.000553118136367786
CSARVREYEQYF	0.0005520441205690136
CASSEVVDTGELFF	0.0005402299467825172
CASSYEKPSGELFF	0.0005380819151849723
CASSEGTGDTGELFF	0.0005359338835874276
CASSHIGGGEKLFF	0.0005284157729960208
CASSYRDRGTSPLHF	0.0005273417571972483
CASSLSVRMGGYTF	0.0005230456940021588
CASSEAQGTGEDEQYF	0.0005230456940021588
CASSEASGSTGELFF	0.000520897662404614
CSVDSGGFGGEQFF	0.0005187496308070692
CATSRTDFPYQPQHF	0.0005187496308070692
CASSTLEDRDTGELFF	0.000515527583410752
CASSESSGGIYQPQHF	0.0005133795518132072
CASSYIETGELFF	0.0005123055360144348
CASSEVENYGYTF	0.0005015653780267108
CASSATGNYGYTF	0.0005015653780267108
CASSGQGDTGELFF	0.0004961952990328488
CASSELGGYEQYF	0.00048652915684389717
CASSLTLAGGDEQYF	0.0004843811252463524
CASSLNEGQGYEQYF	0.00048330710944758
CASTRRYLAYEQYF	0.00048223309364880756
CAWSPDLYEQYF	0.0004800850620512628
CASSDEVLYGYTF	0.0004790110462524904
CASSSSRWETQYF	0.00047578899885617317
CASSESYGQPNTEAFF	0.0004747149830574008
CASKSDTTEAFF	0.0004682708882647664
CASSYVAGFGGYTF	0.00046612285666722156
