TCR	Abundance
CASSYSPPTSSEPYEQYF	0.12749888617537375
CASSLGRTYHNEQFF	0.03959852810138279
CASSFQGYTEAFF	0.0357878040328702
CASSQDPGQASHDEQYF	0.03344670967954853
CASSDTLLPGQGGYGYTF	0.025215751955381012
CSAAGGLAMDTQYF	0.020406710999636975
CASSVDGKGAFF	0.013391678492458994
CSTWEPWTEAFF	0.006116753572489357
CATSRVGYEQYF	0.005385548331738227
CASTKNGPAATNYGYTF	0.005227756509686149
CAWKGGAAGGPADEQFF	0.004875045378040329
CAGMGLSGANVLTF	0.00441920233655655
CAISDYTGALAYGYTF	0.004192312134913039
CASSLGTAYEQYF	0.0038086614303158312
CASSPLRTSGGAMNEQFF	0.003726155902445464
CASSHIGDREQYF	0.00363539982178806
CSALKDKGSYEQYF	0.003339411240553117
CASRTGATNEKLFF	0.003241435926207056
CASSIGVEQTQYF	0.0017326160852777137
CASSLVDNYEQYF	0.0014861308207649913
CASYTLDRGKRKNTEAFF	0.0013056499785485628
CASSAEGVGTEAFF	0.001279867001089073
CASSWGTYTGELFF	0.0011726098148575955
CASSPQTGAIYGYTF	0.001166421900267318
CASSQEYGPYEQYF	0.0011468268373981056
CSARDRQGDEQYF	0.0010045048018217221
CASPTHRGDNQPQHF	0.0009436569750173262
CASSPLSGSMNTEAFF	0.0009385003795254282
CASSQGPFDRGRYEQYF	0.0009343751031319098
CASSLVTGGGIGDEQYF	0.0009281871885416323
CASRRRDSNNQPQHF	0.0008663080426388568
CASSLGEAGYTF	0.0008271179169004324
CATESASNTQYF	0.0007817398765717303
CASDGWVGTGELFF	0.0007662700900960364
CAADRDRDNYGYTF	0.0006971717105046038
CASSLFGLAWEQYF	0.0006920151150127059
CATSEEQGYEQYF	0.0006858272004224283
CSVPGLVGETQYF	0.00068170192402891
CASSTDRTTENIQYF	0.0006280733309131711
CATSDSTGVTGNTIYF	0.0006280733309131711
CATLGGVGNQPQHF	0.0006105409062407181
CASSFQGEGTEAFF	0.0005775386950925712
CASRLDLMVSGNTIYF	0.0005517557176330815
CASSETVRGTEAFF	0.000547630441239563
CASSEEPGSLKPQHF	0.0005177221873865549
CASSQHLGEQYF	0.0005001897627141019
CASGLAGSSSGANVLTF	0.0004981271245173426
CASSIDRGSTGEQYF	0.00047956338074651
CASMTGVNYGYTF	0.00047543810435299164
CASSFGSPYEQYF	0.0004702815088610937
CASSRPGQGFTEAFF	0.0004661562324675753
CAISVASGLYEQYF	0.0004599683178772978
CASSGSGLAGAPGELFF	0.0004589369987789182
CASSETAAGNQPQHF	0.0004579056796805386
CASSPWGGKNPPGYTF	0.0004383106168113264
CASRYYGYTF	0.0004218095112372529
CASSQVGHEQYF	0.0004094336820566978
CASGSTDPQNGNTIYF	0.0003970578528761427
CASSLGSYGYTF	0.0003857133427939672
CASSPILSYEQYF	0.00037849410910531007
CASSLIAGSNQPQHF	0.00036921223721989374
CASSVEGRSTEAFF	0.00036611827992475495
CASTQWDRGTLNTEAFF	0.0003527111316458203
CASSLRHPGEAFF	0.0003465232170555427
CAPLVRSNQPQHF	0.000338272664268506
CASSFSGGSTGELFF	0.0003372413451701264
CSAPGDRGHYEQYF	0.00031970892049767335
CASSFGGSNQPQHF	0.00031867760139929377
CASSRNPNYGYTF	0.00031558364410415497
CASSLSMGTSGYNEQFF	0.00031558364410415497
CASSYEGGFSGANVLTF	0.0003145523250057754
CASSYSGGGGIGTTDTQYF	0.0003145523250057754
CASSTPTNEKLFF	0.0003135210059073958
CASTGLGNTIYF	0.0003114583677106366
CASTSRGTSGRYYEQYF	0.0003114583677106366
CASAGAVASESTDTQYF	0.0003073330913171182
CASSYVTGYNQPQHF	0.00030630177221873864
CASERSLNTEAFF	0.00030527045312035906
CASRETSGGLSYEQYF	0.0002990825385300815
CASSLEGTGVLFTDTQYF	0.00029805121943170194
CASSYDRGNQPQHF	0.00029495726213656315
CASSGEGDTEAFF	0.00029392594303818357
CASSLAGAGDEQFF	0.000292894623939804
CASSRISGTESYGYTF	0.0002908319857430448
CASSLQGAPGYTF	0.0002908319857430448
CASSDRANYGYTF	0.0002887693475462856
CASSISGTGYEQYF	0.00028773802844790603
CASSTDRGLNGYTF	0.00028361275205438766
CASSLGSDSPNYGYTF	0.00028051879475924886
CASSPGQGALREQYF	0.0002784561565624897
CASSLVPGNTIYF	0.0002753621992673509
CASESTGTDTQYF	0.00027329956107059175
CASSMGLALNNEQFF	0.00027123692287383253
CASSHRVGNQPQHF	0.00026917428467707337
CASSKTGPEANVLTF	0.000265049008283555
CAKQGMDGYTF	0.00026298637008679584
CASSYSGRSNTEAFF	0.0002609237318900366
CAWRGGRSPLHF	0.00025886109369327746
CASSYEEGGYGYTF	0.00025679845549651825
CASSGPTGAEGSPLHF	0.0002526731791029999
