TCR	Abundance
CASSPRDGRYEQYF	0.013014402327379427
CASSLYSATGELFF	0.0040991720381033355
CASRPAGYSVTEAFF	0.00386159928144661
CASSEGDSSYEQYF	0.002634140038720191
CSATQGGTEDGYTF	0.0021558685680823086
CASSLLDGQGSYEQYF	0.00190579198212786
CASSTLPGQLNTEAFF	0.0017984674473224091
CASSFITESYEQYF	0.0015327610747458075
CASSLDTLLNYGYTF	0.0015108793734747933
CASSFQGYTEAFF	0.001225375271176798
CASSEFSGRTDTQYF	0.0011857798117340102
CASSPEGKENNSPLHF	0.0011836958401843897
CASSLGTGVREKLFF	0.0011670240677874265
CASRTGTGNEKLFF	0.001102420949749194
CATLTGSGEQYF	0.0010065582584666555
CASSENQGEGQPQHF	0.0010013483295926045
CSASEREARGLYYEQYF	0.0009950964149437432
CASSQLTYSNQPQHF	0.0009575849270505759
CASSGVGDLYNSPLHF	0.0009555009555009555
CATQEGYEQYF	0.0009513330124017147
CASSLGTGNEQYF	0.0009106955671841168
CASSQVDEQFF	0.0009096535814093066
CASSHHTSGSYEQYF	0.0008961077663367739
CASSMTAANQPQHF	0.0008596382642184169
CASSNGGLSYEQYF	0.0008513023780199353
CASSIRSTGELFF	0.0008221267763252496
CASSYISNQNQPQHF	0.000798161103504615
CASSTEPYSNQPQHF	0.0007616916013862578
CASSLQVALGYTF	0.0007512717436381558
CASSPGGGVRYGYTF	0.0007418938716648641
CASRELASSSYEQYF	0.0007345999712411926
CASKPVLAGGLLTYEQYF	0.0007148022415197988
CAGKGQGGWTAF	0.0007116762841953681
CASSRQEVPSPQHF	0.0007095923126457477
CASSELVAGTLYEQYF	0.000705424369546507
CASSQQHLTGGLSEQYF	0.0007012564264472661
CAWTLGAEGYTF	0.0006981304691228356
CASSPPTGSSTEAFF	0.0006908365686991642
CASREDTGDTEAFF	0.0006887525971495437
CASSETGTGTYNEQFF	0.0006877106113747335
CASRPRGGSNQPQHF	0.0006877106113747335
CSARDRRVSYEQYF	0.0006762487678518213
CASSEGPGEDYEQYF	0.000633527351084603
CASSRRWAFF	0.0006251914648861213
CASSLDQGARGNQPQHF	0.0006085196924891581
CATRGRGLDGYTF	0.0005908059343173847
CASSLVQNQPQHF	0.0005908059343173847
CASSKGTSGYTGELFF	0.0005897639485425745
CASSYQTSGNYGYTF	0.0005803860765692827
CASSSHGSASSYNEQFF	0.0005772601192448521
CASRPGHNQPQHF	0.0005751761476952316
CASSFSQISGNTIYF	0.0005553784179738379
CASRTGSEQPQHF	0.0005480845175501664
CASSEGDPSNYNEQFF	0.000540790617126495
CASRKGETDINTGELFF	0.0005376646598020644
CACKLAGGHEQYF	0.000535580688252444
CASSETGGGGYTF	0.0005334967167028236
CASSQEFSGLAGVEQFF	0.0005251608305043419
CASSLIPKVLTPTNYEQYF	0.0005147409727562399
CASSPRLAGGPYEQYF	0.0005126570012066196
CASSETRGATNYGYTF	0.0005105730296569991
CSAMTGSYEQYF	0.0005105730296569991
CARGLGGSYEQYF	0.0005074470723325685
CASSSGTGGTEAFF	0.0005022371434585175
CASSYSDYYEQYF	0.0005022371434585175
CASSLAGSGYTF	0.0004991111861340869
CASSLGWAYEQYF	0.0004928592714852257
CASSEAPRTGAYGYTF	0.0004918172857104155
CASSLGWGADNEQFF	0.0004699355844394012
CASRSGVEANTEAFF	0.00046889359866459106
CASSERLGLGSNQPQHF	0.00046368366979054003
CATSGGTHYEQYF	0.00046368366979054003
CATSPGATNYGYTF	0.0004615996982409196
CASSYSLGQSAYEQYF	0.0004595157266912992
CSARTGAEGYTF	0.00044805388316838696
CASRWTGTYEQYF	0.00044492792584395637
CATSDQRRKDYEQYF	0.00044388594006914615
CASSFWGHGNTIYF	0.000442843954294336
CASETGTGAGGYTF	0.00043659203964547475
CASSTTSGRETQYF	0.00043555005387066454
CASSEEAFQETQYF	0.00043346608232104416
CASSATGTGAWGYNEQFF	0.00043242409654623394
CASSEKGNTEAFF	0.00042513019612256254
CASSIGQGPYEQYF	0.00042513019612256254
CASNKGRGYEQYF	0.0004230462245729421
CASSPQGGSGEQYF	0.0004199202672485115
CASSYSPGSEETQYF	0.0004188782814737013
CASSIFDSGFTNEQFF	0.0004084584237255993
CASSEGTSGSEQYF	0.0004074164379507891
CASSNNRGAYEQYF	0.0004042904806263585
CASSLQQETYGYTF	0.0004032484948515483
CASSPKIITYEQYF	0.0003990805517523075
CASSEVGTEYGYTF	0.0003990805517523075
CASSSSDRVRGYTF	0.00039074466555382586
CASSLQTGNTIYF	0.00038866069400420543
CASRRRQGYSYNEQFF	0.00038761870822939527
CASSMGLAVYEQYF	0.00038657672245458505
CASSLWDRVNQPQHF	0.00038240877935534425
CASSFGPGDEKLFF	0.00038240877935534425
CSASRGFDQPQHF	0.0003803248078057238
